--2026-09-01 15:12:44--  https://costruisciearreda.it/
Risoluzione di costruisciearreda.it (costruisciearreda.it)... 89.40.173.77
Connessione a costruisciearreda.it (costruisciearreda.it)|89.40.173.77|:443... connesso.
Richiesta HTTP inviata, in attesa di risposta... 200 OK
Lunghezza: non specificato [text/html]
Salvataggio in: ‘costruisciearreda-static/costruisciearreda.it/index.html’

     0K .......... .......... .......... .......... .......... 1,24M
    50K .......... .......... .......... .......... .          2,22M=0,06s

2026-09-01 15:12:44 (1,55 MB/s) - ‘costruisciearreda-static/costruisciearreda.it/index.html’ salvato [93872]

Caricamento di robots.txt; ignorare eventuali errori.
--2026-09-01 15:12:44--  https://costruisciearreda.it/robots.txt
Riutilizzo della connessione esistente a costruisciearreda.it:443.
Richiesta HTTP inviata, in attesa di risposta... 200 OK
Lunghezza: 92 [text/plain]
Salvataggio in: ‘costruisciearreda-static/costruisciearreda.it/robots.txt’

     0K                                                       100%  205M=0s

2026-09-01 15:12:44 (205 MB/s) - ‘costruisciearreda-static/costruisciearreda.it/robots.txt’ salvato [92/92]

--2026-09-01 15:12:44--  https://costruisciearreda.it/feed/
Riutilizzo della connessione esistente a costruisciearreda.it:443.
Richiesta HTTP inviata, in attesa di risposta... 200 OK
Lunghezza: non specificato [application/rss+xml]
Salvataggio in: ‘costruisciearreda-static/costruisciearreda.it/feed/index.html’

     0K .......... .......... .......... .......... ..........  556M
    50K .                                                      2,48T=0s

2026-09-01 15:12:44 (571 MB/s) - ‘costruisciearreda-static/costruisciearreda.it/feed/index.html’ salvato [52562]

--2026-09-01 15:12:44--  https://costruisciearreda.it/comments/feed/
Riutilizzo della connessione esistente a costruisciearreda.it:443.
Richiesta HTTP inviata, in attesa di risposta... 200 OK
Lunghezza: non specificato [application/rss+xml]
Salvataggio in: ‘costruisciearreda-static/costruisciearreda.it/comments/feed/index.html’

     0K                                                        85,1M=0s

2026-09-01 15:12:44 (85,1 MB/s) - ‘costruisciearreda-static/costruisciearreda.it/comments/feed/index.html’ salvato [771]

--2026-09-01 15:12:44--  https://costruisciearreda.it/homepage/feed/
Riutilizzo della connessione esistente a costruisciearreda.it:443.
Richiesta HTTP inviata, in attesa di risposta... 200 OK
Lunghezza: non specificato [application/rss+xml]
Salvataggio in: ‘costruisciearreda-static/costruisciearreda.it/homepage/feed/index.html’

     0K                                                         189M=0s

2026-09-01 15:12:45 (189 MB/s) - ‘costruisciearreda-static/costruisciearreda.it/homepage/feed/index.html’ salvato [752]

--2026-09-01 15:12:45--  https://costruisciearreda.it/wp-json/oembed/1.0/embed?url=https%3A%2F%2Fcostruisciearreda.it%2F
Riutilizzo della connessione esistente a costruisciearreda.it:443.
Richiesta HTTP inviata, in attesa di risposta... 200 OK
Lunghezza: non specificato [application/json]
Salvataggio in: ‘costruisciearreda-static/costruisciearreda.it/wp-json/oembed/1.0/embed?url=https:%2F%2Fcostruisciearreda.it%2F’

     0K ..                                                     1,37G=0s

Intestazione Last-modified mancante -- marche temporali disattivate.
2026-09-01 15:12:45 (1,37 GB/s) - ‘costruisciearreda-static/costruisciearreda.it/wp-json/oembed/1.0/embed?url=https:%2F%2Fcostruisciearreda.it%2F’ salvato [2696]

--2026-09-01 15:12:45--  https://costruisciearreda.it/wp-json/oembed/1.0/embed?url=https%3A%2F%2Fcostruisciearreda.it%2F&format=xml
Riutilizzo della connessione esistente a costruisciearreda.it:443.
Richiesta HTTP inviata, in attesa di risposta... 200 OK
Lunghezza: non specificato [text/xml]
Salvataggio in: ‘costruisciearreda-static/costruisciearreda.it/wp-json/oembed/1.0/embed?url=https:%2F%2Fcostruisciearreda.it%2F&format=xml’

     0K ..                                                     1,38G=0s

Intestazione Last-modified mancante -- marche temporali disattivate.
2026-09-01 15:12:45 (1,38 GB/s) - ‘costruisciearreda-static/costruisciearreda.it/wp-json/oembed/1.0/embed?url=https:%2F%2Fcostruisciearreda.it%2F&format=xml’ salvato [2867]

--2026-09-01 15:12:45--  https://costruisciearreda.it/wp-content/cache/wpo-minify/1788241814/assets/wpo-minify-header-024f8e79.min.css
Riutilizzo della connessione esistente a costruisciearreda.it:443.
Richiesta HTTP inviata, in attesa di risposta... 200 OK
Lunghezza: 711907 (695K) [text/css]
Salvataggio in: ‘costruisciearreda-static/costruisciearreda.it/wp-content/cache/wpo-minify/1788241814/assets/wpo-minify-header-024f8e79.min.css’

     0K .......... .......... .......... .......... ..........  7% 1,84M 0s
    50K .......... .......... .......... .......... .......... 14% 2,61M 0s
   100K .......... .......... .......... .......... .......... 21% 9,12M 0s
   150K .......... .......... .......... .......... .......... 28%  715M 0s
   200K .......... .......... .......... .......... .......... 35% 2,26M 0s
   250K .......... .......... .......... .......... .......... 43% 6,76M 0s
   300K .......... .......... .......... .......... .......... 50%  496M 0s
   350K .......... .......... .......... .......... .......... 57% 7,79M 0s
   400K .......... .......... .......... .......... .......... 64%  433M 0s
   450K .......... .......... .......... .......... .......... 71% 1,92M 0s
   500K .......... .......... .......... .......... .......... 79% 13,7M 0s
   550K .......... .......... .......... .......... .......... 86% 13,7M 0s
   600K .......... .......... .......... .......... .......... 93% 52,0M 0s
   650K .......... .......... .......... .......... .....     100%  352M=0,1s

2026-09-01 15:12:46 (5,68 MB/s) - ‘costruisciearreda-static/costruisciearreda.it/wp-content/cache/wpo-minify/1788241814/assets/wpo-minify-header-024f8e79.min.css’ salvato [711907/711907]

--2026-09-01 15:12:46--  https://costruisciearreda.it/wp-includes/js/jquery/jquery.min.js?ver=3.7.1
Riutilizzo della connessione esistente a costruisciearreda.it:443.
Richiesta HTTP inviata, in attesa di risposta... 200 OK
Lunghezza: 87553 (86K) [application/javascript]
Salvataggio in: ‘costruisciearreda-static/costruisciearreda.it/wp-includes/js/jquery/jquery.min.js?ver=3.7.1’

     0K .......... .......... .......... .......... .......... 58% 20,8M 0s
    50K .......... .......... .......... .....                100% 37,7M=0,003s

2026-09-01 15:12:46 (25,6 MB/s) - ‘costruisciearreda-static/costruisciearreda.it/wp-includes/js/jquery/jquery.min.js?ver=3.7.1’ salvato [87553/87553]

--2026-09-01 15:12:46--  https://costruisciearreda.it/wp-includes/js/jquery/jquery-migrate.min.js?ver=3.4.1
Riutilizzo della connessione esistente a costruisciearreda.it:443.
Richiesta HTTP inviata, in attesa di risposta... 200 OK
Lunghezza: 13577 (13K) [application/javascript]
Salvataggio in: ‘costruisciearreda-static/costruisciearreda.it/wp-includes/js/jquery/jquery-migrate.min.js?ver=3.4.1’

     0K .......... ...                                        100%  409M=0s

2026-09-01 15:12:46 (409 MB/s) - ‘costruisciearreda-static/costruisciearreda.it/wp-includes/js/jquery/jquery-migrate.min.js?ver=3.4.1’ salvato [13577/13577]

--2026-09-01 15:12:46--  https://costruisciearreda.it/wp-content/themes/jeansolutions/js/bootstrap/bootstrap.min.js?ver=1.0.0
Riutilizzo della connessione esistente a costruisciearreda.it:443.
Richiesta HTTP inviata, in attesa di risposta... 200 OK
Lunghezza: 37045 (36K) [application/javascript]
Salvataggio in: ‘costruisciearreda-static/costruisciearreda.it/wp-content/themes/jeansolutions/js/bootstrap/bootstrap.min.js?ver=1.0.0’

     0K .......... .......... .......... ......               100%  642M=0s

2026-09-01 15:12:46 (642 MB/s) - ‘costruisciearreda-static/costruisciearreda.it/wp-content/themes/jeansolutions/js/bootstrap/bootstrap.min.js?ver=1.0.0’ salvato [37045/37045]

--2026-09-01 15:12:46--  https://costruisciearreda.it/wp-json/
Riutilizzo della connessione esistente a costruisciearreda.it:443.
Richiesta HTTP inviata, in attesa di risposta... 200 OK
Lunghezza: non specificato [application/json]
Salvataggio in: ‘costruisciearreda-static/costruisciearreda.it/wp-json/index.html’

     0K .......... .......... .......... .......... .......... 12,2M
    50K .......... .......... .......... .......... ..........  334M
   100K .......... .......... .......... .......... ..........  300M
   150K .......... .......... .......... .......... .......... 2,39M
   200K .......... .......... .......... .......... .......... 13,3M
   250K .......... .......... .......... .......... ..........  633M
   300K .......... .......... .......... .......... .......... 87,1M
   350K ....                                                    112M=0,03s

Intestazione Last-modified mancante -- marche temporali disattivate.
2026-09-01 15:12:46 (11,9 MB/s) - ‘costruisciearreda-static/costruisciearreda.it/wp-json/index.html’ salvato [363307]

--2026-09-01 15:12:46--  https://costruisciearreda.it/wp-json/wp/v2/pages/2
Riutilizzo della connessione esistente a costruisciearreda.it:443.
Richiesta HTTP inviata, in attesa di risposta... 200 OK
Lunghezza: non specificato [application/json]
Salvataggio in: ‘costruisciearreda-static/costruisciearreda.it/wp-json/wp/v2/pages/2’

     0K .......... .......... .......... ........               398M=0s

Intestazione Last-modified mancante -- marche temporali disattivate.
2026-09-01 15:12:47 (398 MB/s) - ‘costruisciearreda-static/costruisciearreda.it/wp-json/wp/v2/pages/2’ salvato [39195]

--2026-09-01 15:12:47--  https://costruisciearreda.it/xmlrpc.php?rsd
Riutilizzo della connessione esistente a costruisciearreda.it:443.
Richiesta HTTP inviata, in attesa di risposta... 200 OK
Lunghezza: non specificato [text/xml]
Salvataggio in: ‘costruisciearreda-static/costruisciearreda.it/xmlrpc.php?rsd’

     0K                                                         416M=0s

Intestazione Last-modified mancante -- marche temporali disattivate.
2026-09-01 15:12:47 (416 MB/s) - ‘costruisciearreda-static/costruisciearreda.it/xmlrpc.php?rsd’ salvato [835]

--2026-09-01 15:12:47--  https://costruisciearreda.it/wp-content/themes/costruisciarreda-child/images/favicon/apple-touch-icon.png
Riutilizzo della connessione esistente a costruisciearreda.it:443.
Richiesta HTTP inviata, in attesa di risposta... 200 OK
Lunghezza: 2423 (2,4K) [image/png]
Salvataggio in: ‘costruisciearreda-static/costruisciearreda.it/wp-content/themes/costruisciarreda-child/images/favicon/apple-touch-icon.png’

     0K ..                                                    100% 2,00G=0s

2026-09-01 15:12:47 (2,00 GB/s) - ‘costruisciearreda-static/costruisciearreda.it/wp-content/themes/costruisciarreda-child/images/favicon/apple-touch-icon.png’ salvato [2423/2423]

--2026-09-01 15:12:47--  https://costruisciearreda.it/wp-content/themes/costruisciarreda-child/images/favicon/favicon-32x32.png
Riutilizzo della connessione esistente a costruisciearreda.it:443.
Richiesta HTTP inviata, in attesa di risposta... 200 OK
Lunghezza: 934 [image/png]
Salvataggio in: ‘costruisciearreda-static/costruisciearreda.it/wp-content/themes/costruisciarreda-child/images/favicon/favicon-32x32.png’

     0K                                                       100% 1,11G=0s

2026-09-01 15:12:47 (1,11 GB/s) - ‘costruisciearreda-static/costruisciearreda.it/wp-content/themes/costruisciarreda-child/images/favicon/favicon-32x32.png’ salvato [934/934]

--2026-09-01 15:12:47--  https://costruisciearreda.it/wp-content/themes/costruisciarreda-child/images/favicon/favicon-16x16.png
Riutilizzo della connessione esistente a costruisciearreda.it:443.
Richiesta HTTP inviata, in attesa di risposta... 200 OK
Lunghezza: 729 [image/png]
Salvataggio in: ‘costruisciearreda-static/costruisciearreda.it/wp-content/themes/costruisciarreda-child/images/favicon/favicon-16x16.png’

     0K                                                       100%  813M=0s

2026-09-01 15:12:47 (813 MB/s) - ‘costruisciearreda-static/costruisciearreda.it/wp-content/themes/costruisciarreda-child/images/favicon/favicon-16x16.png’ salvato [729/729]

--2026-09-01 15:12:47--  https://costruisciearreda.it/wp-content/themes/costruisciarreda-child/images/favicon/site.webmanifest
Riutilizzo della connessione esistente a costruisciearreda.it:443.
Richiesta HTTP inviata, in attesa di risposta... 200 OK
Lunghezza: 291
Salvataggio in: ‘costruisciearreda-static/costruisciearreda.it/wp-content/themes/costruisciarreda-child/images/favicon/site.webmanifest.html’

     0K                                                       100%  268M=0s

2026-09-01 15:12:47 (268 MB/s) - ‘costruisciearreda-static/costruisciearreda.it/wp-content/themes/costruisciarreda-child/images/favicon/site.webmanifest.html’ salvato [291/291]

--2026-09-01 15:12:47--  https://costruisciearreda.it/wp-content/themes/costruisciarreda-child/images/favicon/safari-pinned-tab.svg
Riutilizzo della connessione esistente a costruisciearreda.it:443.
Richiesta HTTP inviata, in attesa di risposta... 200 OK
Lunghezza: 959 [image/svg+xml]
Salvataggio in: ‘costruisciearreda-static/costruisciearreda.it/wp-content/themes/costruisciarreda-child/images/favicon/safari-pinned-tab.svg’

     0K                                                       100% 1,77G=0s

2026-09-01 15:12:47 (1,77 GB/s) - ‘costruisciearreda-static/costruisciearreda.it/wp-content/themes/costruisciarreda-child/images/favicon/safari-pinned-tab.svg’ salvato [959/959]

--2026-09-01 15:12:47--  https://costruisciearreda.it/la-nostra-storia/
Riutilizzo della connessione esistente a costruisciearreda.it:443.
Richiesta HTTP inviata, in attesa di risposta... 200 OK
Lunghezza: non specificato [text/html]
Salvataggio in: ‘costruisciearreda-static/costruisciearreda.it/la-nostra-storia/index.html’

     0K .......... .......... .......... .......... .......... 2,46M
    50K .......... .......... .......... ........               545M=0,02s

2026-09-01 15:12:47 (4,33 MB/s) - ‘costruisciearreda-static/costruisciearreda.it/la-nostra-storia/index.html’ salvato [90522]

--2026-09-01 15:12:47--  https://costruisciearreda.it/il-nostro-team/
Riutilizzo della connessione esistente a costruisciearreda.it:443.
Richiesta HTTP inviata, in attesa di risposta... 200 OK
Lunghezza: non specificato [text/html]
Salvataggio in: ‘costruisciearreda-static/costruisciearreda.it/il-nostro-team/index.html’

     0K .......... .......... .......... .......... .......... 30,0M
    50K .......... .......... .......... .......... .......... 2,65M
   100K ..                                                     4,29T=0,02s

2026-09-01 15:12:47 (4,98 MB/s) - ‘costruisciearreda-static/costruisciearreda.it/il-nostro-team/index.html’ salvato [104758]

--2026-09-01 15:12:47--  https://costruisciearreda.it/lavora-con-noi/
Riutilizzo della connessione esistente a costruisciearreda.it:443.
Richiesta HTTP inviata, in attesa di risposta... 200 OK
Lunghezza: non specificato [text/html]
Salvataggio in: ‘costruisciearreda-static/costruisciearreda.it/lavora-con-noi/index.html’

     0K .......... .......... .......... .......... .......... 13,2M
    50K .......... .......... ....                              322M=0,004s

2026-09-01 15:12:47 (19,4 MB/s) - ‘costruisciearreda-static/costruisciearreda.it/lavora-con-noi/index.html’ salvato [76688]

--2026-09-01 15:12:47--  https://costruisciearreda.it/contatti/
Riutilizzo della connessione esistente a costruisciearreda.it:443.
Richiesta HTTP inviata, in attesa di risposta... 200 OK
Lunghezza: non specificato [text/html]
Salvataggio in: ‘costruisciearreda-static/costruisciearreda.it/contatti/index.html’

     0K .......... .......... .......... .......... .......... 6,40M
    50K .......... .......... .......... .......                519M=0,008s

2026-09-01 15:12:48 (11,1 MB/s) - ‘costruisciearreda-static/costruisciearreda.it/contatti/index.html’ salvato [89623]

--2026-09-01 15:12:48--  https://costruisciearreda.it/dalla-progettazione-alla-realizzazione/
Riutilizzo della connessione esistente a costruisciearreda.it:443.
Richiesta HTTP inviata, in attesa di risposta... 200 OK
Lunghezza: non specificato [text/html]
Salvataggio in: ‘costruisciearreda-static/costruisciearreda.it/dalla-progettazione-alla-realizzazione/index.html’

     0K .......... .......... .......... .......... .......... 29,5M
    50K .......... .......... .......... .......... .......... 21,4M
   100K ........                                                695M=0,004s

2026-09-01 15:12:48 (26,8 MB/s) - ‘costruisciearreda-static/costruisciearreda.it/dalla-progettazione-alla-realizzazione/index.html’ salvato [110996]

--2026-09-01 15:12:48--  https://costruisciearreda.it/services/sopralluogo-e-rilievo/
Riutilizzo della connessione esistente a costruisciearreda.it:443.
Richiesta HTTP inviata, in attesa di risposta... 200 OK
Lunghezza: non specificato [text/html]
Salvataggio in: ‘costruisciearreda-static/costruisciearreda.it/services/sopralluogo-e-rilievo/index.html’

     0K .......... .......... .......... .......... .......... 17,1M
    50K .......... ..                                           796M=0,003s

2026-09-01 15:12:48 (21,4 MB/s) - ‘costruisciearreda-static/costruisciearreda.it/services/sopralluogo-e-rilievo/index.html’ salvato [64363]

--2026-09-01 15:12:48--  https://costruisciearreda.it/services/progetto/
Riutilizzo della connessione esistente a costruisciearreda.it:443.
Richiesta HTTP inviata, in attesa di risposta... 200 OK
Lunghezza: non specificato [text/html]
Salvataggio in: ‘costruisciearreda-static/costruisciearreda.it/services/progetto/index.html’

     0K .......... .......... .......... .......... .......... 63,8M
    50K .......... ..                                           317M=0,001s

2026-09-01 15:12:48 (75,7 MB/s) - ‘costruisciearreda-static/costruisciearreda.it/services/progetto/index.html’ salvato [63767]

--2026-09-01 15:12:48--  https://costruisciearreda.it/services/rendering/
Riutilizzo della connessione esistente a costruisciearreda.it:443.
Richiesta HTTP inviata, in attesa di risposta... 200 OK
Lunghezza: non specificato [text/html]
Salvataggio in: ‘costruisciearreda-static/costruisciearreda.it/services/rendering/index.html’

     0K .......... .......... .......... .......... ..........  172M
    50K .......... ....                                         462M=0s

2026-09-01 15:12:48 (200 MB/s) - ‘costruisciearreda-static/costruisciearreda.it/services/rendering/index.html’ salvato [65860]

--2026-09-01 15:12:48--  https://costruisciearreda.it/services/consulenza-finiture/
Riutilizzo della connessione esistente a costruisciearreda.it:443.
Richiesta HTTP inviata, in attesa di risposta... 200 OK
Lunghezza: non specificato [text/html]
Salvataggio in: ‘costruisciearreda-static/costruisciearreda.it/services/consulenza-finiture/index.html’

     0K .......... .......... .......... .......... ..........  383M
    50K .......... ..                                           648M=0s

2026-09-01 15:12:48 (418 MB/s) - ‘costruisciearreda-static/costruisciearreda.it/services/consulenza-finiture/index.html’ salvato [64261]

--2026-09-01 15:12:48--  https://costruisciearreda.it/services/disbrigo-pratiche/
Riutilizzo della connessione esistente a costruisciearreda.it:443.
Richiesta HTTP inviata, in attesa di risposta... 200 OK
Lunghezza: non specificato [text/html]
Salvataggio in: ‘costruisciearreda-static/costruisciearreda.it/services/disbrigo-pratiche/index.html’

     0K .......... .......... .......... .......... .......... 31,9M
    50K .......... ..                                           818M=0,002s

2026-09-01 15:12:48 (39,5 MB/s) - ‘costruisciearreda-static/costruisciearreda.it/services/disbrigo-pratiche/index.html’ salvato [64070]

--2026-09-01 15:12:48--  https://costruisciearreda.it/services/direzione-lavori/
Riutilizzo della connessione esistente a costruisciearreda.it:443.
Richiesta HTTP inviata, in attesa di risposta... 200 OK
Lunghezza: non specificato [text/html]
Salvataggio in: ‘costruisciearreda-static/costruisciearreda.it/services/direzione-lavori/index.html’

     0K .......... .......... .......... .......... .......... 36,0M
    50K .......... ..                                          10,8M=0,002s

2026-09-01 15:12:48 (24,6 MB/s) - ‘costruisciearreda-static/costruisciearreda.it/services/direzione-lavori/index.html’ salvato [64055]

--2026-09-01 15:12:48--  https://costruisciearreda.it/services/impianti/
Riutilizzo della connessione esistente a costruisciearreda.it:443.
Richiesta HTTP inviata, in attesa di risposta... 200 OK
Lunghezza: non specificato [text/html]
Salvataggio in: ‘costruisciearreda-static/costruisciearreda.it/services/impianti/index.html’

     0K .......... .......... .......... .......... .......... 32,3M
    50K .......... ..                                           432M=0,002s

2026-09-01 15:12:48 (39,5 MB/s) - ‘costruisciearreda-static/costruisciearreda.it/services/impianti/index.html’ salvato [63840]

--2026-09-01 15:12:48--  https://costruisciearreda.it/services/certificazioni/
Riutilizzo della connessione esistente a costruisciearreda.it:443.
Richiesta HTTP inviata, in attesa di risposta... 200 OK
Lunghezza: non specificato [text/html]
Salvataggio in: ‘costruisciearreda-static/costruisciearreda.it/services/certificazioni/index.html’

     0K .......... .......... .......... .......... ..........  139M
    50K .......... ..                                           945M=0s

2026-09-01 15:12:48 (168 MB/s) - ‘costruisciearreda-static/costruisciearreda.it/services/certificazioni/index.html’ salvato [64297]

--2026-09-01 15:12:48--  https://costruisciearreda.it/type_stores/showroom-cat/
Riutilizzo della connessione esistente a costruisciearreda.it:443.
Richiesta HTTP inviata, in attesa di risposta... 200 OK
Lunghezza: non specificato [text/html]
Salvataggio in: ‘costruisciearreda-static/costruisciearreda.it/type_stores/showroom-cat/index.html’

     0K .......... .......... .......... .......... .......... 21,7M
    50K .......... .......... .......... .......               68,4M=0,003s

2026-09-01 15:12:48 (30,7 MB/s) - ‘costruisciearreda-static/costruisciearreda.it/type_stores/showroom-cat/index.html’ salvato [89469]

--2026-09-01 15:12:48--  https://costruisciearreda.it/type_stores/rivendita-edile/
Riutilizzo della connessione esistente a costruisciearreda.it:443.
Richiesta HTTP inviata, in attesa di risposta... 200 OK
Lunghezza: non specificato [text/html]
Salvataggio in: ‘costruisciearreda-static/costruisciearreda.it/type_stores/rivendita-edile/index.html’

     0K .......... .......... .......... .......... .......... 21,1M
    50K .......... .......... .......... .....                 66,5M=0,003s

2026-09-01 15:12:48 (29,3 MB/s) - ‘costruisciearreda-static/costruisciearreda.it/type_stores/rivendita-edile/index.html’ salvato [87098]

--2026-09-01 15:12:48--  https://costruisciearreda.it/type_stores/ferramenta/
Riutilizzo della connessione esistente a costruisciearreda.it:443.
Richiesta HTTP inviata, in attesa di risposta... 200 OK
Lunghezza: non specificato [text/html]
Salvataggio in: ‘costruisciearreda-static/costruisciearreda.it/type_stores/ferramenta/index.html’

     0K .......... .......... .......... .......... .......... 18,0M
    50K .......... .......... .......... .....                 21,8M=0,004s

2026-09-01 15:12:48 (19,4 MB/s) - ‘costruisciearreda-static/costruisciearreda.it/type_stores/ferramenta/index.html’ salvato [87450]

--2026-09-01 15:12:48--  https://costruisciearreda.it/type_stores/progettazione-e-ristrutturazione-edile/
Riutilizzo della connessione esistente a costruisciearreda.it:443.
Richiesta HTTP inviata, in attesa di risposta... 200 OK
Lunghezza: non specificato [text/html]
Salvataggio in: ‘costruisciearreda-static/costruisciearreda.it/type_stores/progettazione-e-ristrutturazione-edile/index.html’

     0K .......... .......... .......... .......... .......... 20,2M
    50K .......... ......                                       302M=0,002s

2026-09-01 15:12:48 (26,2 MB/s) - ‘costruisciearreda-static/costruisciearreda.it/type_stores/progettazione-e-ristrutturazione-edile/index.html’ salvato [67824]

--2026-09-01 15:12:48--  https://costruisciearreda.it/type_stores/marchi/
Riutilizzo della connessione esistente a costruisciearreda.it:443.
Richiesta HTTP inviata, in attesa di risposta... 200 OK
Lunghezza: non specificato [text/html]
Salvataggio in: ‘costruisciearreda-static/costruisciearreda.it/type_stores/marchi/index.html’

     0K .......... .......... .......... .......... .......... 10,5M
    50K .......... .......... .......... .......... .......... 11,4M
   100K .......... .......... .......... .......... ..........  719M
   150K .......... .......... .......... .........              713M=0,009s

2026-09-01 15:12:48 (20,4 MB/s) - ‘costruisciearreda-static/costruisciearreda.it/type_stores/marchi/index.html’ salvato [194228]

--2026-09-01 15:12:48--  https://costruisciearreda.it/i-nostri-lavori/
Riutilizzo della connessione esistente a costruisciearreda.it:443.
Richiesta HTTP inviata, in attesa di risposta... 200 OK
Lunghezza: non specificato [text/html]
Salvataggio in: ‘costruisciearreda-static/costruisciearreda.it/i-nostri-lavori/index.html’

     0K .......... .......... .......... .......... .......... 37,6M
    50K .......... ..                                           875M=0,001s

2026-09-01 15:12:48 (46,3 MB/s) - ‘costruisciearreda-static/costruisciearreda.it/i-nostri-lavori/index.html’ salvato [63633]

--2026-09-01 15:12:48--  https://costruisciearreda.it/category/ultime-news-e-articoli/
Riutilizzo della connessione esistente a costruisciearreda.it:443.
Richiesta HTTP inviata, in attesa di risposta... 200 OK
Lunghezza: non specificato [text/html]
Salvataggio in: ‘costruisciearreda-static/costruisciearreda.it/category/ultime-news-e-articoli/index.html’

     0K .......... .......... .......... .......... .......... 90,4M
    50K .......... .......... .......... .......... ..         25,9M=0,002s

2026-09-01 15:12:49 (42,0 MB/s) - ‘costruisciearreda-static/costruisciearreda.it/category/ultime-news-e-articoli/index.html’ salvato [94966]

--2026-09-01 15:12:49--  https://costruisciearreda.it/richiedi-preventivo/
Riutilizzo della connessione esistente a costruisciearreda.it:443.
Richiesta HTTP inviata, in attesa di risposta... 200 OK
Lunghezza: non specificato [text/html]
Salvataggio in: ‘costruisciearreda-static/costruisciearreda.it/richiedi-preventivo/index.html’

     0K .......... .......... .......... .......... .......... 21,4M
    50K .......... .......... ..                                435M=0,002s

2026-09-01 15:12:49 (30,4 MB/s) - ‘costruisciearreda-static/costruisciearreda.it/richiedi-preventivo/index.html’ salvato [74427]

--2026-09-01 15:12:49--  https://costruisciearreda.it/wp-content/uploads/2024/05/Raggruppa-1647.svg
Riutilizzo della connessione esistente a costruisciearreda.it:443.
Richiesta HTTP inviata, in attesa di risposta... 200 OK
Lunghezza: 11403 (11K) [image/svg+xml]
Salvataggio in: ‘costruisciearreda-static/costruisciearreda.it/wp-content/uploads/2024/05/Raggruppa-1647.svg’

     0K .......... .                                          100% 1,56M=0,007s

2026-09-01 15:12:49 (1,56 MB/s) - ‘costruisciearreda-static/costruisciearreda.it/wp-content/uploads/2024/05/Raggruppa-1647.svg’ salvato [11403/11403]

--2026-09-01 15:12:49--  https://costruisciearreda.it/wp-content/uploads/2024/05/Raggruppa-1650.jpg
Riutilizzo della connessione esistente a costruisciearreda.it:443.
Richiesta HTTP inviata, in attesa di risposta... 200 OK
Lunghezza: 660841 (645K) [image/jpeg]
Salvataggio in: ‘costruisciearreda-static/costruisciearreda.it/wp-content/uploads/2024/05/Raggruppa-1650.jpg’

     0K .......... .......... .......... .......... ..........  7% 21,6M 0s
    50K .......... .......... .......... .......... .......... 15% 34,3M 0s
   100K .......... .......... .......... .......... .......... 23% 3,23M 0s
   150K .......... .......... .......... .......... .......... 30%  616M 0s
   200K .......... .......... .......... .......... .......... 38% 21,3M 0s
   250K .......... .......... .......... .......... .......... 46% 2,58M 0s
   300K .......... .......... .......... .......... .......... 54%  454M 0s
   350K .......... .......... .......... .......... .......... 61%  656M 0s
   400K .......... .......... .......... .......... .......... 69% 2,66M 0s
   450K .......... .......... .......... .......... .......... 77%  641M 0s
   500K .......... .......... .......... .......... .......... 85% 60,1M 0s
   550K .......... .......... .......... .......... .......... 92%  651M 0s
   600K .......... .......... .......... .......... .....     100% 2,73M=0,08s

2026-09-01 15:12:49 (8,31 MB/s) - ‘costruisciearreda-static/costruisciearreda.it/wp-content/uploads/2024/05/Raggruppa-1650.jpg’ salvato [660841/660841]

--2026-09-01 15:12:49--  https://costruisciearreda.it/wp-content/uploads/2024/05/Raggruppa-1652.jpg
Riutilizzo della connessione esistente a costruisciearreda.it:443.
Richiesta HTTP inviata, in attesa di risposta... 200 OK
Lunghezza: 934948 (913K) [image/jpeg]
Salvataggio in: ‘costruisciearreda-static/costruisciearreda.it/wp-content/uploads/2024/05/Raggruppa-1652.jpg’

     0K .......... .......... .......... .......... ..........  5% 5,46M 0s
    50K .......... .......... .......... .......... .......... 10%  330M 0s
   100K .......... .......... .......... .......... .......... 16%  601M 0s
   150K .......... .......... .......... .......... .......... 21% 9,33M 0s
   200K .......... .......... .......... .......... .......... 27%  348M 0s
   250K .......... .......... .......... .......... .......... 32% 1,48M 0s
   300K .......... .......... .......... .......... .......... 38% 25,5M 0s
   350K .......... .......... .......... .......... .......... 43%  667M 0s
   400K .......... .......... .......... .......... .......... 49%  698M 0s
   450K .......... .......... .......... .......... .......... 54%  694M 0s
   500K .......... .......... .......... .......... .......... 60%  661M 0s
   550K .......... .......... .......... .......... .......... 65%  797M 0s
   600K .......... .......... .......... .......... .......... 71% 3,40M 0s
   650K .......... .......... .......... .......... .......... 76% 53,1M 0s
   700K .......... .......... .......... .......... .......... 82% 7,29M 0s
   750K .......... .......... .......... .......... .......... 87%  748M 0s
   800K .......... .......... .......... .......... .......... 93% 3,28M 0s
   850K .......... .......... .......... .......... .......... 98% 48,7M 0s
   900K .......... ...                                        100%  360M=0,09s

2026-09-01 15:12:49 (10,2 MB/s) - ‘costruisciearreda-static/costruisciearreda.it/wp-content/uploads/2024/05/Raggruppa-1652.jpg’ salvato [934948/934948]

--2026-09-01 15:12:49--  https://costruisciearreda.it/wp-content/uploads/2024/05/Raggruppa-1655.jpg
Riutilizzo della connessione esistente a costruisciearreda.it:443.
Richiesta HTTP inviata, in attesa di risposta... 200 OK
Lunghezza: 861056 (841K) [image/jpeg]
Salvataggio in: ‘costruisciearreda-static/costruisciearreda.it/wp-content/uploads/2024/05/Raggruppa-1655.jpg’

     0K .......... .......... .......... .......... ..........  5%  535M 0s
    50K .......... .......... .......... .......... .......... 11% 22,6M 0s
   100K .......... .......... .......... .......... .......... 17% 4,20M 0s
   150K .......... .......... .......... .......... .......... 23% 27,9M 0s
   200K .......... .......... .......... .......... .......... 29% 7,67M 0s
   250K .......... .......... .......... .......... .......... 35% 3,69M 0s
   300K .......... .......... .......... .......... .......... 41% 4,14M 0s
   350K .......... .......... .......... .......... .......... 47%  761M 0s
   400K .......... .......... .......... .......... .......... 53% 7,80M 0s
   450K .......... .......... .......... .......... .......... 59% 18,8M 0s
   500K .......... .......... .......... .......... .......... 65% 39,8M 0s
   550K .......... .......... .......... .......... .......... 71% 2,60M 0s
   600K .......... .......... .......... .......... .......... 77% 2,10M 0s
   650K .......... .......... .......... .......... .......... 83%  572M 0s
   700K .......... .......... .......... .......... .......... 89%  900K 0s
   750K .......... .......... .......... .......... .......... 95% 2,46M 0s
   800K .......... .......... .......... ..........           100%  560M=0,2s

2026-09-01 15:12:49 (4,70 MB/s) - ‘costruisciearreda-static/costruisciearreda.it/wp-content/uploads/2024/05/Raggruppa-1655.jpg’ salvato [861056/861056]

--2026-09-01 15:12:49--  https://costruisciearreda.it/wp-content/uploads/2024/05/Raggruppa-1649.jpg
Riutilizzo della connessione esistente a costruisciearreda.it:443.
Richiesta HTTP inviata, in attesa di risposta... 200 OK
Lunghezza: 253233 (247K) [image/jpeg]
Salvataggio in: ‘costruisciearreda-static/costruisciearreda.it/wp-content/uploads/2024/05/Raggruppa-1649.jpg’

     0K .......... .......... .......... .......... .......... 20% 2,15M 0s
    50K .......... .......... .......... .......... .......... 40% 2,68M 0s
   100K .......... .......... .......... .......... .......... 60% 2,78M 0s
   150K .......... .......... .......... .......... .......... 80% 2,62M 0s
   200K .......... .......... .......... .......... .......   100% 2,11M=0,1s

2026-09-01 15:12:49 (2,44 MB/s) - ‘costruisciearreda-static/costruisciearreda.it/wp-content/uploads/2024/05/Raggruppa-1649.jpg’ salvato [253233/253233]

--2026-09-01 15:12:49--  https://costruisciearreda.it/wp-content/uploads/2024/05/Raggruppa-1649-300x229.jpg
Riutilizzo della connessione esistente a costruisciearreda.it:443.
Richiesta HTTP inviata, in attesa di risposta... 200 OK
Lunghezza: 12527 (12K) [image/jpeg]
Salvataggio in: ‘costruisciearreda-static/costruisciearreda.it/wp-content/uploads/2024/05/Raggruppa-1649-300x229.jpg’

     0K .......... ..                                         100%  329M=0s

2026-09-01 15:12:49 (329 MB/s) - ‘costruisciearreda-static/costruisciearreda.it/wp-content/uploads/2024/05/Raggruppa-1649-300x229.jpg’ salvato [12527/12527]

--2026-09-01 15:12:49--  https://costruisciearreda.it/wp-content/uploads/2024/05/Raggruppa-1649-768x586.jpg
Riutilizzo della connessione esistente a costruisciearreda.it:443.
Richiesta HTTP inviata, in attesa di risposta... 200 OK
Lunghezza: 49328 (48K) [image/jpeg]
Salvataggio in: ‘costruisciearreda-static/costruisciearreda.it/wp-content/uploads/2024/05/Raggruppa-1649-768x586.jpg’

     0K .......... .......... .......... .......... ........  100% 2,66M=0,02s

2026-09-01 15:12:49 (2,66 MB/s) - ‘costruisciearreda-static/costruisciearreda.it/wp-content/uploads/2024/05/Raggruppa-1649-768x586.jpg’ salvato [49328/49328]

--2026-09-01 15:12:49--  https://costruisciearreda.it/wp-content/uploads/2024/05/Raggruppa-1674.jpg
Riutilizzo della connessione esistente a costruisciearreda.it:443.
Richiesta HTTP inviata, in attesa di risposta... 200 OK
Lunghezza: 179191 (175K) [image/jpeg]
Salvataggio in: ‘costruisciearreda-static/costruisciearreda.it/wp-content/uploads/2024/05/Raggruppa-1674.jpg’

     0K .......... .......... .......... .......... .......... 28% 2,33M 0s
    50K .......... .......... .......... .......... .......... 57% 2,81M 0s
   100K .......... .......... .......... .......... .......... 85% 2,74M 0s
   150K .......... .......... ....                            100% 14,5M=0,06s

2026-09-01 15:12:49 (2,95 MB/s) - ‘costruisciearreda-static/costruisciearreda.it/wp-content/uploads/2024/05/Raggruppa-1674.jpg’ salvato [179191/179191]

--2026-09-01 15:12:49--  https://costruisciearreda.it/wp-content/uploads/2024/05/Raggruppa-1674-275x300.jpg
Riutilizzo della connessione esistente a costruisciearreda.it:443.
Richiesta HTTP inviata, in attesa di risposta... 200 OK
Lunghezza: 11019 (11K) [image/jpeg]
Salvataggio in: ‘costruisciearreda-static/costruisciearreda.it/wp-content/uploads/2024/05/Raggruppa-1674-275x300.jpg’

     0K ..........                                            100%  341M=0s

2026-09-01 15:12:49 (341 MB/s) - ‘costruisciearreda-static/costruisciearreda.it/wp-content/uploads/2024/05/Raggruppa-1674-275x300.jpg’ salvato [11019/11019]

--2026-09-01 15:12:49--  https://costruisciearreda.it/wp-content/uploads/2024/05/Raggruppa-1668.jpg
Riutilizzo della connessione esistente a costruisciearreda.it:443.
Richiesta HTTP inviata, in attesa di risposta... 200 OK
Lunghezza: 183531 (179K) [image/jpeg]
Salvataggio in: ‘costruisciearreda-static/costruisciearreda.it/wp-content/uploads/2024/05/Raggruppa-1668.jpg’

     0K .......... .......... .......... .......... .......... 27% 2,47M 0s
    50K .......... .......... .......... .......... .......... 55% 8,58M 0s
   100K .......... .......... .......... .......... .......... 83% 2,40M 0s
   150K .......... .......... .........                       100% 1,62M=0,06s

2026-09-01 15:12:50 (2,76 MB/s) - ‘costruisciearreda-static/costruisciearreda.it/wp-content/uploads/2024/05/Raggruppa-1668.jpg’ salvato [183531/183531]

--2026-09-01 15:12:50--  https://costruisciearreda.it/wp-content/uploads/2024/05/Raggruppa-1668-300x173.jpg
Riutilizzo della connessione esistente a costruisciearreda.it:443.
Richiesta HTTP inviata, in attesa di risposta... 200 OK
Lunghezza: 10284 (10K) [image/jpeg]
Salvataggio in: ‘costruisciearreda-static/costruisciearreda.it/wp-content/uploads/2024/05/Raggruppa-1668-300x173.jpg’

     0K ..........                                            100%  310M=0s

2026-09-01 15:12:50 (310 MB/s) - ‘costruisciearreda-static/costruisciearreda.it/wp-content/uploads/2024/05/Raggruppa-1668-300x173.jpg’ salvato [10284/10284]

--2026-09-01 15:12:50--  https://costruisciearreda.it/wp-content/uploads/2024/05/Raggruppa-1668-768x443.jpg
Riutilizzo della connessione esistente a costruisciearreda.it:443.
Richiesta HTTP inviata, in attesa di risposta... 200 OK
Lunghezza: 46027 (45K) [image/jpeg]
Salvataggio in: ‘costruisciearreda-static/costruisciearreda.it/wp-content/uploads/2024/05/Raggruppa-1668-768x443.jpg’

     0K .......... .......... .......... .......... ....      100%  566M=0s

2026-09-01 15:12:50 (566 MB/s) - ‘costruisciearreda-static/costruisciearreda.it/wp-content/uploads/2024/05/Raggruppa-1668-768x443.jpg’ salvato [46027/46027]

--2026-09-01 15:12:50--  https://costruisciearreda.it/wp-content/uploads/2024/06/Showroom.svg
Riutilizzo della connessione esistente a costruisciearreda.it:443.
Richiesta HTTP inviata, in attesa di risposta... 200 OK
Lunghezza: 5773 (5,6K) [image/svg+xml]
Salvataggio in: ‘costruisciearreda-static/costruisciearreda.it/wp-content/uploads/2024/06/Showroom.svg’

     0K .....                                                 100% 4,82G=0s

2026-09-01 15:12:50 (4,82 GB/s) - ‘costruisciearreda-static/costruisciearreda.it/wp-content/uploads/2024/06/Showroom.svg’ salvato [5773/5773]

--2026-09-01 15:12:50--  https://costruisciearreda.it/wp-content/uploads/2024/06/PuntoEdile.svg
Riutilizzo della connessione esistente a costruisciearreda.it:443.
Richiesta HTTP inviata, in attesa di risposta... 200 OK
Lunghezza: 5844 (5,7K) [image/svg+xml]
Salvataggio in: ‘costruisciearreda-static/costruisciearreda.it/wp-content/uploads/2024/06/PuntoEdile.svg’

     0K .....                                                 100% 7,76G=0s

2026-09-01 15:12:50 (7,76 GB/s) - ‘costruisciearreda-static/costruisciearreda.it/wp-content/uploads/2024/06/PuntoEdile.svg’ salvato [5844/5844]

--2026-09-01 15:12:50--  https://costruisciearreda.it/wp-content/uploads/2024/06/Ferramenta-1.svg
Riutilizzo della connessione esistente a costruisciearreda.it:443.
Richiesta HTTP inviata, in attesa di risposta... 200 OK
Lunghezza: 5735 (5,6K) [image/svg+xml]
Salvataggio in: ‘costruisciearreda-static/costruisciearreda.it/wp-content/uploads/2024/06/Ferramenta-1.svg’

     0K .....                                                 100% 9,10G=0s

2026-09-01 15:12:50 (9,10 GB/s) - ‘costruisciearreda-static/costruisciearreda.it/wp-content/uploads/2024/06/Ferramenta-1.svg’ salvato [5735/5735]

--2026-09-01 15:12:50--  https://costruisciearreda.it/cat_realizzazioni/progetti/
Riutilizzo della connessione esistente a costruisciearreda.it:443.
Richiesta HTTP inviata, in attesa di risposta... 200 OK
Lunghezza: non specificato [text/html]
Salvataggio in: ‘costruisciearreda-static/costruisciearreda.it/cat_realizzazioni/progetti/index.html’

     0K .......... .......... .......... .......... ..........  400M
    50K .......... .......... .......... ..........            2,23M=0,02s

2026-09-01 15:12:50 (4,91 MB/s) - ‘costruisciearreda-static/costruisciearreda.it/cat_realizzazioni/progetti/index.html’ salvato [93083]

--2026-09-01 15:12:50--  https://costruisciearreda.it/cat_realizzazioni/render/
Riutilizzo della connessione esistente a costruisciearreda.it:443.
Richiesta HTTP inviata, in attesa di risposta... 200 OK
Lunghezza: non specificato [text/html]
Salvataggio in: ‘costruisciearreda-static/costruisciearreda.it/cat_realizzazioni/render/index.html’

     0K .......... .......... .......... .......... .......... 31,9M
    50K .......... .......... .......... .......... ......     2,25M=0,02s

2026-09-01 15:12:50 (4,35 MB/s) - ‘costruisciearreda-static/costruisciearreda.it/cat_realizzazioni/render/index.html’ salvato [98365]

--2026-09-01 15:12:50--  https://costruisciearreda.it/cat_realizzazioni/prima-dopo/
Riutilizzo della connessione esistente a costruisciearreda.it:443.
Richiesta HTTP inviata, in attesa di risposta... 200 OK
Lunghezza: non specificato [text/html]
Salvataggio in: ‘costruisciearreda-static/costruisciearreda.it/cat_realizzazioni/prima-dopo/index.html’

     0K .......... .......... .......... .......... .......... 32,1M
    50K .......... .......... .......... .......... ...        2,32M=0,02s

2026-09-01 15:12:50 (4,58 MB/s) - ‘costruisciearreda-static/costruisciearreda.it/cat_realizzazioni/prima-dopo/index.html’ salvato [96245]

--2026-09-01 15:12:50--  https://costruisciearreda.it/perche-il-rendering-3d-e-essenziale-per-la-ristrutturazione-dei-tuoi-spazi/
Riutilizzo della connessione esistente a costruisciearreda.it:443.
Richiesta HTTP inviata, in attesa di risposta... 200 OK
Lunghezza: non specificato [text/html]
Salvataggio in: ‘costruisciearreda-static/costruisciearreda.it/perche-il-rendering-3d-e-essenziale-per-la-ristrutturazione-dei-tuoi-spazi/index.html’

     0K .......... .......... .......... .......... .......... 51,0M
    50K .......... .......... .......... .                     1,55M=0,02s

2026-09-01 15:12:50 (3,83 MB/s) - ‘costruisciearreda-static/costruisciearreda.it/perche-il-rendering-3d-e-essenziale-per-la-ristrutturazione-dei-tuoi-spazi/index.html’ salvato [83367]

--2026-09-01 15:12:50--  https://costruisciearreda.it/wp-content/uploads/2024/12/Render3D-1024x605.jpg
Riutilizzo della connessione esistente a costruisciearreda.it:443.
Richiesta HTTP inviata, in attesa di risposta... 200 OK
Lunghezza: 56600 (55K) [image/jpeg]
Salvataggio in: ‘costruisciearreda-static/costruisciearreda.it/wp-content/uploads/2024/12/Render3D-1024x605.jpg’

     0K .......... .......... .......... .......... .......... 90% 10,9M 0s
    50K .....                                                 100%  247M=0,005s

2026-09-01 15:12:50 (11,9 MB/s) - ‘costruisciearreda-static/costruisciearreda.it/wp-content/uploads/2024/12/Render3D-1024x605.jpg’ salvato [56600/56600]

--2026-09-01 15:12:50--  https://costruisciearreda.it/5-errori-da-evitare-nella-scelta-dei-materiali-per-ledilizia/
Riutilizzo della connessione esistente a costruisciearreda.it:443.
Richiesta HTTP inviata, in attesa di risposta... 200 OK
Lunghezza: non specificato [text/html]
Salvataggio in: ‘costruisciearreda-static/costruisciearreda.it/5-errori-da-evitare-nella-scelta-dei-materiali-per-ledilizia/index.html’

     0K .......... .......... .......... .......... .......... 40,6M
    50K .......... .......... ..........                       1,39M=0,02s

2026-09-01 15:12:50 (3,47 MB/s) - ‘costruisciearreda-static/costruisciearreda.it/5-errori-da-evitare-nella-scelta-dei-materiali-per-ledilizia/index.html’ salvato [82350]

--2026-09-01 15:12:50--  https://costruisciearreda.it/wp-content/uploads/2024/12/Blog5errori-1024x605.jpg
Riutilizzo della connessione esistente a costruisciearreda.it:443.
Richiesta HTTP inviata, in attesa di risposta... 200 OK
Lunghezza: 66211 (65K) [image/jpeg]
Salvataggio in: ‘costruisciearreda-static/costruisciearreda.it/wp-content/uploads/2024/12/Blog5errori-1024x605.jpg’

     0K .......... .......... .......... .......... .......... 77%  515M 0s
    50K .......... ....                                       100%  846K=0,02s

2026-09-01 15:12:50 (3,63 MB/s) - ‘costruisciearreda-static/costruisciearreda.it/wp-content/uploads/2024/12/Blog5errori-1024x605.jpg’ salvato [66211/66211]

--2026-09-01 15:12:50--  https://costruisciearreda.it/mobili-bagno-quale-scegliere-per-uno-spazio-funzionale-e-di-design/
Riutilizzo della connessione esistente a costruisciearreda.it:443.
Richiesta HTTP inviata, in attesa di risposta... 200 OK
Lunghezza: non specificato [text/html]
Salvataggio in: ‘costruisciearreda-static/costruisciearreda.it/mobili-bagno-quale-scegliere-per-uno-spazio-funzionale-e-di-design/index.html’

     0K .......... .......... .......... .......... .......... 54,0M
    50K .......... .......... .......... .                     1,55M=0,02s

2026-09-01 15:12:50 (3,86 MB/s) - ‘costruisciearreda-static/costruisciearreda.it/mobili-bagno-quale-scegliere-per-uno-spazio-funzionale-e-di-design/index.html’ salvato [83102]

--2026-09-01 15:12:50--  https://costruisciearreda.it/wp-content/uploads/2024/12/BlogCA-1024x605.jpg
Riutilizzo della connessione esistente a costruisciearreda.it:443.
Richiesta HTTP inviata, in attesa di risposta... 200 OK
Lunghezza: 75476 (74K) [image/jpeg]
Salvataggio in: ‘costruisciearreda-static/costruisciearreda.it/wp-content/uploads/2024/12/BlogCA-1024x605.jpg’

     0K .......... .......... .......... .......... .......... 67% 24,2M 0s
    50K .......... .......... ...                             100% 1,51M=0,02s

2026-09-01 15:12:50 (4,16 MB/s) - ‘costruisciearreda-static/costruisciearreda.it/wp-content/uploads/2024/12/BlogCA-1024x605.jpg’ salvato [75476/75476]

--2026-09-01 15:12:50--  https://costruisciearreda.it/privacy-policy/
Riutilizzo della connessione esistente a costruisciearreda.it:443.
Richiesta HTTP inviata, in attesa di risposta... 200 OK
Lunghezza: non specificato [text/html]
Salvataggio in: ‘costruisciearreda-static/costruisciearreda.it/privacy-policy/index.html’

     0K .......... .......... .......... .......... .......... 13,6M
    50K .......... .                                            734M=0,004s

2026-09-01 15:12:50 (16,6 MB/s) - ‘costruisciearreda-static/costruisciearreda.it/privacy-policy/index.html’ salvato [62626]

--2026-09-01 15:12:50--  https://costruisciearreda.it/cookie-policy/
Riutilizzo della connessione esistente a costruisciearreda.it:443.
Richiesta HTTP inviata, in attesa di risposta... 200 OK
Lunghezza: non specificato [text/html]
Salvataggio in: ‘costruisciearreda-static/costruisciearreda.it/cookie-policy/index.html’

     0K .......... .......... .......... .......... ..........  118M
    50K .......... .                                            544M=0s

2026-09-01 15:12:50 (137 MB/s) - ‘costruisciearreda-static/costruisciearreda.it/cookie-policy/index.html’ salvato [62612]

--2026-09-01 15:12:50--  https://costruisciearreda.it/wp-includes/js/dist/hooks.min.js?ver=f0f188028580e8dc1255
Riutilizzo della connessione esistente a costruisciearreda.it:443.
Richiesta HTTP inviata, in attesa di risposta... 200 OK
Lunghezza: 5107 (5,0K) [application/javascript]
Salvataggio in: ‘costruisciearreda-static/costruisciearreda.it/wp-includes/js/dist/hooks.min.js?ver=f0f188028580e8dc1255’

     0K ....                                                  100% 4,95G=0s

2026-09-01 15:12:50 (4,95 GB/s) - ‘costruisciearreda-static/costruisciearreda.it/wp-includes/js/dist/hooks.min.js?ver=f0f188028580e8dc1255’ salvato [5107/5107]

--2026-09-01 15:12:50--  https://costruisciearreda.it/wp-includes/js/dist/i18n.min.js?ver=1dfe7db3940c23ea9216
Riutilizzo della connessione esistente a costruisciearreda.it:443.
Richiesta HTTP inviata, in attesa di risposta... 200 OK
Lunghezza: 5791 (5,7K) [application/javascript]
Salvataggio in: ‘costruisciearreda-static/costruisciearreda.it/wp-includes/js/dist/i18n.min.js?ver=1dfe7db3940c23ea9216’

     0K .....                                                 100% 4,27G=0s

2026-09-01 15:12:50 (4,27 GB/s) - ‘costruisciearreda-static/costruisciearreda.it/wp-includes/js/dist/i18n.min.js?ver=1dfe7db3940c23ea9216’ salvato [5791/5791]

--2026-09-01 15:12:50--  https://costruisciearreda.it/wp-content/plugins/contact-form-7/includes/swv/js/index.js?ver=6.1.7
Riutilizzo della connessione esistente a costruisciearreda.it:443.
Richiesta HTTP inviata, in attesa di risposta... 200 OK
Lunghezza: 12512 (12K) [application/javascript]
Salvataggio in: ‘costruisciearreda-static/costruisciearreda.it/wp-content/plugins/contact-form-7/includes/swv/js/index.js?ver=6.1.7’

     0K .......... ..                                         100%  450M=0s

2026-09-01 15:12:50 (450 MB/s) - ‘costruisciearreda-static/costruisciearreda.it/wp-content/plugins/contact-form-7/includes/swv/js/index.js?ver=6.1.7’ salvato [12512/12512]

--2026-09-01 15:12:50--  https://costruisciearreda.it/wp-content/plugins/contact-form-7/includes/js/index.js?ver=6.1.7
Riutilizzo della connessione esistente a costruisciearreda.it:443.
Richiesta HTTP inviata, in attesa di risposta... 200 OK
Lunghezza: 13452 (13K) [application/javascript]
Salvataggio in: ‘costruisciearreda-static/costruisciearreda.it/wp-content/plugins/contact-form-7/includes/js/index.js?ver=6.1.7’

     0K .......... ...                                        100%  358M=0s

2026-09-01 15:12:51 (358 MB/s) - ‘costruisciearreda-static/costruisciearreda.it/wp-content/plugins/contact-form-7/includes/js/index.js?ver=6.1.7’ salvato [13452/13452]

--2026-09-01 15:12:51--  https://costruisciearreda.it/wp-content/plugins/wpcf7-redirect/build/assets/frontend-script.js?ver=2c532d7e2be36f6af233
Riutilizzo della connessione esistente a costruisciearreda.it:443.
Richiesta HTTP inviata, in attesa di risposta... 200 OK
Lunghezza: 4046 (4,0K) [application/javascript]
Salvataggio in: ‘costruisciearreda-static/costruisciearreda.it/wp-content/plugins/wpcf7-redirect/build/assets/frontend-script.js?ver=2c532d7e2be36f6af233’

     0K ...                                                   100% 5,42G=0s

2026-09-01 15:12:51 (5,42 GB/s) - ‘costruisciearreda-static/costruisciearreda.it/wp-content/plugins/wpcf7-redirect/build/assets/frontend-script.js?ver=2c532d7e2be36f6af233’ salvato [4046/4046]

--2026-09-01 15:12:51--  https://costruisciearreda.it/wp-content/themes/costruisciarreda-child/js/isotope.js
Riutilizzo della connessione esistente a costruisciearreda.it:443.
Richiesta HTTP inviata, in attesa di risposta... 200 OK
Lunghezza: 35503 (35K) [application/javascript]
Salvataggio in: ‘costruisciearreda-static/costruisciearreda.it/wp-content/themes/costruisciarreda-child/js/isotope.js’

     0K .......... .......... .......... ....                 100%  599M=0s

2026-09-01 15:12:51 (599 MB/s) - ‘costruisciearreda-static/costruisciearreda.it/wp-content/themes/costruisciarreda-child/js/isotope.js’ salvato [35503/35503]

--2026-09-01 15:12:51--  https://costruisciearreda.it/wp-content/themes/costruisciarreda-child/js/slick.min.js
Riutilizzo della connessione esistente a costruisciearreda.it:443.
Richiesta HTTP inviata, in attesa di risposta... 200 OK
Lunghezza: 42863 (42K) [application/javascript]
Salvataggio in: ‘costruisciearreda-static/costruisciearreda.it/wp-content/themes/costruisciarreda-child/js/slick.min.js’

     0K .......... .......... .......... .......... .         100% 12,1M=0,003s

2026-09-01 15:12:51 (12,1 MB/s) - ‘costruisciearreda-static/costruisciearreda.it/wp-content/themes/costruisciarreda-child/js/slick.min.js’ salvato [42863/42863]

--2026-09-01 15:12:51--  https://costruisciearreda.it/wp-content/themes/costruisciarreda-child/js/canvas-menu.js?ver=1.0.0
Riutilizzo della connessione esistente a costruisciearreda.it:443.
Richiesta HTTP inviata, in attesa di risposta... 200 OK
Lunghezza: 1370 (1,3K) [application/javascript]
Salvataggio in: ‘costruisciearreda-static/costruisciearreda.it/wp-content/themes/costruisciarreda-child/js/canvas-menu.js?ver=1.0.0’

     0K .                                                     100% 2,74G=0s

2026-09-01 15:12:51 (2,74 GB/s) - ‘costruisciearreda-static/costruisciearreda.it/wp-content/themes/costruisciarreda-child/js/canvas-menu.js?ver=1.0.0’ salvato [1370/1370]

--2026-09-01 15:12:51--  https://costruisciearreda.it/wp-content/themes/costruisciarreda-child/js/theme-functions.js?ver=1.0.0
Riutilizzo della connessione esistente a costruisciearreda.it:443.
Richiesta HTTP inviata, in attesa di risposta... 200 OK
Lunghezza: 5997 (5,9K) [application/javascript]
Salvataggio in: ‘costruisciearreda-static/costruisciearreda.it/wp-content/themes/costruisciarreda-child/js/theme-functions.js?ver=1.0.0’

     0K .....                                                 100% 2,97G=0s

2026-09-01 15:12:51 (2,97 GB/s) - ‘costruisciearreda-static/costruisciearreda.it/wp-content/themes/costruisciarreda-child/js/theme-functions.js?ver=1.0.0’ salvato [5997/5997]

--2026-09-01 15:12:51--  https://costruisciearreda.it/wp-content/plugins/pixelyoursite/dist/scripts/jquery.bind-first-0.2.3.min.js?ver=0.2.3
Riutilizzo della connessione esistente a costruisciearreda.it:443.
Richiesta HTTP inviata, in attesa di risposta... 200 OK
Lunghezza: 1317 (1,3K) [application/javascript]
Salvataggio in: ‘costruisciearreda-static/costruisciearreda.it/wp-content/plugins/pixelyoursite/dist/scripts/jquery.bind-first-0.2.3.min.js?ver=0.2.3’

     0K .                                                     100% 2,37G=0s

2026-09-01 15:12:51 (2,37 GB/s) - ‘costruisciearreda-static/costruisciearreda.it/wp-content/plugins/pixelyoursite/dist/scripts/jquery.bind-first-0.2.3.min.js?ver=0.2.3’ salvato [1317/1317]

--2026-09-01 15:12:51--  https://costruisciearreda.it/wp-content/plugins/pixelyoursite/dist/scripts/js.cookie-2.1.3.min.js?ver=2.1.3
Riutilizzo della connessione esistente a costruisciearreda.it:443.
Richiesta HTTP inviata, in attesa di risposta... 200 OK
Lunghezza: 1709 (1,7K) [application/javascript]
Salvataggio in: ‘costruisciearreda-static/costruisciearreda.it/wp-content/plugins/pixelyoursite/dist/scripts/js.cookie-2.1.3.min.js?ver=2.1.3’

     0K .                                                     100% 4,43G=0s

2026-09-01 15:12:51 (4,43 GB/s) - ‘costruisciearreda-static/costruisciearreda.it/wp-content/plugins/pixelyoursite/dist/scripts/js.cookie-2.1.3.min.js?ver=2.1.3’ salvato [1709/1709]

--2026-09-01 15:12:51--  https://costruisciearreda.it/wp-content/plugins/pixelyoursite/dist/scripts/tld.min.js?ver=2.3.1
Riutilizzo della connessione esistente a costruisciearreda.it:443.
Richiesta HTTP inviata, in attesa di risposta... 200 OK
Lunghezza: 141079 (138K) [application/javascript]
Salvataggio in: ‘costruisciearreda-static/costruisciearreda.it/wp-content/plugins/pixelyoursite/dist/scripts/tld.min.js?ver=2.3.1’

     0K .......... .......... .......... .......... .......... 36%  511M 0s
    50K .......... .......... .......... .......... .......... 72% 2,35M 0s
   100K .......... .......... .......... .......              100%  333M=0,02s

2026-09-01 15:12:51 (6,41 MB/s) - ‘costruisciearreda-static/costruisciearreda.it/wp-content/plugins/pixelyoursite/dist/scripts/tld.min.js?ver=2.3.1’ salvato [141079/141079]

--2026-09-01 15:12:51--  https://costruisciearreda.it/wp-content/plugins/pixelyoursite/dist/scripts/public.js?ver=11.3.1
Riutilizzo della connessione esistente a costruisciearreda.it:443.
Richiesta HTTP inviata, in attesa di risposta... 200 OK
Lunghezza: 186695 (182K) [application/javascript]
Salvataggio in: ‘costruisciearreda-static/costruisciearreda.it/wp-content/plugins/pixelyoursite/dist/scripts/public.js?ver=11.3.1’

     0K .......... .......... .......... .......... .......... 27% 17,0M 0s
    50K .......... .......... .......... .......... .......... 54% 2,75M 0s
   100K .......... .......... .......... .......... .......... 82% 3,16M 0s
   150K .......... .......... .......... ..                   100% 6,42M=0,04s

2026-09-01 15:12:51 (4,34 MB/s) - ‘costruisciearreda-static/costruisciearreda.it/wp-content/plugins/pixelyoursite/dist/scripts/public.js?ver=11.3.1’ salvato [186695/186695]

--2026-09-01 15:12:51--  https://costruisciearreda.it/wp-includes/js/dist/vendor/wp-polyfill.min.js?ver=3.15.0
Riutilizzo della connessione esistente a costruisciearreda.it:443.
Richiesta HTTP inviata, in attesa di risposta... 200 OK
Lunghezza: 29874 (29K) [application/javascript]
Salvataggio in: ‘costruisciearreda-static/costruisciearreda.it/wp-includes/js/dist/vendor/wp-polyfill.min.js?ver=3.15.0’

     0K .......... .......... .........                       100% 18,2M=0,002s

2026-09-01 15:12:51 (18,2 MB/s) - ‘costruisciearreda-static/costruisciearreda.it/wp-includes/js/dist/vendor/wp-polyfill.min.js?ver=3.15.0’ salvato [29874/29874]

--2026-09-01 15:12:51--  https://costruisciearreda.it/wp-content/plugins/contact-form-7/modules/recaptcha/index.js?ver=6.1.7
Riutilizzo della connessione esistente a costruisciearreda.it:443.
Richiesta HTTP inviata, in attesa di risposta... 200 OK
Lunghezza: 934 [application/javascript]
Salvataggio in: ‘costruisciearreda-static/costruisciearreda.it/wp-content/plugins/contact-form-7/modules/recaptcha/index.js?ver=6.1.7’

     0K                                                       100% 1,22G=0s

2026-09-01 15:12:51 (1,22 GB/s) - ‘costruisciearreda-static/costruisciearreda.it/wp-content/plugins/contact-form-7/modules/recaptcha/index.js?ver=6.1.7’ salvato [934/934]

--2026-09-01 15:12:51--  https://costruisciearreda.it/wp-content/plugins/elementor/assets/js/webpack.runtime.min.js?ver=4.2.4
Riutilizzo della connessione esistente a costruisciearreda.it:443.
Richiesta HTTP inviata, in attesa di risposta... 200 OK
Lunghezza: 5819 (5,7K) [application/javascript]
Salvataggio in: ‘costruisciearreda-static/costruisciearreda.it/wp-content/plugins/elementor/assets/js/webpack.runtime.min.js?ver=4.2.4’

     0K .....                                                 100% 6,05G=0s

2026-09-01 15:12:51 (6,05 GB/s) - ‘costruisciearreda-static/costruisciearreda.it/wp-content/plugins/elementor/assets/js/webpack.runtime.min.js?ver=4.2.4’ salvato [5819/5819]

--2026-09-01 15:12:51--  https://costruisciearreda.it/wp-content/plugins/elementor/assets/js/frontend-modules.min.js?ver=4.2.4
Riutilizzo della connessione esistente a costruisciearreda.it:443.
Richiesta HTTP inviata, in attesa di risposta... 200 OK
Lunghezza: 50602 (49K) [application/javascript]
Salvataggio in: ‘costruisciearreda-static/costruisciearreda.it/wp-content/plugins/elementor/assets/js/frontend-modules.min.js?ver=4.2.4’

     0K .......... .......... .......... .......... ......... 100% 27,4M=0,002s

2026-09-01 15:12:51 (27,4 MB/s) - ‘costruisciearreda-static/costruisciearreda.it/wp-content/plugins/elementor/assets/js/frontend-modules.min.js?ver=4.2.4’ salvato [50602/50602]

--2026-09-01 15:12:51--  https://costruisciearreda.it/wp-includes/js/jquery/ui/core.min.js?ver=1.14.2
Riutilizzo della connessione esistente a costruisciearreda.it:443.
Richiesta HTTP inviata, in attesa di risposta... 200 OK
Lunghezza: 18674 (18K) [application/javascript]
Salvataggio in: ‘costruisciearreda-static/costruisciearreda.it/wp-includes/js/jquery/ui/core.min.js?ver=1.14.2’

     0K .......... ........                                   100% 19,6M=0,001s

2026-09-01 15:12:51 (19,6 MB/s) - ‘costruisciearreda-static/costruisciearreda.it/wp-includes/js/jquery/ui/core.min.js?ver=1.14.2’ salvato [18674/18674]

--2026-09-01 15:12:51--  https://costruisciearreda.it/wp-content/plugins/elementor/assets/js/frontend.min.js?ver=4.2.4
Riutilizzo della connessione esistente a costruisciearreda.it:443.
Richiesta HTTP inviata, in attesa di risposta... 200 OK
Lunghezza: 32098 (31K) [application/javascript]
Salvataggio in: ‘costruisciearreda-static/costruisciearreda.it/wp-content/plugins/elementor/assets/js/frontend.min.js?ver=4.2.4’

     0K .......... .......... .......... .                    100% 81,5M=0s

2026-09-01 15:12:51 (81,5 MB/s) - ‘costruisciearreda-static/costruisciearreda.it/wp-content/plugins/elementor/assets/js/frontend.min.js?ver=4.2.4’ salvato [32098/32098]

--2026-09-01 15:12:51--  https://costruisciearreda.it/wp-content/plugins/elementor/assets/lib/jquery-numerator/jquery-numerator.min.js?ver=0.2.1
Riutilizzo della connessione esistente a costruisciearreda.it:443.
Richiesta HTTP inviata, in attesa di risposta... 200 OK
Lunghezza: 1801 (1,8K) [application/javascript]
Salvataggio in: ‘costruisciearreda-static/costruisciearreda.it/wp-content/plugins/elementor/assets/lib/jquery-numerator/jquery-numerator.min.js?ver=0.2.1’

     0K .                                                     100% 3,23G=0s

2026-09-01 15:12:51 (3,23 GB/s) - ‘costruisciearreda-static/costruisciearreda.it/wp-content/plugins/elementor/assets/lib/jquery-numerator/jquery-numerator.min.js?ver=0.2.1’ salvato [1801/1801]

--2026-09-01 15:12:51--  https://costruisciearreda.it/wp-content/plugins/elementor-pro/assets/js/webpack-pro.runtime.min.js?ver=4.2.2
Riutilizzo della connessione esistente a costruisciearreda.it:443.
Richiesta HTTP inviata, in attesa di risposta... 200 OK
Lunghezza: 6242 (6,1K) [application/javascript]
Salvataggio in: ‘costruisciearreda-static/costruisciearreda.it/wp-content/plugins/elementor-pro/assets/js/webpack-pro.runtime.min.js?ver=4.2.2’

     0K ......                                                100% 2,62G=0s

2026-09-01 15:12:51 (2,62 GB/s) - ‘costruisciearreda-static/costruisciearreda.it/wp-content/plugins/elementor-pro/assets/js/webpack-pro.runtime.min.js?ver=4.2.2’ salvato [6242/6242]

--2026-09-01 15:12:51--  https://costruisciearreda.it/wp-content/plugins/elementor-pro/assets/js/frontend.min.js?ver=4.2.2
Riutilizzo della connessione esistente a costruisciearreda.it:443.
Richiesta HTTP inviata, in attesa di risposta... 200 OK
Lunghezza: 23939 (23K) [application/javascript]
Salvataggio in: ‘costruisciearreda-static/costruisciearreda.it/wp-content/plugins/elementor-pro/assets/js/frontend.min.js?ver=4.2.2’

     0K .......... .......... ...                             100%  329M=0s

2026-09-01 15:12:51 (329 MB/s) - ‘costruisciearreda-static/costruisciearreda.it/wp-content/plugins/elementor-pro/assets/js/frontend.min.js?ver=4.2.2’ salvato [23939/23939]

--2026-09-01 15:12:51--  https://costruisciearreda.it/wp-content/plugins/elementor-pro/assets/js/elements-handlers.min.js?ver=4.2.2
Riutilizzo della connessione esistente a costruisciearreda.it:443.
Richiesta HTTP inviata, in attesa di risposta... 200 OK
Lunghezza: 43922 (43K) [application/javascript]
Salvataggio in: ‘costruisciearreda-static/costruisciearreda.it/wp-content/plugins/elementor-pro/assets/js/elements-handlers.min.js?ver=4.2.2’

     0K .......... .......... .......... .......... ..        100%  435M=0s

2026-09-01 15:12:51 (435 MB/s) - ‘costruisciearreda-static/costruisciearreda.it/wp-content/plugins/elementor-pro/assets/js/elements-handlers.min.js?ver=4.2.2’ salvato [43922/43922]

--2026-09-01 15:12:51--  https://costruisciearreda.it/wp-content/themes/jeansolutions/css/fonts/fontawesome-webfont.eot
Riutilizzo della connessione esistente a costruisciearreda.it:443.
Richiesta HTTP inviata, in attesa di risposta... 200 OK
Lunghezza: 165742 (162K) [application/vnd.ms-fontobject]
Salvataggio in: ‘costruisciearreda-static/costruisciearreda.it/wp-content/themes/jeansolutions/css/fonts/fontawesome-webfont.eot’

     0K .......... .......... .......... .......... .......... 30% 5,85M 0s
    50K .......... .......... .......... .......... .......... 61% 3,23M 0s
   100K .......... .......... .......... .......... .......... 92% 2,76M 0s
   150K .......... .                                          100%  350M=0,04s

2026-09-01 15:12:51 (3,84 MB/s) - ‘costruisciearreda-static/costruisciearreda.it/wp-content/themes/jeansolutions/css/fonts/fontawesome-webfont.eot’ salvato [165742/165742]

--2026-09-01 15:12:51--  https://costruisciearreda.it/wp-content/themes/jeansolutions/css/fonts/fontawesome-webfont.woff2
Riutilizzo della connessione esistente a costruisciearreda.it:443.
Richiesta HTTP inviata, in attesa di risposta... 200 OK
Lunghezza: 77160 (75K) [font/woff2]
Salvataggio in: ‘costruisciearreda-static/costruisciearreda.it/wp-content/themes/jeansolutions/css/fonts/fontawesome-webfont.woff2’

     0K .......... .......... .......... .......... .......... 66% 26,9M 0s
    50K .......... .......... .....                           100% 1,57M=0,02s

2026-09-01 15:12:51 (4,19 MB/s) - ‘costruisciearreda-static/costruisciearreda.it/wp-content/themes/jeansolutions/css/fonts/fontawesome-webfont.woff2’ salvato [77160/77160]

--2026-09-01 15:12:51--  https://costruisciearreda.it/wp-content/themes/jeansolutions/css/fonts/fontawesome-webfont.woff
Riutilizzo della connessione esistente a costruisciearreda.it:443.
Richiesta HTTP inviata, in attesa di risposta... 200 OK
Lunghezza: 98024 (96K) [font/woff]
Salvataggio in: ‘costruisciearreda-static/costruisciearreda.it/wp-content/themes/jeansolutions/css/fonts/fontawesome-webfont.woff’

     0K .......... .......... .......... .......... .......... 52% 18,3M 0s
    50K .......... .......... .......... .......... .....     100% 2,43M=0,02s

2026-09-01 15:12:51 (4,44 MB/s) - ‘costruisciearreda-static/costruisciearreda.it/wp-content/themes/jeansolutions/css/fonts/fontawesome-webfont.woff’ salvato [98024/98024]

--2026-09-01 15:12:51--  https://costruisciearreda.it/wp-content/themes/jeansolutions/css/fonts/fontawesome-webfont.ttf
Riutilizzo della connessione esistente a costruisciearreda.it:443.
Richiesta HTTP inviata, in attesa di risposta... 200 OK
Lunghezza: 165548 (162K) [font/ttf]
Salvataggio in: ‘costruisciearreda-static/costruisciearreda.it/wp-content/themes/jeansolutions/css/fonts/fontawesome-webfont.ttf’

     0K .......... .......... .......... .......... .......... 30% 59,1M 0s
    50K .......... .......... .......... .......... .......... 61% 2,45M 0s
   100K .......... .......... .......... .......... .......... 92% 14,5M 0s
   150K .......... .                                          100%  764K=0,04s

2026-09-01 15:12:51 (4,01 MB/s) - ‘costruisciearreda-static/costruisciearreda.it/wp-content/themes/jeansolutions/css/fonts/fontawesome-webfont.ttf’ salvato [165548/165548]

--2026-09-01 15:12:51--  https://costruisciearreda.it/wp-content/themes/jeansolutions/css/fonts/fontawesome-webfont.svg?v=4.7.0
Riutilizzo della connessione esistente a costruisciearreda.it:443.
Richiesta HTTP inviata, in attesa di risposta... 200 OK
Lunghezza: 444379 (434K) [image/svg+xml]
Salvataggio in: ‘costruisciearreda-static/costruisciearreda.it/wp-content/themes/jeansolutions/css/fonts/fontawesome-webfont.svg?v=4.7.0’

     0K .......... .......... .......... .......... .......... 11% 34,6M 0s
    50K .......... .......... .......... .......... .......... 23% 2,26M 0s
   100K .......... .......... .......... .......... .......... 34% 13,5M 0s
   150K .......... .......... .......... .......... .......... 46% 2,93M 0s
   200K .......... .......... .......... .......... .......... 57% 2,40M 0s
   250K .......... .......... .......... .......... .......... 69%  179M 0s
   300K .......... .......... .......... .......... .......... 80% 2,45M 0s
   350K .......... .......... .......... .......... .......... 92% 21,3M 0s
   400K .......... .......... .......... ...                  100% 2,23M=0,1s

2026-09-01 15:12:51 (4,20 MB/s) - ‘costruisciearreda-static/costruisciearreda.it/wp-content/themes/jeansolutions/css/fonts/fontawesome-webfont.svg?v=4.7.0’ salvato [444379/444379]

--2026-09-01 15:12:51--  https://costruisciearreda.it/wp-content/plugins/wp-store-locator/font/fontello.eot
Riutilizzo della connessione esistente a costruisciearreda.it:443.
Richiesta HTTP inviata, in attesa di risposta... 200 OK
Lunghezza: 5132 (5,0K) [application/vnd.ms-fontobject]
Salvataggio in: ‘costruisciearreda-static/costruisciearreda.it/wp-content/plugins/wp-store-locator/font/fontello.eot’

     0K .....                                                 100% 8,93G=0s

2026-09-01 15:12:51 (8,93 GB/s) - ‘costruisciearreda-static/costruisciearreda.it/wp-content/plugins/wp-store-locator/font/fontello.eot’ salvato [5132/5132]

--2026-09-01 15:12:51--  https://costruisciearreda.it/wp-content/plugins/wp-store-locator/font/fontello.woff
Riutilizzo della connessione esistente a costruisciearreda.it:443.
Richiesta HTTP inviata, in attesa di risposta... 200 OK
Lunghezza: 2848 (2,8K) [font/woff]
Salvataggio in: ‘costruisciearreda-static/costruisciearreda.it/wp-content/plugins/wp-store-locator/font/fontello.woff’

     0K ..                                                    100% 4,54G=0s

2026-09-01 15:12:51 (4,54 GB/s) - ‘costruisciearreda-static/costruisciearreda.it/wp-content/plugins/wp-store-locator/font/fontello.woff’ salvato [2848/2848]

--2026-09-01 15:12:51--  https://costruisciearreda.it/wp-content/plugins/wp-store-locator/font/fontello.ttf
Riutilizzo della connessione esistente a costruisciearreda.it:443.
Richiesta HTTP inviata, in attesa di risposta... 200 OK
Lunghezza: 4964 (4,8K) [font/ttf]
Salvataggio in: ‘costruisciearreda-static/costruisciearreda.it/wp-content/plugins/wp-store-locator/font/fontello.ttf’

     0K ....                                                  100% 8,82G=0s

2026-09-01 15:12:51 (8,82 GB/s) - ‘costruisciearreda-static/costruisciearreda.it/wp-content/plugins/wp-store-locator/font/fontello.ttf’ salvato [4964/4964]

--2026-09-01 15:12:51--  https://costruisciearreda.it/wp-content/plugins/wp-store-locator/font/fontello.svg?28897909
Riutilizzo della connessione esistente a costruisciearreda.it:443.
Richiesta HTTP inviata, in attesa di risposta... 200 OK
Lunghezza: 1223 (1,2K) [image/svg+xml]
Salvataggio in: ‘costruisciearreda-static/costruisciearreda.it/wp-content/plugins/wp-store-locator/font/fontello.svg?28897909’

     0K .                                                     100% 2,40G=0s

2026-09-01 15:12:51 (2,40 GB/s) - ‘costruisciearreda-static/costruisciearreda.it/wp-content/plugins/wp-store-locator/font/fontello.svg?28897909’ salvato [1223/1223]

--2026-09-01 15:12:51--  https://costruisciearreda.it/wp-content/themes/costruisciarreda-child/css/fonts/fa-solid-900.woff2
Riutilizzo della connessione esistente a costruisciearreda.it:443.
Richiesta HTTP inviata, in attesa di risposta... 200 OK
Lunghezza: 140996 (138K) [font/woff2]
Salvataggio in: ‘costruisciearreda-static/costruisciearreda.it/wp-content/themes/costruisciarreda-child/css/fonts/fa-solid-900.woff2’

     0K .......... .......... .......... .......... .......... 36% 40,6M 0s
    50K .......... .......... .......... .......... .......... 72% 2,58M 0s
   100K .......... .......... .......... .......              100%  499M=0,02s

2026-09-01 15:12:52 (6,65 MB/s) - ‘costruisciearreda-static/costruisciearreda.it/wp-content/themes/costruisciarreda-child/css/fonts/fa-solid-900.woff2’ salvato [140996/140996]

--2026-09-01 15:12:52--  https://costruisciearreda.it/wp-content/themes/costruisciarreda-child/css/fonts/fa-solid-900.ttf
Riutilizzo della connessione esistente a costruisciearreda.it:443.
Richiesta HTTP inviata, in attesa di risposta... 200 OK
Lunghezza: 387440 (378K) [font/ttf]
Salvataggio in: ‘costruisciearreda-static/costruisciearreda.it/wp-content/themes/costruisciarreda-child/css/fonts/fa-solid-900.ttf’

     0K .......... .......... .......... .......... .......... 13% 7,15M 0s
    50K .......... .......... .......... .......... .......... 26% 4,52M 0s
   100K .......... .......... .......... .......... .......... 39% 5,55M 0s
   150K .......... .......... .......... .......... .......... 52% 4,60M 0s
   200K .......... .......... .......... .......... .......... 66% 4,90M 0s
   250K .......... .......... .......... .......... .......... 79% 2,50M 0s
   300K .......... .......... .......... .......... .......... 92% 36,6M 0s
   350K .......... .......... ........                        100% 1,45M=0,09s

2026-09-01 15:12:52 (4,25 MB/s) - ‘costruisciearreda-static/costruisciearreda.it/wp-content/themes/costruisciarreda-child/css/fonts/fa-solid-900.ttf’ salvato [387440/387440]

--2026-09-01 15:12:52--  https://costruisciearreda.it/wp-content/themes/costruisciarreda-child/css/fonts/fa-regular-400.woff2
Riutilizzo della connessione esistente a costruisciearreda.it:443.
Richiesta HTTP inviata, in attesa di risposta... 200 OK
Lunghezza: 173596 (170K) [font/woff2]
Salvataggio in: ‘costruisciearreda-static/costruisciearreda.it/wp-content/themes/costruisciarreda-child/css/fonts/fa-regular-400.woff2’

     0K .......... .......... .......... .......... .......... 29% 21,9M 0s
    50K .......... .......... .......... .......... .......... 58% 3,01M 0s
   100K .......... .......... .......... .......... .......... 88% 22,0M 0s
   150K .......... .........                                  100%  463M=0,02s

2026-09-01 15:12:52 (7,99 MB/s) - ‘costruisciearreda-static/costruisciearreda.it/wp-content/themes/costruisciarreda-child/css/fonts/fa-regular-400.woff2’ salvato [173596/173596]

--2026-09-01 15:12:52--  https://costruisciearreda.it/wp-content/themes/costruisciarreda-child/css/fonts/fa-regular-400.ttf
Riutilizzo della connessione esistente a costruisciearreda.it:443.
Richiesta HTTP inviata, in attesa di risposta... 200 OK
Lunghezza: 454088 (443K) [font/ttf]
Salvataggio in: ‘costruisciearreda-static/costruisciearreda.it/wp-content/themes/costruisciarreda-child/css/fonts/fa-regular-400.ttf’

     0K .......... .......... .......... .......... .......... 11%  104M 0s
    50K .......... .......... .......... .......... .......... 22% 2,81M 0s
   100K .......... .......... .......... .......... .......... 33% 13,7M 0s
   150K .......... .......... .......... .......... .......... 45% 3,55M 0s
   200K .......... .......... .......... .......... .......... 56% 6,68M 0s
   250K .......... .......... .......... .......... .......... 67% 4,83M 0s
   300K .......... .......... .......... .......... .......... 78% 5,32M 0s
   350K .......... .......... .......... .......... .......... 90% 6,11M 0s
   400K .......... .......... .......... .......... ...       100% 3,58M=0,08s

2026-09-01 15:12:52 (5,31 MB/s) - ‘costruisciearreda-static/costruisciearreda.it/wp-content/themes/costruisciarreda-child/css/fonts/fa-regular-400.ttf’ salvato [454088/454088]

--2026-09-01 15:12:52--  https://costruisciearreda.it/wp-content/themes/costruisciarreda-child/css/fonts/fa-brands-400.woff2
Riutilizzo della connessione esistente a costruisciearreda.it:443.
Richiesta HTTP inviata, in attesa di risposta... 200 OK
Lunghezza: 78464 (77K) [font/woff2]
Salvataggio in: ‘costruisciearreda-static/costruisciearreda.it/wp-content/themes/costruisciarreda-child/css/fonts/fa-brands-400.woff2’

     0K .......... .......... .......... .......... .......... 65% 24,2M 0s
    50K .......... .......... ......                          100%  507M=0,002s

2026-09-01 15:12:52 (36,2 MB/s) - ‘costruisciearreda-static/costruisciearreda.it/wp-content/themes/costruisciarreda-child/css/fonts/fa-brands-400.woff2’ salvato [78464/78464]

--2026-09-01 15:12:52--  https://costruisciearreda.it/wp-content/themes/costruisciarreda-child/css/fonts/fa-brands-400.ttf
Riutilizzo della connessione esistente a costruisciearreda.it:443.
Richiesta HTTP inviata, in attesa di risposta... 200 OK
Lunghezza: 136516 (133K) [font/ttf]
Salvataggio in: ‘costruisciearreda-static/costruisciearreda.it/wp-content/themes/costruisciarreda-child/css/fonts/fa-brands-400.ttf’

     0K .......... .......... .......... .......... .......... 37% 18,4M 0s
    50K .......... .......... .......... .......... .......... 75% 3,28M 0s
   100K .......... .......... .......... ...                  100% 8,24M=0,02s

2026-09-01 15:12:52 (6,06 MB/s) - ‘costruisciearreda-static/costruisciearreda.it/wp-content/themes/costruisciarreda-child/css/fonts/fa-brands-400.ttf’ salvato [136516/136516]

--2026-09-01 15:12:52--  https://costruisciearreda.it/wp-content/themes/costruisciarreda-child/css/fonts/fa-light-300.eot
Riutilizzo della connessione esistente a costruisciearreda.it:443.
Richiesta HTTP inviata, in attesa di risposta... 200 OK
Lunghezza: 369491 (361K) [application/vnd.ms-fontobject]
Salvataggio in: ‘costruisciearreda-static/costruisciearreda.it/wp-content/themes/costruisciarreda-child/css/fonts/fa-light-300.eot’

     0K .......... .......... .......... .......... .......... 13% 35,3M 0s
    50K .......... .......... .......... .......... .......... 27% 2,49M 0s
   100K .......... .......... .......... .......... .......... 41% 24,9M 0s
   150K .......... .......... .......... .......... .......... 55% 3,19M 0s
   200K .......... .......... .......... .......... .......... 69% 9,87M 0s
   250K .......... .......... .......... .......... .......... 83% 68,8M 0s
   300K .......... .......... .......... .......... .......... 96% 2,75M 0s
   350K ..........                                            100%  390M=0,06s

2026-09-01 15:12:52 (5,71 MB/s) - ‘costruisciearreda-static/costruisciearreda.it/wp-content/themes/costruisciarreda-child/css/fonts/fa-light-300.eot’ salvato [369491/369491]

--2026-09-01 15:12:52--  https://costruisciearreda.it/wp-content/themes/costruisciarreda-child/css/fonts/fa-light-300.woff2
Riutilizzo della connessione esistente a costruisciearreda.it:443.
Richiesta HTTP inviata, in attesa di risposta... 200 OK
Lunghezza: 189648 (185K) [font/woff2]
Salvataggio in: ‘costruisciearreda-static/costruisciearreda.it/wp-content/themes/costruisciarreda-child/css/fonts/fa-light-300.woff2’

     0K .......... .......... .......... .......... .......... 26% 69,3M 0s
    50K .......... .......... .......... .......... .......... 53% 2,52M 0s
   100K .......... .......... .......... .......... .......... 80% 9,97M 0s
   150K .......... .......... .......... .....                100%  556M=0,03s

2026-09-01 15:12:52 (7,22 MB/s) - ‘costruisciearreda-static/costruisciearreda.it/wp-content/themes/costruisciarreda-child/css/fonts/fa-light-300.woff2’ salvato [189648/189648]

--2026-09-01 15:12:52--  https://costruisciearreda.it/wp-content/themes/costruisciarreda-child/css/fonts/fa-light-300.woff
Riutilizzo della connessione esistente a costruisciearreda.it:443.
Richiesta HTTP inviata, in attesa di risposta... 200 OK
Lunghezza: 40208 (39K) [font/woff]
Salvataggio in: ‘costruisciearreda-static/costruisciearreda.it/wp-content/themes/costruisciarreda-child/css/fonts/fa-light-300.woff’

     0K .......... .......... .......... .........            100%  403M=0s

2026-09-01 15:12:52 (403 MB/s) - ‘costruisciearreda-static/costruisciearreda.it/wp-content/themes/costruisciarreda-child/css/fonts/fa-light-300.woff’ salvato [40208/40208]

--2026-09-01 15:12:52--  https://costruisciearreda.it/wp-content/themes/costruisciarreda-child/css/fonts/fa-light-300.ttf
Riutilizzo della connessione esistente a costruisciearreda.it:443.
Richiesta HTTP inviata, in attesa di risposta... 200 OK
Lunghezza: 493688 (482K) [font/ttf]
Salvataggio in: ‘costruisciearreda-static/costruisciearreda.it/wp-content/themes/costruisciarreda-child/css/fonts/fa-light-300.ttf’

     0K .......... .......... .......... .......... .......... 10% 3,03M 0s
    50K .......... .......... .......... .......... .......... 20%  616M 0s
   100K .......... .......... .......... .......... .......... 31% 2,70M 0s
   150K .......... .......... .......... .......... .......... 41% 19,9M 0s
   200K .......... .......... .......... .......... .......... 51% 2,41M 0s
   250K .......... .......... .......... .......... .......... 62% 18,0M 0s
   300K .......... .......... .......... .......... .......... 72% 2,75M 0s
   350K .......... .......... .......... .......... .......... 82% 35,5M 0s
   400K .......... .......... .......... .......... .......... 93% 2,62M 0s
   450K .......... .......... .......... ..                   100%  503M=0,1s

2026-09-01 15:12:52 (4,83 MB/s) - ‘costruisciearreda-static/costruisciearreda.it/wp-content/themes/costruisciarreda-child/css/fonts/fa-light-300.ttf’ salvato [493688/493688]

--2026-09-01 15:12:52--  https://costruisciearreda.it/wp-content/themes/costruisciarreda-child/css/fonts/fa-light-300.svg
Riutilizzo della connessione esistente a costruisciearreda.it:443.
Richiesta HTTP inviata, in attesa di risposta... 200 OK
Lunghezza: 2444019 (2,3M) [image/svg+xml]
Salvataggio in: ‘costruisciearreda-static/costruisciearreda.it/wp-content/themes/costruisciarreda-child/css/fonts/fa-light-300.svg’

     0K .......... .......... .......... .......... ..........  2% 12,6M 0s
    50K .......... .......... .......... .......... ..........  4% 3,90M 0s
   100K .......... .......... .......... .......... ..........  6% 6,55M 0s
   150K .......... .......... .......... .......... ..........  8% 4,45M 0s
   200K .......... .......... .......... .......... .......... 10% 18,6M 0s
   250K .......... .......... .......... .......... .......... 12% 2,91M 0s
   300K .......... .......... .......... .......... .......... 14% 22,0M 0s
   350K .......... .......... .......... .......... .......... 16% 9,67M 0s
   400K .......... .......... .......... .......... .......... 18% 2,95M 0s
   450K .......... .......... .......... .......... .......... 20% 26,9M 0s
   500K .......... .......... .......... .......... .......... 23% 4,49M 0s
   550K .......... .......... .......... .......... .......... 25% 6,54M 0s
   600K .......... .......... .......... .......... .......... 27% 4,50M 0s
   650K .......... .......... .......... .......... .......... 29% 5,96M 0s
   700K .......... .......... .......... .......... .......... 31% 20,9M 0s
   750K .......... .......... .......... .......... .......... 33% 3,06M 0s
   800K .......... .......... .......... .......... .......... 35% 22,6M 0s
   850K .......... .......... .......... .......... .......... 37% 6,92M 0s
   900K .......... .......... .......... .......... .......... 39% 3,82M 0s
   950K .......... .......... .......... .......... .......... 41% 84,5M 0s
  1000K .......... .......... .......... .......... .......... 43% 3,36M 0s
  1050K .......... .......... .......... .......... .......... 46% 12,8M 0s
  1100K .......... .......... .......... .......... .......... 48% 11,7M 0s
  1150K .......... .......... .......... .......... .......... 50% 3,55M 0s
  1200K .......... .......... .......... .......... .......... 52% 12,3M 0s
  1250K .......... .......... .......... .......... .......... 54% 4,98M 0s
  1300K .......... .......... .......... .......... .......... 56% 7,67M 0s
  1350K .......... .......... .......... .......... .......... 58% 9,90M 0s
  1400K .......... .......... .......... .......... .......... 60% 3,04M 0s
  1450K .......... .......... .......... .......... .......... 62% 11,7M 0s
  1500K .......... .......... .......... .......... .......... 64% 12,1M 0s
  1550K .......... .......... .......... .......... .......... 67% 3,03M 0s
  1600K .......... .......... .......... .......... .......... 69%  542M 0s
  1650K .......... .......... .......... .......... .......... 71% 2,59M 0s
  1700K .......... .......... .......... .......... .......... 73%  256M 0s
  1750K .......... .......... .......... .......... .......... 75% 22,1M 0s
  1800K .......... .......... .......... .......... .......... 77% 3,05M 0s
  1850K .......... .......... .......... .......... .......... 79% 14,9M 0s
  1900K .......... .......... .......... .......... .......... 81% 3,26M 0s
  1950K .......... .......... .......... .......... .......... 83% 13,4M 0s
  2000K .......... .......... .......... .......... .......... 85% 25,5M 0s
  2050K .......... .......... .......... .......... .......... 87% 3,88M 0s
  2100K .......... .......... .......... .......... .......... 90% 6,10M 0s
  2150K .......... .......... .......... .......... .......... 92% 4,79M 0s
  2200K .......... .......... .......... .......... .......... 94% 1,85M 0s
  2250K .......... .......... .......... .......... .......... 96%  746M 0s
  2300K .......... .......... .......... .......... .......... 98% 17,0M 0s
  2350K .......... .......... .......... ......               100% 1,65M=0,4s

2026-09-01 15:12:53 (5,78 MB/s) - ‘costruisciearreda-static/costruisciearreda.it/wp-content/themes/costruisciarreda-child/css/fonts/fa-light-300.svg’ salvato [2444019/2444019]

--2026-09-01 15:12:53--  https://costruisciearreda.it/wp-content/themes/costruisciarreda-child/images/apici.png
Riutilizzo della connessione esistente a costruisciearreda.it:443.
Richiesta HTTP inviata, in attesa di risposta... 200 OK
Lunghezza: 1008 [image/png]
Salvataggio in: ‘costruisciearreda-static/costruisciearreda.it/wp-content/themes/costruisciarreda-child/images/apici.png’

     0K                                                       100% 1,41G=0s

2026-09-01 15:12:53 (1,41 GB/s) - ‘costruisciearreda-static/costruisciearreda.it/wp-content/themes/costruisciarreda-child/images/apici.png’ salvato [1008/1008]

--2026-09-01 15:12:53--  https://costruisciearreda.it/wp-content/themes/costruisciarreda-child/images/prev-carousel.svg
Riutilizzo della connessione esistente a costruisciearreda.it:443.
Richiesta HTTP inviata, in attesa di risposta... 200 OK
Lunghezza: 807 [image/svg+xml]
Salvataggio in: ‘costruisciearreda-static/costruisciearreda.it/wp-content/themes/costruisciarreda-child/images/prev-carousel.svg’

     0K                                                       100% 1,81G=0s

2026-09-01 15:12:53 (1,81 GB/s) - ‘costruisciearreda-static/costruisciearreda.it/wp-content/themes/costruisciarreda-child/images/prev-carousel.svg’ salvato [807/807]

--2026-09-01 15:12:53--  https://costruisciearreda.it/wp-content/themes/costruisciarreda-child/images/prev-carousel-hover.svg
Riutilizzo della connessione esistente a costruisciearreda.it:443.
Richiesta HTTP inviata, in attesa di risposta... 200 OK
Lunghezza: 816 [image/svg+xml]
Salvataggio in: ‘costruisciearreda-static/costruisciearreda.it/wp-content/themes/costruisciarreda-child/images/prev-carousel-hover.svg’

     0K                                                       100% 2,01G=0s

2026-09-01 15:12:53 (2,01 GB/s) - ‘costruisciearreda-static/costruisciearreda.it/wp-content/themes/costruisciarreda-child/images/prev-carousel-hover.svg’ salvato [816/816]

--2026-09-01 15:12:53--  https://costruisciearreda.it/wp-content/themes/costruisciarreda-child/images/next-carousel.svg
Riutilizzo della connessione esistente a costruisciearreda.it:443.
Richiesta HTTP inviata, in attesa di risposta... 200 OK
Lunghezza: 801 [image/svg+xml]
Salvataggio in: ‘costruisciearreda-static/costruisciearreda.it/wp-content/themes/costruisciarreda-child/images/next-carousel.svg’

     0K                                                       100% 1,41G=0s

2026-09-01 15:12:53 (1,41 GB/s) - ‘costruisciearreda-static/costruisciearreda.it/wp-content/themes/costruisciarreda-child/images/next-carousel.svg’ salvato [801/801]

--2026-09-01 15:12:53--  https://costruisciearreda.it/wp-content/themes/costruisciarreda-child/images/next-carousel-hover.svg
Riutilizzo della connessione esistente a costruisciearreda.it:443.
Richiesta HTTP inviata, in attesa di risposta... 200 OK
Lunghezza: 810 [image/svg+xml]
Salvataggio in: ‘costruisciearreda-static/costruisciearreda.it/wp-content/themes/costruisciarreda-child/images/next-carousel-hover.svg’

     0K                                                       100%  881M=0s

2026-09-01 15:12:53 (881 MB/s) - ‘costruisciearreda-static/costruisciearreda.it/wp-content/themes/costruisciarreda-child/images/next-carousel-hover.svg’ salvato [810/810]

--2026-09-01 15:12:53--  https://costruisciearreda.it/wp-content/themes/costruisciarreda-child/images/ico-gru.png
Riutilizzo della connessione esistente a costruisciearreda.it:443.
Richiesta HTTP inviata, in attesa di risposta... 200 OK
Lunghezza: 1441 (1,4K) [image/png]
Salvataggio in: ‘costruisciearreda-static/costruisciearreda.it/wp-content/themes/costruisciarreda-child/images/ico-gru.png’

     0K .                                                     100% 3,04G=0s

2026-09-01 15:12:53 (3,04 GB/s) - ‘costruisciearreda-static/costruisciearreda.it/wp-content/themes/costruisciarreda-child/images/ico-gru.png’ salvato [1441/1441]

--2026-09-01 15:12:53--  https://costruisciearreda.it/wp-content/themes/costruisciarreda-child/images/linea.png
Riutilizzo della connessione esistente a costruisciearreda.it:443.
Richiesta HTTP inviata, in attesa di risposta... 404 Not Found
2026-09-01 15:12:53 ERRORE 404: Not Found.

--2026-09-01 15:12:53--  https://costruisciearreda.it/wp-content/themes/costruisciarreda-child/images/over-tooltip.png
Riutilizzo della connessione esistente a costruisciearreda.it:443.
Richiesta HTTP inviata, in attesa di risposta... 404 Not Found
2026-09-01 15:12:54 ERRORE 404: Not Found.

--2026-09-01 15:12:54--  https://costruisciearreda.it/wp-content/uploads/2024/05/Raggruppa-1648.jpg
Riutilizzo della connessione esistente a costruisciearreda.it:443.
Richiesta HTTP inviata, in attesa di risposta... 200 OK
Lunghezza: 115677 (113K) [image/jpeg]
Salvataggio in: ‘costruisciearreda-static/costruisciearreda.it/wp-content/uploads/2024/05/Raggruppa-1648.jpg’

     0K .......... .......... .......... .......... .......... 44% 59,0M 0s
    50K .......... .......... .......... .......... .......... 88% 2,48M 0s
   100K .......... ..                                         100%  311M=0,02s

2026-09-01 15:12:54 (5,36 MB/s) - ‘costruisciearreda-static/costruisciearreda.it/wp-content/uploads/2024/05/Raggruppa-1648.jpg’ salvato [115677/115677]

--2026-09-01 15:12:54--  https://costruisciearreda.it/wp-content/uploads/2024/05/Raggruppa-1665.jpg
Riutilizzo della connessione esistente a costruisciearreda.it:443.
Richiesta HTTP inviata, in attesa di risposta... 200 OK
Lunghezza: 5009 (4,9K) [image/jpeg]
Salvataggio in: ‘costruisciearreda-static/costruisciearreda.it/wp-content/uploads/2024/05/Raggruppa-1665.jpg’

     0K ....                                                  100% 7,91G=0s

2026-09-01 15:12:54 (7,91 GB/s) - ‘costruisciearreda-static/costruisciearreda.it/wp-content/uploads/2024/05/Raggruppa-1665.jpg’ salvato [5009/5009]

--2026-09-01 15:12:54--  https://costruisciearreda.it/wp-content/uploads/2024/06/Raggruppa-1679.jpg
Riutilizzo della connessione esistente a costruisciearreda.it:443.
Richiesta HTTP inviata, in attesa di risposta... 200 OK
Lunghezza: 620037 (606K) [image/jpeg]
Salvataggio in: ‘costruisciearreda-static/costruisciearreda.it/wp-content/uploads/2024/06/Raggruppa-1679.jpg’

     0K .......... .......... .......... .......... ..........  8% 22,6M 0s
    50K .......... .......... .......... .......... .......... 16% 45,6M 0s
   100K .......... .......... .......... .......... .......... 24% 3,07M 0s
   150K .......... .......... .......... .......... .......... 33% 5,36M 0s
   200K .......... .......... .......... .......... .......... 41% 5,11M 0s
   250K .......... .......... .......... .......... .......... 49% 8,25M 0s
   300K .......... .......... .......... .......... .......... 57% 10,9M 0s
   350K .......... .......... .......... .......... .......... 66% 6,46M 0s
   400K .......... .......... .......... .......... .......... 74% 6,37M 0s
   450K .......... .......... .......... .......... .......... 82% 13,6M 0s
   500K .......... .......... .......... .......... .......... 90% 6,88M 0s
   550K .......... .......... .......... .......... .......... 99% 6,27M 0s
   600K .....                                                 100%  211M=0,08s

2026-09-01 15:12:54 (7,22 MB/s) - ‘costruisciearreda-static/costruisciearreda.it/wp-content/uploads/2024/06/Raggruppa-1679.jpg’ salvato [620037/620037]

--2026-09-01 15:12:54--  https://costruisciearreda.it/wp-content/uploads/2024/06/Raggruppa-1701.jpg
Riutilizzo della connessione esistente a costruisciearreda.it:443.
Richiesta HTTP inviata, in attesa di risposta... 200 OK
Lunghezza: 189001 (185K) [image/jpeg]
Salvataggio in: ‘costruisciearreda-static/costruisciearreda.it/wp-content/uploads/2024/06/Raggruppa-1701.jpg’

     0K .......... .......... .......... .......... .......... 27% 28,3M 0s
    50K .......... .......... .......... .......... .......... 54% 34,7M 0s
   100K .......... .......... .......... .......... .......... 81% 2,17M 0s
   150K .......... .......... .......... ....                 100%  414M=0,03s

2026-09-01 15:12:54 (7,01 MB/s) - ‘costruisciearreda-static/costruisciearreda.it/wp-content/uploads/2024/06/Raggruppa-1701.jpg’ salvato [189001/189001]

--2026-09-01 15:12:54--  https://costruisciearreda.it/wp-content/uploads/2024/06/Raggruppa-1695.jpg
Riutilizzo della connessione esistente a costruisciearreda.it:443.
Richiesta HTTP inviata, in attesa di risposta... 200 OK
Lunghezza: 229572 (224K) [image/jpeg]
Salvataggio in: ‘costruisciearreda-static/costruisciearreda.it/wp-content/uploads/2024/06/Raggruppa-1695.jpg’

     0K .......... .......... .......... .......... .......... 22% 18,2M 0s
    50K .......... .......... .......... .......... .......... 44%  468M 0s
   100K .......... .......... .......... .......... .......... 66% 2,73M 0s
   150K .......... .......... .......... .......... .......... 89% 7,26M 0s
   200K .......... .......... ....                            100%  394M=0,03s

2026-09-01 15:12:54 (7,97 MB/s) - ‘costruisciearreda-static/costruisciearreda.it/wp-content/uploads/2024/06/Raggruppa-1695.jpg’ salvato [229572/229572]

--2026-09-01 15:12:54--  https://costruisciearreda.it/wp-content/uploads/elementor/google-fonts/fonts/roboto-kfo5cnqeu92fr1mu53zec9_vu3r1gihoszmkc3kawzu.woff2
Riutilizzo della connessione esistente a costruisciearreda.it:443.
Richiesta HTTP inviata, in attesa di risposta... 200 OK
Lunghezza: 39456 (39K) [font/woff2]
Salvataggio in: ‘costruisciearreda-static/costruisciearreda.it/wp-content/uploads/elementor/google-fonts/fonts/roboto-kfo5cnqeu92fr1mu53zec9_vu3r1gihoszmkc3kawzu.woff2’

     0K .......... .......... .......... ........             100%  494M=0s

2026-09-01 15:12:54 (494 MB/s) - ‘costruisciearreda-static/costruisciearreda.it/wp-content/uploads/elementor/google-fonts/fonts/roboto-kfo5cnqeu92fr1mu53zec9_vu3r1gihoszmkc3kawzu.woff2’ salvato [39456/39456]

--2026-09-01 15:12:54--  https://costruisciearreda.it/wp-content/uploads/elementor/google-fonts/fonts/roboto-kfo5cnqeu92fr1mu53zec9_vu3r1gihoszmkankawzu.woff2
Riutilizzo della connessione esistente a costruisciearreda.it:443.
Richiesta HTTP inviata, in attesa di risposta... 200 OK
Lunghezza: 24576 (24K) [font/woff2]
Salvataggio in: ‘costruisciearreda-static/costruisciearreda.it/wp-content/uploads/elementor/google-fonts/fonts/roboto-kfo5cnqeu92fr1mu53zec9_vu3r1gihoszmkankawzu.woff2’

     0K .......... .......... ....                            100%  407M=0s

2026-09-01 15:12:54 (407 MB/s) - ‘costruisciearreda-static/costruisciearreda.it/wp-content/uploads/elementor/google-fonts/fonts/roboto-kfo5cnqeu92fr1mu53zec9_vu3r1gihoszmkankawzu.woff2’ salvato [24576/24576]

--2026-09-01 15:12:54--  https://costruisciearreda.it/wp-content/uploads/elementor/google-fonts/fonts/roboto-kfo5cnqeu92fr1mu53zec9_vu3r1gihoszmkcnkawzu.woff2
Riutilizzo della connessione esistente a costruisciearreda.it:443.
Richiesta HTTP inviata, in attesa di risposta... 200 OK
Lunghezza: 4468 (4,4K) [font/woff2]
Salvataggio in: ‘costruisciearreda-static/costruisciearreda.it/wp-content/uploads/elementor/google-fonts/fonts/roboto-kfo5cnqeu92fr1mu53zec9_vu3r1gihoszmkcnkawzu.woff2’

     0K ....                                                  100% 4,34G=0s

2026-09-01 15:12:54 (4,34 GB/s) - ‘costruisciearreda-static/costruisciearreda.it/wp-content/uploads/elementor/google-fonts/fonts/roboto-kfo5cnqeu92fr1mu53zec9_vu3r1gihoszmkcnkawzu.woff2’ salvato [4468/4468]

--2026-09-01 15:12:54--  https://costruisciearreda.it/wp-content/uploads/elementor/google-fonts/fonts/roboto-kfo5cnqeu92fr1mu53zec9_vu3r1gihoszmkbxkawzu.woff2
Riutilizzo della connessione esistente a costruisciearreda.it:443.
Richiesta HTTP inviata, in attesa di risposta... 200 OK
Lunghezza: 18800 (18K) [font/woff2]
Salvataggio in: ‘costruisciearreda-static/costruisciearreda.it/wp-content/uploads/elementor/google-fonts/fonts/roboto-kfo5cnqeu92fr1mu53zec9_vu3r1gihoszmkbxkawzu.woff2’

     0K .......... ........                                   100% 18,5M=0,001s

2026-09-01 15:12:54 (18,5 MB/s) - ‘costruisciearreda-static/costruisciearreda.it/wp-content/uploads/elementor/google-fonts/fonts/roboto-kfo5cnqeu92fr1mu53zec9_vu3r1gihoszmkbxkawzu.woff2’ salvato [18800/18800]

--2026-09-01 15:12:54--  https://costruisciearreda.it/wp-content/uploads/elementor/google-fonts/fonts/roboto-kfo5cnqeu92fr1mu53zec9_vu3r1gihoszmkenkawzu.woff2
Riutilizzo della connessione esistente a costruisciearreda.it:443.
Richiesta HTTP inviata, in attesa di risposta... 200 OK
Lunghezza: 44336 (43K) [font/woff2]
Salvataggio in: ‘costruisciearreda-static/costruisciearreda.it/wp-content/uploads/elementor/google-fonts/fonts/roboto-kfo5cnqeu92fr1mu53zec9_vu3r1gihoszmkenkawzu.woff2’

     0K .......... .......... .......... .......... ...       100% 19,8M=0,002s

2026-09-01 15:12:54 (19,8 MB/s) - ‘costruisciearreda-static/costruisciearreda.it/wp-content/uploads/elementor/google-fonts/fonts/roboto-kfo5cnqeu92fr1mu53zec9_vu3r1gihoszmkenkawzu.woff2’ salvato [44336/44336]

--2026-09-01 15:12:54--  https://costruisciearreda.it/wp-content/uploads/elementor/google-fonts/fonts/roboto-kfo5cnqeu92fr1mu53zec9_vu3r1gihoszmkahkawzu.woff2
Riutilizzo della connessione esistente a costruisciearreda.it:443.
Richiesta HTTP inviata, in attesa di risposta... 200 OK
Lunghezza: 22288 (22K) [font/woff2]
Salvataggio in: ‘costruisciearreda-static/costruisciearreda.it/wp-content/uploads/elementor/google-fonts/fonts/roboto-kfo5cnqeu92fr1mu53zec9_vu3r1gihoszmkahkawzu.woff2’

     0K .......... .......... .                               100%  444M=0s

2026-09-01 15:12:54 (444 MB/s) - ‘costruisciearreda-static/costruisciearreda.it/wp-content/uploads/elementor/google-fonts/fonts/roboto-kfo5cnqeu92fr1mu53zec9_vu3r1gihoszmkahkawzu.woff2’ salvato [22288/22288]

--2026-09-01 15:12:54--  https://costruisciearreda.it/wp-content/uploads/elementor/google-fonts/fonts/roboto-kfo5cnqeu92fr1mu53zec9_vu3r1gihoszmkcxkawzu.woff2
Riutilizzo della connessione esistente a costruisciearreda.it:443.
Richiesta HTTP inviata, in attesa di risposta... 200 OK
Lunghezza: 13888 (14K) [font/woff2]
Salvataggio in: ‘costruisciearreda-static/costruisciearreda.it/wp-content/uploads/elementor/google-fonts/fonts/roboto-kfo5cnqeu92fr1mu53zec9_vu3r1gihoszmkcxkawzu.woff2’

     0K .......... ...                                        100%  454M=0s

2026-09-01 15:12:54 (454 MB/s) - ‘costruisciearreda-static/costruisciearreda.it/wp-content/uploads/elementor/google-fonts/fonts/roboto-kfo5cnqeu92fr1mu53zec9_vu3r1gihoszmkcxkawzu.woff2’ salvato [13888/13888]

--2026-09-01 15:12:54--  https://costruisciearreda.it/wp-content/uploads/elementor/google-fonts/fonts/roboto-kfo5cnqeu92fr1mu53zec9_vu3r1gihoszmkchkawzu.woff2
Riutilizzo della connessione esistente a costruisciearreda.it:443.
Richiesta HTTP inviata, in attesa di risposta... 200 OK
Lunghezza: 28536 (28K) [font/woff2]
Salvataggio in: ‘costruisciearreda-static/costruisciearreda.it/wp-content/uploads/elementor/google-fonts/fonts/roboto-kfo5cnqeu92fr1mu53zec9_vu3r1gihoszmkchkawzu.woff2’

     0K .......... .......... .......                         100%  502M=0s

2026-09-01 15:12:54 (502 MB/s) - ‘costruisciearreda-static/costruisciearreda.it/wp-content/uploads/elementor/google-fonts/fonts/roboto-kfo5cnqeu92fr1mu53zec9_vu3r1gihoszmkchkawzu.woff2’ salvato [28536/28536]

--2026-09-01 15:12:54--  https://costruisciearreda.it/wp-content/uploads/elementor/google-fonts/fonts/roboto-kfo5cnqeu92fr1mu53zec9_vu3r1gihoszmkbnka.woff2
Riutilizzo della connessione esistente a costruisciearreda.it:443.
Richiesta HTTP inviata, in attesa di risposta... 200 OK
Lunghezza: 44192 (43K) [font/woff2]
Salvataggio in: ‘costruisciearreda-static/costruisciearreda.it/wp-content/uploads/elementor/google-fonts/fonts/roboto-kfo5cnqeu92fr1mu53zec9_vu3r1gihoszmkbnka.woff2’

     0K .......... .......... .......... .......... ...       100% 33,4M=0,001s

2026-09-01 15:12:54 (33,4 MB/s) - ‘costruisciearreda-static/costruisciearreda.it/wp-content/uploads/elementor/google-fonts/fonts/roboto-kfo5cnqeu92fr1mu53zec9_vu3r1gihoszmkbnka.woff2’ salvato [44192/44192]

--2026-09-01 15:12:54--  https://costruisciearreda.it/wp-content/uploads/elementor/google-fonts/fonts/roboto-kfo7cnqeu92fr1me7ksn66agldtyluama3gubgee.woff2
Riutilizzo della connessione esistente a costruisciearreda.it:443.
Richiesta HTTP inviata, in attesa di risposta... 200 OK
Lunghezza: 35568 (35K) [font/woff2]
Salvataggio in: ‘costruisciearreda-static/costruisciearreda.it/wp-content/uploads/elementor/google-fonts/fonts/roboto-kfo7cnqeu92fr1me7ksn66agldtyluama3gubgee.woff2’

     0K .......... .......... .......... ....                 100%  540M=0s

2026-09-01 15:12:55 (540 MB/s) - ‘costruisciearreda-static/costruisciearreda.it/wp-content/uploads/elementor/google-fonts/fonts/roboto-kfo7cnqeu92fr1me7ksn66agldtyluama3gubgee.woff2’ salvato [35568/35568]

--2026-09-01 15:12:55--  https://costruisciearreda.it/wp-content/uploads/elementor/google-fonts/fonts/roboto-kfo7cnqeu92fr1me7ksn66agldtyluama3iubgee.woff2
Riutilizzo della connessione esistente a costruisciearreda.it:443.
Richiesta HTTP inviata, in attesa di risposta... 200 OK
Lunghezza: 22796 (22K) [font/woff2]
Salvataggio in: ‘costruisciearreda-static/costruisciearreda.it/wp-content/uploads/elementor/google-fonts/fonts/roboto-kfo7cnqeu92fr1me7ksn66agldtyluama3iubgee.woff2’

     0K .......... .......... ..                              100%  508M=0s

2026-09-01 15:12:55 (508 MB/s) - ‘costruisciearreda-static/costruisciearreda.it/wp-content/uploads/elementor/google-fonts/fonts/roboto-kfo7cnqeu92fr1me7ksn66agldtyluama3iubgee.woff2’ salvato [22796/22796]

--2026-09-01 15:12:55--  https://costruisciearreda.it/wp-content/uploads/elementor/google-fonts/fonts/roboto-kfo7cnqeu92fr1me7ksn66agldtyluama3cubgee.woff2
Riutilizzo della connessione esistente a costruisciearreda.it:443.
Richiesta HTTP inviata, in attesa di risposta... 200 OK
Lunghezza: 4340 (4,2K) [font/woff2]
Salvataggio in: ‘costruisciearreda-static/costruisciearreda.it/wp-content/uploads/elementor/google-fonts/fonts/roboto-kfo7cnqeu92fr1me7ksn66agldtyluama3cubgee.woff2’

     0K ....                                                  100% 4,46G=0s

2026-09-01 15:12:55 (4,46 GB/s) - ‘costruisciearreda-static/costruisciearreda.it/wp-content/uploads/elementor/google-fonts/fonts/roboto-kfo7cnqeu92fr1me7ksn66agldtyluama3cubgee.woff2’ salvato [4340/4340]

--2026-09-01 15:12:55--  https://costruisciearreda.it/wp-content/uploads/elementor/google-fonts/fonts/roboto-kfo7cnqeu92fr1me7ksn66agldtyluama3-ubgee.woff2
Riutilizzo della connessione esistente a costruisciearreda.it:443.
Richiesta HTTP inviata, in attesa di risposta... 200 OK
Lunghezza: 17628 (17K) [font/woff2]
Salvataggio in: ‘costruisciearreda-static/costruisciearreda.it/wp-content/uploads/elementor/google-fonts/fonts/roboto-kfo7cnqeu92fr1me7ksn66agldtyluama3-ubgee.woff2’

     0K .......... .......                                    100%  419M=0s

2026-09-01 15:12:55 (419 MB/s) - ‘costruisciearreda-static/costruisciearreda.it/wp-content/uploads/elementor/google-fonts/fonts/roboto-kfo7cnqeu92fr1me7ksn66agldtyluama3-ubgee.woff2’ salvato [17628/17628]

--2026-09-01 15:12:55--  https://costruisciearreda.it/wp-content/uploads/elementor/google-fonts/fonts/roboto-kfo7cnqeu92fr1me7ksn66agldtyluamawcubgee.woff2
Riutilizzo della connessione esistente a costruisciearreda.it:443.
Richiesta HTTP inviata, in attesa di risposta... 200 OK
Lunghezza: 40572 (40K) [font/woff2]
Salvataggio in: ‘costruisciearreda-static/costruisciearreda.it/wp-content/uploads/elementor/google-fonts/fonts/roboto-kfo7cnqeu92fr1me7ksn66agldtyluamawcubgee.woff2’

     0K .......... .......... .......... .........            100% 51,3M=0,001s

2026-09-01 15:12:55 (51,3 MB/s) - ‘costruisciearreda-static/costruisciearreda.it/wp-content/uploads/elementor/google-fonts/fonts/roboto-kfo7cnqeu92fr1me7ksn66agldtyluamawcubgee.woff2’ salvato [40572/40572]

--2026-09-01 15:12:55--  https://costruisciearreda.it/wp-content/uploads/elementor/google-fonts/fonts/roboto-kfo7cnqeu92fr1me7ksn66agldtyluamaxkubgee.woff2
Riutilizzo della connessione esistente a costruisciearreda.it:443.
Richiesta HTTP inviata, in attesa di risposta... 200 OK
Lunghezza: 20408 (20K) [font/woff2]
Salvataggio in: ‘costruisciearreda-static/costruisciearreda.it/wp-content/uploads/elementor/google-fonts/fonts/roboto-kfo7cnqeu92fr1me7ksn66agldtyluamaxkubgee.woff2’

     0K .......... .........                                  100%  423M=0s

2026-09-01 15:12:55 (423 MB/s) - ‘costruisciearreda-static/costruisciearreda.it/wp-content/uploads/elementor/google-fonts/fonts/roboto-kfo7cnqeu92fr1me7ksn66agldtyluamaxkubgee.woff2’ salvato [20408/20408]

--2026-09-01 15:12:55--  https://costruisciearreda.it/wp-content/uploads/elementor/google-fonts/fonts/roboto-kfo7cnqeu92fr1me7ksn66agldtyluama3oubgee.woff2
Riutilizzo della connessione esistente a costruisciearreda.it:443.
Richiesta HTTP inviata, in attesa di risposta... 200 OK
Lunghezza: 13004 (13K) [font/woff2]
Salvataggio in: ‘costruisciearreda-static/costruisciearreda.it/wp-content/uploads/elementor/google-fonts/fonts/roboto-kfo7cnqeu92fr1me7ksn66agldtyluama3oubgee.woff2’

     0K .......... ..                                         100%  358M=0s

2026-09-01 15:12:55 (358 MB/s) - ‘costruisciearreda-static/costruisciearreda.it/wp-content/uploads/elementor/google-fonts/fonts/roboto-kfo7cnqeu92fr1me7ksn66agldtyluama3oubgee.woff2’ salvato [13004/13004]

--2026-09-01 15:12:55--  https://costruisciearreda.it/wp-content/uploads/elementor/google-fonts/fonts/roboto-kfo7cnqeu92fr1me7ksn66agldtyluama3kubgee.woff2
Riutilizzo della connessione esistente a costruisciearreda.it:443.
Richiesta HTTP inviata, in attesa di risposta... 200 OK
Lunghezza: 26428 (26K) [font/woff2]
Salvataggio in: ‘costruisciearreda-static/costruisciearreda.it/wp-content/uploads/elementor/google-fonts/fonts/roboto-kfo7cnqeu92fr1me7ksn66agldtyluama3kubgee.woff2’

     0K .......... .......... .....                           100%  433M=0s

2026-09-01 15:12:55 (433 MB/s) - ‘costruisciearreda-static/costruisciearreda.it/wp-content/uploads/elementor/google-fonts/fonts/roboto-kfo7cnqeu92fr1me7ksn66agldtyluama3kubgee.woff2’ salvato [26428/26428]

--2026-09-01 15:12:55--  https://costruisciearreda.it/wp-content/uploads/elementor/google-fonts/fonts/roboto-kfo7cnqeu92fr1me7ksn66agldtyluama3yuba.woff2
Riutilizzo della connessione esistente a costruisciearreda.it:443.
Richiesta HTTP inviata, in attesa di risposta... 200 OK
Lunghezza: 40128 (39K) [font/woff2]
Salvataggio in: ‘costruisciearreda-static/costruisciearreda.it/wp-content/uploads/elementor/google-fonts/fonts/roboto-kfo7cnqeu92fr1me7ksn66agldtyluama3yuba.woff2’

     0K .......... .......... .......... .........            100%  581M=0s

2026-09-01 15:12:55 (581 MB/s) - ‘costruisciearreda-static/costruisciearreda.it/wp-content/uploads/elementor/google-fonts/fonts/roboto-kfo7cnqeu92fr1me7ksn66agldtyluama3yuba.woff2’ salvato [40128/40128]

--2026-09-01 15:12:55--  https://costruisciearreda.it/wp-content/uploads/elementor/google-fonts/fonts/robotoslab-bngmuxzytxpivibgjjsb6ufa5qw54a.woff2
Riutilizzo della connessione esistente a costruisciearreda.it:443.
Richiesta HTTP inviata, in attesa di risposta... 200 OK
Lunghezza: 32284 (32K) [font/woff2]
Salvataggio in: ‘costruisciearreda-static/costruisciearreda.it/wp-content/uploads/elementor/google-fonts/fonts/robotoslab-bngmuxzytxpivibgjjsb6ufa5qw54a.woff2’

     0K .......... .......... .......... .                    100%  440M=0s

2026-09-01 15:12:55 (440 MB/s) - ‘costruisciearreda-static/costruisciearreda.it/wp-content/uploads/elementor/google-fonts/fonts/robotoslab-bngmuxzytxpivibgjjsb6ufa5qw54a.woff2’ salvato [32284/32284]

--2026-09-01 15:12:55--  https://costruisciearreda.it/wp-content/uploads/elementor/google-fonts/fonts/robotoslab-bngmuxzytxpivibgjjsb6ufj5qw54a.woff2
Riutilizzo della connessione esistente a costruisciearreda.it:443.
Richiesta HTTP inviata, in attesa di risposta... 200 OK
Lunghezza: 21272 (21K) [font/woff2]
Salvataggio in: ‘costruisciearreda-static/costruisciearreda.it/wp-content/uploads/elementor/google-fonts/fonts/robotoslab-bngmuxzytxpivibgjjsb6ufj5qw54a.woff2’

     0K .......... ..........                                 100%  361M=0s

2026-09-01 15:12:55 (361 MB/s) - ‘costruisciearreda-static/costruisciearreda.it/wp-content/uploads/elementor/google-fonts/fonts/robotoslab-bngmuxzytxpivibgjjsb6ufj5qw54a.woff2’ salvato [21272/21272]

--2026-09-01 15:12:55--  https://costruisciearreda.it/wp-content/uploads/elementor/google-fonts/fonts/robotoslab-bngmuxzytxpivibgjjsb6ufb5qw54a.woff2
Riutilizzo della connessione esistente a costruisciearreda.it:443.
Richiesta HTTP inviata, in attesa di risposta... 200 OK
Lunghezza: 2184 (2,1K) [font/woff2]
Salvataggio in: ‘costruisciearreda-static/costruisciearreda.it/wp-content/uploads/elementor/google-fonts/fonts/robotoslab-bngmuxzytxpivibgjjsb6ufb5qw54a.woff2’

     0K ..                                                    100% 3,08G=0s

2026-09-01 15:12:55 (3,08 GB/s) - ‘costruisciearreda-static/costruisciearreda.it/wp-content/uploads/elementor/google-fonts/fonts/robotoslab-bngmuxzytxpivibgjjsb6ufb5qw54a.woff2’ salvato [2184/2184]

--2026-09-01 15:12:55--  https://costruisciearreda.it/wp-content/uploads/elementor/google-fonts/fonts/robotoslab-bngmuxzytxpivibgjjsb6ufo5qw54a.woff2
Riutilizzo della connessione esistente a costruisciearreda.it:443.
Richiesta HTTP inviata, in attesa di risposta... 200 OK
Lunghezza: 14852 (15K) [font/woff2]
Salvataggio in: ‘costruisciearreda-static/costruisciearreda.it/wp-content/uploads/elementor/google-fonts/fonts/robotoslab-bngmuxzytxpivibgjjsb6ufo5qw54a.woff2’

     0K .......... ....                                       100%  455M=0s

2026-09-01 15:12:55 (455 MB/s) - ‘costruisciearreda-static/costruisciearreda.it/wp-content/uploads/elementor/google-fonts/fonts/robotoslab-bngmuxzytxpivibgjjsb6ufo5qw54a.woff2’ salvato [14852/14852]

--2026-09-01 15:12:55--  https://costruisciearreda.it/wp-content/uploads/elementor/google-fonts/fonts/robotoslab-bngmuxzytxpivibgjjsb6ufc5qw54a.woff2
Riutilizzo della connessione esistente a costruisciearreda.it:443.
Richiesta HTTP inviata, in attesa di risposta... 200 OK
Lunghezza: 9872 (9,6K) [font/woff2]
Salvataggio in: ‘costruisciearreda-static/costruisciearreda.it/wp-content/uploads/elementor/google-fonts/fonts/robotoslab-bngmuxzytxpivibgjjsb6ufc5qw54a.woff2’

     0K .........                                             100%  302M=0s

2026-09-01 15:12:55 (302 MB/s) - ‘costruisciearreda-static/costruisciearreda.it/wp-content/uploads/elementor/google-fonts/fonts/robotoslab-bngmuxzytxpivibgjjsb6ufc5qw54a.woff2’ salvato [9872/9872]

--2026-09-01 15:12:55--  https://costruisciearreda.it/wp-content/uploads/elementor/google-fonts/fonts/robotoslab-bngmuxzytxpivibgjjsb6ufd5qw54a.woff2
Riutilizzo della connessione esistente a costruisciearreda.it:443.
Richiesta HTTP inviata, in attesa di risposta... 200 OK
Lunghezza: 20760 (20K) [font/woff2]
Salvataggio in: ‘costruisciearreda-static/costruisciearreda.it/wp-content/uploads/elementor/google-fonts/fonts/robotoslab-bngmuxzytxpivibgjjsb6ufd5qw54a.woff2’

     0K .......... ..........                                 100% 8,16M=0,002s

2026-09-01 15:12:55 (8,16 MB/s) - ‘costruisciearreda-static/costruisciearreda.it/wp-content/uploads/elementor/google-fonts/fonts/robotoslab-bngmuxzytxpivibgjjsb6ufd5qw54a.woff2’ salvato [20760/20760]

--2026-09-01 15:12:55--  https://costruisciearreda.it/wp-content/uploads/elementor/google-fonts/fonts/robotoslab-bngmuxzytxpivibgjjsb6ufn5qu.woff2
Riutilizzo della connessione esistente a costruisciearreda.it:443.
Richiesta HTTP inviata, in attesa di risposta... 200 OK
Lunghezza: 34328 (34K) [font/woff2]
Salvataggio in: ‘costruisciearreda-static/costruisciearreda.it/wp-content/uploads/elementor/google-fonts/fonts/robotoslab-bngmuxzytxpivibgjjsb6ufn5qu.woff2’

     0K .......... .......... .......... ...                  100%  488M=0s

2026-09-01 15:12:55 (488 MB/s) - ‘costruisciearreda-static/costruisciearreda.it/wp-content/uploads/elementor/google-fonts/fonts/robotoslab-bngmuxzytxpivibgjjsb6ufn5qu.woff2’ salvato [34328/34328]

--2026-09-01 15:12:55--  https://costruisciearreda.it/wp-content/uploads/elementor/google-fonts/fonts/montserrat-jtuqjig1_i6t8kchkm459wxrxc7mw9c.woff2
Riutilizzo della connessione esistente a costruisciearreda.it:443.
Richiesta HTTP inviata, in attesa di risposta... 200 OK
Lunghezza: 26912 (26K) [font/woff2]
Salvataggio in: ‘costruisciearreda-static/costruisciearreda.it/wp-content/uploads/elementor/google-fonts/fonts/montserrat-jtuqjig1_i6t8kchkm459wxrxc7mw9c.woff2’

     0K .......... .......... ......                          100%  541M=0s

2026-09-01 15:12:55 (541 MB/s) - ‘costruisciearreda-static/costruisciearreda.it/wp-content/uploads/elementor/google-fonts/fonts/montserrat-jtuqjig1_i6t8kchkm459wxrxc7mw9c.woff2’ salvato [26912/26912]

--2026-09-01 15:12:55--  https://costruisciearreda.it/wp-content/uploads/elementor/google-fonts/fonts/montserrat-jtuqjig1_i6t8kchkm459wxrzs7mw9c.woff2
Riutilizzo della connessione esistente a costruisciearreda.it:443.
Richiesta HTTP inviata, in attesa di risposta... 200 OK
Lunghezza: 24620 (24K) [font/woff2]
Salvataggio in: ‘costruisciearreda-static/costruisciearreda.it/wp-content/uploads/elementor/google-fonts/fonts/montserrat-jtuqjig1_i6t8kchkm459wxrzs7mw9c.woff2’

     0K .......... .......... ....                            100%  260M=0s

2026-09-01 15:12:55 (260 MB/s) - ‘costruisciearreda-static/costruisciearreda.it/wp-content/uploads/elementor/google-fonts/fonts/montserrat-jtuqjig1_i6t8kchkm459wxrzs7mw9c.woff2’ salvato [24620/24620]

--2026-09-01 15:12:55--  https://costruisciearreda.it/wp-content/uploads/elementor/google-fonts/fonts/montserrat-jtuqjig1_i6t8kchkm459wxrxi7mw9c.woff2
Riutilizzo della connessione esistente a costruisciearreda.it:443.
Richiesta HTTP inviata, in attesa di risposta... 200 OK
Lunghezza: 13868 (14K) [font/woff2]
Salvataggio in: ‘costruisciearreda-static/costruisciearreda.it/wp-content/uploads/elementor/google-fonts/fonts/montserrat-jtuqjig1_i6t8kchkm459wxrxi7mw9c.woff2’

     0K .......... ...                                        100%  396M=0s

2026-09-01 15:12:55 (396 MB/s) - ‘costruisciearreda-static/costruisciearreda.it/wp-content/uploads/elementor/google-fonts/fonts/montserrat-jtuqjig1_i6t8kchkm459wxrxi7mw9c.woff2’ salvato [13868/13868]

--2026-09-01 15:12:55--  https://costruisciearreda.it/wp-content/uploads/elementor/google-fonts/fonts/montserrat-jtuqjig1_i6t8kchkm459wxrxy7mw9c.woff2
Riutilizzo della connessione esistente a costruisciearreda.it:443.
Richiesta HTTP inviata, in attesa di risposta... 200 OK
Lunghezza: 75044 (73K) [font/woff2]
Salvataggio in: ‘costruisciearreda-static/costruisciearreda.it/wp-content/uploads/elementor/google-fonts/fonts/montserrat-jtuqjig1_i6t8kchkm459wxrxy7mw9c.woff2’

     0K .......... .......... .......... .......... .......... 68%  401M 0s
    50K .......... .......... ...                             100%  416M=0s

2026-09-01 15:12:55 (406 MB/s) - ‘costruisciearreda-static/costruisciearreda.it/wp-content/uploads/elementor/google-fonts/fonts/montserrat-jtuqjig1_i6t8kchkm459wxrxy7mw9c.woff2’ salvato [75044/75044]

--2026-09-01 15:12:55--  https://costruisciearreda.it/wp-content/uploads/elementor/google-fonts/fonts/montserrat-jtuqjig1_i6t8kchkm459wxrys7m.woff2
Riutilizzo della connessione esistente a costruisciearreda.it:443.
Richiesta HTTP inviata, in attesa di risposta... 200 OK
Lunghezza: 39608 (39K) [font/woff2]
Salvataggio in: ‘costruisciearreda-static/costruisciearreda.it/wp-content/uploads/elementor/google-fonts/fonts/montserrat-jtuqjig1_i6t8kchkm459wxrys7m.woff2’

     0K .......... .......... .......... ........             100%  592M=0s

2026-09-01 15:12:55 (592 MB/s) - ‘costruisciearreda-static/costruisciearreda.it/wp-content/uploads/elementor/google-fonts/fonts/montserrat-jtuqjig1_i6t8kchkm459wxrys7m.woff2’ salvato [39608/39608]

--2026-09-01 15:12:55--  https://costruisciearreda.it/wp-content/uploads/elementor/google-fonts/fonts/montserrat-jtusjig1_i6t8kchkm459wrhyzbi.woff2
Riutilizzo della connessione esistente a costruisciearreda.it:443.
Richiesta HTTP inviata, in attesa di risposta... 200 OK
Lunghezza: 26476 (26K) [font/woff2]
Salvataggio in: ‘costruisciearreda-static/costruisciearreda.it/wp-content/uploads/elementor/google-fonts/fonts/montserrat-jtusjig1_i6t8kchkm459wrhyzbi.woff2’

     0K .......... .......... .....                           100%  416M=0s

2026-09-01 15:12:55 (416 MB/s) - ‘costruisciearreda-static/costruisciearreda.it/wp-content/uploads/elementor/google-fonts/fonts/montserrat-jtusjig1_i6t8kchkm459wrhyzbi.woff2’ salvato [26476/26476]

--2026-09-01 15:12:55--  https://costruisciearreda.it/wp-content/uploads/elementor/google-fonts/fonts/montserrat-jtusjig1_i6t8kchkm459w1hyzbi.woff2
Riutilizzo della connessione esistente a costruisciearreda.it:443.
Richiesta HTTP inviata, in attesa di risposta... 200 OK
Lunghezza: 23836 (23K) [font/woff2]
Salvataggio in: ‘costruisciearreda-static/costruisciearreda.it/wp-content/uploads/elementor/google-fonts/fonts/montserrat-jtusjig1_i6t8kchkm459w1hyzbi.woff2’

     0K .......... .......... ...                             100%  505M=0s

2026-09-01 15:12:55 (505 MB/s) - ‘costruisciearreda-static/costruisciearreda.it/wp-content/uploads/elementor/google-fonts/fonts/montserrat-jtusjig1_i6t8kchkm459w1hyzbi.woff2’ salvato [23836/23836]

--2026-09-01 15:12:55--  https://costruisciearreda.it/wp-content/uploads/elementor/google-fonts/fonts/montserrat-jtusjig1_i6t8kchkm459wzhyzbi.woff2
Riutilizzo della connessione esistente a costruisciearreda.it:443.
Richiesta HTTP inviata, in attesa di risposta... 200 OK
Lunghezza: 13020 (13K) [font/woff2]
Salvataggio in: ‘costruisciearreda-static/costruisciearreda.it/wp-content/uploads/elementor/google-fonts/fonts/montserrat-jtusjig1_i6t8kchkm459wzhyzbi.woff2’

     0K .......... ..                                         100%  272M=0s

2026-09-01 15:12:55 (272 MB/s) - ‘costruisciearreda-static/costruisciearreda.it/wp-content/uploads/elementor/google-fonts/fonts/montserrat-jtusjig1_i6t8kchkm459wzhyzbi.woff2’ salvato [13020/13020]

--2026-09-01 15:12:55--  https://costruisciearreda.it/wp-content/uploads/elementor/google-fonts/fonts/montserrat-jtusjig1_i6t8kchkm459wdhyzbi.woff2
Riutilizzo della connessione esistente a costruisciearreda.it:443.
Richiesta HTTP inviata, in attesa di risposta... 200 OK
Lunghezza: 70768 (69K) [font/woff2]
Salvataggio in: ‘costruisciearreda-static/costruisciearreda.it/wp-content/uploads/elementor/google-fonts/fonts/montserrat-jtusjig1_i6t8kchkm459wdhyzbi.woff2’

     0K .......... .......... .......... .......... .......... 72% 36,2M 0s
    50K .......... .........                                  100% 17,1M=0,002s

2026-09-01 15:12:55 (27,6 MB/s) - ‘costruisciearreda-static/costruisciearreda.it/wp-content/uploads/elementor/google-fonts/fonts/montserrat-jtusjig1_i6t8kchkm459wdhyzbi.woff2’ salvato [70768/70768]

--2026-09-01 15:12:55--  https://costruisciearreda.it/wp-content/uploads/elementor/google-fonts/fonts/montserrat-jtusjig1_i6t8kchkm459wlhyw.woff2
Riutilizzo della connessione esistente a costruisciearreda.it:443.
Richiesta HTTP inviata, in attesa di risposta... 200 OK
Lunghezza: 37828 (37K) [font/woff2]
Salvataggio in: ‘costruisciearreda-static/costruisciearreda.it/wp-content/uploads/elementor/google-fonts/fonts/montserrat-jtusjig1_i6t8kchkm459wlhyw.woff2’

     0K .......... .......... .......... ......               100%  552M=0s

2026-09-01 15:12:55 (552 MB/s) - ‘costruisciearreda-static/costruisciearreda.it/wp-content/uploads/elementor/google-fonts/fonts/montserrat-jtusjig1_i6t8kchkm459wlhyw.woff2’ salvato [37828/37828]

--2026-09-01 15:12:55--  https://costruisciearreda.it/wp-json/oembed/1.0/embed?url=https%3A%2F%2Fcostruisciearreda.it%2Fla-nostra-storia%2F
Riutilizzo della connessione esistente a costruisciearreda.it:443.
Richiesta HTTP inviata, in attesa di risposta... 200 OK
Lunghezza: non specificato [application/json]
Salvataggio in: ‘costruisciearreda-static/costruisciearreda.it/wp-json/oembed/1.0/embed?url=https:%2F%2Fcostruisciearreda.it%2Fla-nostra-storia%2F’

     0K ..                                                     1,52G=0s

Intestazione Last-modified mancante -- marche temporali disattivate.
2026-09-01 15:12:56 (1,52 GB/s) - ‘costruisciearreda-static/costruisciearreda.it/wp-json/oembed/1.0/embed?url=https:%2F%2Fcostruisciearreda.it%2Fla-nostra-storia%2F’ salvato [2736]

--2026-09-01 15:12:56--  https://costruisciearreda.it/wp-json/oembed/1.0/embed?url=https%3A%2F%2Fcostruisciearreda.it%2Fla-nostra-storia%2F&format=xml
Riutilizzo della connessione esistente a costruisciearreda.it:443.
Richiesta HTTP inviata, in attesa di risposta... 200 OK
Lunghezza: non specificato [text/xml]
Salvataggio in: ‘costruisciearreda-static/costruisciearreda.it/wp-json/oembed/1.0/embed?url=https:%2F%2Fcostruisciearreda.it%2Fla-nostra-storia%2F&format=xml’

     0K ..                                                     2,09G=0s

Intestazione Last-modified mancante -- marche temporali disattivate.
2026-09-01 15:12:56 (2,09 GB/s) - ‘costruisciearreda-static/costruisciearreda.it/wp-json/oembed/1.0/embed?url=https:%2F%2Fcostruisciearreda.it%2Fla-nostra-storia%2F&format=xml’ salvato [2905]

--2026-09-01 15:12:56--  https://costruisciearreda.it/wp-content/cache/wpo-minify/1788241814/assets/wpo-minify-header-d86ab3a6.min.css
Riutilizzo della connessione esistente a costruisciearreda.it:443.
Richiesta HTTP inviata, in attesa di risposta... 200 OK
Lunghezza: 746320 (729K) [text/css]
Salvataggio in: ‘costruisciearreda-static/costruisciearreda.it/wp-content/cache/wpo-minify/1788241814/assets/wpo-minify-header-d86ab3a6.min.css’

     0K .......... .......... .......... .......... ..........  6% 2,57M 0s
    50K .......... .......... .......... .......... .......... 13% 32,3M 0s
   100K .......... .......... .......... .......... .......... 20% 2,28M 0s
   150K .......... .......... .......... .......... .......... 27%  505M 0s
   200K .......... .......... .......... .......... .......... 34% 2,61M 0s
   250K .......... .......... .......... .......... .......... 41% 14,1M 0s
   300K .......... .......... .......... .......... .......... 48% 68,2M 0s
   350K .......... .......... .......... .......... .......... 54% 3,31M 0s
   400K .......... .......... .......... .......... .......... 61% 6,76M 0s
   450K .......... .......... .......... .......... .......... 68% 26,1M 0s
   500K .......... .......... .......... .......... .......... 75% 5,09M 0s
   550K .......... .......... .......... .......... .......... 82% 4,15M 0s
   600K .......... .......... .......... .......... .......... 89%  634M 0s
   650K .......... .......... .......... .......... .......... 96% 7,38M 0s
   700K .......... .......... ........                        100% 2,49M=0,1s

2026-09-01 15:12:56 (5,55 MB/s) - ‘costruisciearreda-static/costruisciearreda.it/wp-content/cache/wpo-minify/1788241814/assets/wpo-minify-header-d86ab3a6.min.css’ salvato [746320/746320]

--2026-09-01 15:12:56--  https://costruisciearreda.it/wp-json/wp/v2/pages/100
Riutilizzo della connessione esistente a costruisciearreda.it:443.
Richiesta HTTP inviata, in attesa di risposta... 200 OK
Lunghezza: non specificato [application/json]
Salvataggio in: ‘costruisciearreda-static/costruisciearreda.it/wp-json/wp/v2/pages/100’

     0K .......... .......... .......... .......... ...        2,43M=0,02s

Intestazione Last-modified mancante -- marche temporali disattivate.
2026-09-01 15:12:57 (2,43 MB/s) - ‘costruisciearreda-static/costruisciearreda.it/wp-json/wp/v2/pages/100’ salvato [44254]

--2026-09-01 15:12:57--  https://costruisciearreda.it/?p=100
Riutilizzo della connessione esistente a costruisciearreda.it:443.
Richiesta HTTP inviata, in attesa di risposta... 301 Moved Permanently
Posizione: https://costruisciearreda.it/la-nostra-storia/ [segue]
--2026-09-01 15:12:57--  https://costruisciearreda.it/la-nostra-storia/
Riutilizzo della connessione esistente a costruisciearreda.it:443.
Richiesta HTTP inviata, in attesa di risposta... 200 OK
Lunghezza: non specificato [text/html]
Salvataggio in: ‘costruisciearreda-static/costruisciearreda.it/index.html?p=100.html’

     0K .......... .......... .......... .......... .......... 2,71M
    50K .......... .......... .......... ........              29,1M=0,02s

2026-09-01 15:12:58 (4,48 MB/s) - ‘costruisciearreda-static/costruisciearreda.it/index.html?p=100.html’ salvato [90522]

--2026-09-01 15:12:58--  https://costruisciearreda.it/wp-content/uploads/2024/07/Raggruppa-1646.jpg
Riutilizzo della connessione esistente a costruisciearreda.it:443.
Richiesta HTTP inviata, in attesa di risposta... 200 OK
Lunghezza: 454546 (444K) [image/jpeg]
Salvataggio in: ‘costruisciearreda-static/costruisciearreda.it/wp-content/uploads/2024/07/Raggruppa-1646.jpg’

     0K .......... .......... .......... .......... .......... 11%  611M 0s
    50K .......... .......... .......... .......... .......... 22% 73,9M 0s
   100K .......... .......... .......... .......... .......... 33% 2,63M 0s
   150K .......... .......... .......... .......... .......... 45% 17,8M 0s
   200K .......... .......... .......... .......... .......... 56%  613M 0s
   250K .......... .......... .......... .......... .......... 67% 2,67M 0s
   300K .......... .......... .......... .......... .......... 78% 11,2M 0s
   350K .......... .......... .......... .......... .......... 90%  475M 0s
   400K .......... .......... .......... .......... ...       100% 2,50M=0,06s

2026-09-01 15:12:58 (6,99 MB/s) - ‘costruisciearreda-static/costruisciearreda.it/wp-content/uploads/2024/07/Raggruppa-1646.jpg’ salvato [454546/454546]

--2026-09-01 15:12:58--  https://costruisciearreda.it/wp-content/uploads/2024/06/Team1.jpg
Riutilizzo della connessione esistente a costruisciearreda.it:443.
Richiesta HTTP inviata, in attesa di risposta... 200 OK
Lunghezza: 285216 (279K) [image/jpeg]
Salvataggio in: ‘costruisciearreda-static/costruisciearreda.it/wp-content/uploads/2024/06/Team1.jpg’

     0K .......... .......... .......... .......... .......... 17% 23,1M 0s
    50K .......... .......... .......... .......... .......... 35% 6,01M 0s
   100K .......... .......... .......... .......... .......... 53% 6,42M 0s
   150K .......... .......... .......... .......... .......... 71% 11,3M 0s
   200K .......... .......... .......... .......... .......... 89% 6,25M 0s
   250K .......... .......... ........                        100%  657M=0,03s

2026-09-01 15:12:58 (9,05 MB/s) - ‘costruisciearreda-static/costruisciearreda.it/wp-content/uploads/2024/06/Team1.jpg’ salvato [285216/285216]

--2026-09-01 15:12:58--  https://costruisciearreda.it/wp-content/uploads/2024/06/Team2.jpg
Riutilizzo della connessione esistente a costruisciearreda.it:443.
Richiesta HTTP inviata, in attesa di risposta... 200 OK
Lunghezza: 224992 (220K) [image/jpeg]
Salvataggio in: ‘costruisciearreda-static/costruisciearreda.it/wp-content/uploads/2024/06/Team2.jpg’

     0K .......... .......... .......... .......... .......... 22% 16,3M 0s
    50K .......... .......... .......... .......... .......... 45%  748M 0s
   100K .......... .......... .......... .......... .......... 68% 3,27M 0s
   150K .......... .......... .......... .......... .......... 91% 13,7M 0s
   200K .......... .........                                  100%  562M=0,02s

2026-09-01 15:12:58 (9,94 MB/s) - ‘costruisciearreda-static/costruisciearreda.it/wp-content/uploads/2024/06/Team2.jpg’ salvato [224992/224992]

--2026-09-01 15:12:58--  https://costruisciearreda.it/wp-content/uploads/2024/06/Team3.jpg
Riutilizzo della connessione esistente a costruisciearreda.it:443.
Richiesta HTTP inviata, in attesa di risposta... 200 OK
Lunghezza: 243617 (238K) [image/jpeg]
Salvataggio in: ‘costruisciearreda-static/costruisciearreda.it/wp-content/uploads/2024/06/Team3.jpg’

     0K .......... .......... .......... .......... .......... 21%  400M 0s
    50K .......... .......... .......... .......... .......... 42% 15,7M 0s
   100K .......... .......... .......... .......... .......... 63% 3,21M 0s
   150K .......... .......... .......... .......... .......... 84% 8,57M 0s
   200K .......... .......... .......... .......              100%  734M=0,02s

2026-09-01 15:12:58 (9,62 MB/s) - ‘costruisciearreda-static/costruisciearreda.it/wp-content/uploads/2024/06/Team3.jpg’ salvato [243617/243617]

--2026-09-01 15:12:58--  https://costruisciearreda.it/wp-content/uploads/2024/06/Team4.jpg
Riutilizzo della connessione esistente a costruisciearreda.it:443.
Richiesta HTTP inviata, in attesa di risposta... 200 OK
Lunghezza: 240226 (235K) [image/jpeg]
Salvataggio in: ‘costruisciearreda-static/costruisciearreda.it/wp-content/uploads/2024/06/Team4.jpg’

     0K .......... .......... .......... .......... .......... 21%  104M 0s
    50K .......... .......... .......... .......... .......... 42% 4,97M 0s
   100K .......... .......... .......... .......... .......... 63% 38,0M 0s
   150K .......... .......... .......... .......... .......... 85% 5,58M 0s
   200K .......... .......... .......... ....                 100% 4,43M=0,03s

2026-09-01 15:12:58 (8,20 MB/s) - ‘costruisciearreda-static/costruisciearreda.it/wp-content/uploads/2024/06/Team4.jpg’ salvato [240226/240226]

--2026-09-01 15:12:58--  https://costruisciearreda.it/wp-content/uploads/2024/06/Rettangolo-614.jpg
Riutilizzo della connessione esistente a costruisciearreda.it:443.
Richiesta HTTP inviata, in attesa di risposta... 200 OK
Lunghezza: 70209 (69K) [image/jpeg]
Salvataggio in: ‘costruisciearreda-static/costruisciearreda.it/wp-content/uploads/2024/06/Rettangolo-614.jpg’

     0K .......... .......... .......... .......... .......... 72%  384M 0s
    50K .......... ........                                   100%  756M=0s

2026-09-01 15:12:58 (443 MB/s) - ‘costruisciearreda-static/costruisciearreda.it/wp-content/uploads/2024/06/Rettangolo-614.jpg’ salvato [70209/70209]

--2026-09-01 15:12:58--  https://costruisciearreda.it/wp-content/uploads/2024/06/Rettangolo-614-254x300.jpg
Riutilizzo della connessione esistente a costruisciearreda.it:443.
Richiesta HTTP inviata, in attesa di risposta... 200 OK
Lunghezza: 8173 (8,0K) [image/jpeg]
Salvataggio in: ‘costruisciearreda-static/costruisciearreda.it/wp-content/uploads/2024/06/Rettangolo-614-254x300.jpg’

     0K .......                                               100%  234M=0s

2026-09-01 15:12:58 (234 MB/s) - ‘costruisciearreda-static/costruisciearreda.it/wp-content/uploads/2024/06/Rettangolo-614-254x300.jpg’ salvato [8173/8173]

--2026-09-01 15:12:58--  https://costruisciearreda.it/wp-content/uploads/2024/06/Rettangolo-613.jpg
Riutilizzo della connessione esistente a costruisciearreda.it:443.
Richiesta HTTP inviata, in attesa di risposta... 200 OK
Lunghezza: 57289 (56K) [image/jpeg]
Salvataggio in: ‘costruisciearreda-static/costruisciearreda.it/wp-content/uploads/2024/06/Rettangolo-613.jpg’

     0K .......... .......... .......... .......... .......... 89%  499M 0s
    50K .....                                                 100%  373M=0s

2026-09-01 15:12:58 (481 MB/s) - ‘costruisciearreda-static/costruisciearreda.it/wp-content/uploads/2024/06/Rettangolo-613.jpg’ salvato [57289/57289]

--2026-09-01 15:12:58--  https://costruisciearreda.it/wp-content/uploads/2024/06/Rettangolo-613-254x300.jpg
Riutilizzo della connessione esistente a costruisciearreda.it:443.
Richiesta HTTP inviata, in attesa di risposta... 200 OK
Lunghezza: 7521 (7,3K) [image/jpeg]
Salvataggio in: ‘costruisciearreda-static/costruisciearreda.it/wp-content/uploads/2024/06/Rettangolo-613-254x300.jpg’

     0K .......                                               100% 8,97G=0s

2026-09-01 15:12:58 (8,97 GB/s) - ‘costruisciearreda-static/costruisciearreda.it/wp-content/uploads/2024/06/Rettangolo-613-254x300.jpg’ salvato [7521/7521]

--2026-09-01 15:12:58--  https://costruisciearreda.it/wp-content/uploads/2024/06/Rettangolo-612.jpg
Riutilizzo della connessione esistente a costruisciearreda.it:443.
Richiesta HTTP inviata, in attesa di risposta... 200 OK
Lunghezza: 61685 (60K) [image/jpeg]
Salvataggio in: ‘costruisciearreda-static/costruisciearreda.it/wp-content/uploads/2024/06/Rettangolo-612.jpg’

     0K .......... .......... .......... .......... .......... 83%  529M 0s
    50K ..........                                            100%  767M=0s

2026-09-01 15:12:58 (558 MB/s) - ‘costruisciearreda-static/costruisciearreda.it/wp-content/uploads/2024/06/Rettangolo-612.jpg’ salvato [61685/61685]

--2026-09-01 15:12:58--  https://costruisciearreda.it/wp-content/uploads/2024/06/Rettangolo-612-254x300.jpg
Riutilizzo della connessione esistente a costruisciearreda.it:443.
Richiesta HTTP inviata, in attesa di risposta... 200 OK
Lunghezza: 7987 (7,8K) [image/jpeg]
Salvataggio in: ‘costruisciearreda-static/costruisciearreda.it/wp-content/uploads/2024/06/Rettangolo-612-254x300.jpg’

     0K .......                                               100%  251M=0s

2026-09-01 15:12:58 (251 MB/s) - ‘costruisciearreda-static/costruisciearreda.it/wp-content/uploads/2024/06/Rettangolo-612-254x300.jpg’ salvato [7987/7987]

--2026-09-01 15:12:58--  https://costruisciearreda.it/wp-content/uploads/2024/06/Rettangolo-611.jpg
Riutilizzo della connessione esistente a costruisciearreda.it:443.
Richiesta HTTP inviata, in attesa di risposta... 200 OK
Lunghezza: 58347 (57K) [image/jpeg]
Salvataggio in: ‘costruisciearreda-static/costruisciearreda.it/wp-content/uploads/2024/06/Rettangolo-611.jpg’

     0K .......... .......... .......... .......... .......... 87%  226M 0s
    50K ......                                                100%  320M=0s

2026-09-01 15:12:58 (234 MB/s) - ‘costruisciearreda-static/costruisciearreda.it/wp-content/uploads/2024/06/Rettangolo-611.jpg’ salvato [58347/58347]

--2026-09-01 15:12:58--  https://costruisciearreda.it/wp-content/uploads/2024/06/Rettangolo-611-254x300.jpg
Riutilizzo della connessione esistente a costruisciearreda.it:443.
Richiesta HTTP inviata, in attesa di risposta... 200 OK
Lunghezza: 7276 (7,1K) [image/jpeg]
Salvataggio in: ‘costruisciearreda-static/costruisciearreda.it/wp-content/uploads/2024/06/Rettangolo-611-254x300.jpg’

     0K .......                                               100% 10,9G=0s

2026-09-01 15:12:58 (10,9 GB/s) - ‘costruisciearreda-static/costruisciearreda.it/wp-content/uploads/2024/06/Rettangolo-611-254x300.jpg’ salvato [7276/7276]

--2026-09-01 15:12:58--  https://costruisciearreda.it/wp-content/plugins/elementor/assets/lib/swiper/v8/swiper.min.js?ver=8.4.5
Riutilizzo della connessione esistente a costruisciearreda.it:443.
Richiesta HTTP inviata, in attesa di risposta... 200 OK
Lunghezza: 143709 (140K) [application/javascript]
Salvataggio in: ‘costruisciearreda-static/costruisciearreda.it/wp-content/plugins/elementor/assets/lib/swiper/v8/swiper.min.js?ver=8.4.5’

     0K .......... .......... .......... .......... .......... 35%  298M 0s
    50K .......... .......... .......... .......... .......... 71% 19,9M 0s
   100K .......... .......... .......... ..........           100%  762M=0,003s

2026-09-01 15:12:58 (51,4 MB/s) - ‘costruisciearreda-static/costruisciearreda.it/wp-content/plugins/elementor/assets/lib/swiper/v8/swiper.min.js?ver=8.4.5’ salvato [143709/143709]

--2026-09-01 15:12:58--  https://costruisciearreda.it/wp-json/oembed/1.0/embed?url=https%3A%2F%2Fcostruisciearreda.it%2Fil-nostro-team%2F
Riutilizzo della connessione esistente a costruisciearreda.it:443.
Richiesta HTTP inviata, in attesa di risposta... 200 OK
Lunghezza: non specificato [application/json]
Salvataggio in: ‘costruisciearreda-static/costruisciearreda.it/wp-json/oembed/1.0/embed?url=https:%2F%2Fcostruisciearreda.it%2Fil-nostro-team%2F’

     0K ..                                                     1,20G=0s

Intestazione Last-modified mancante -- marche temporali disattivate.
2026-09-01 15:12:58 (1,20 GB/s) - ‘costruisciearreda-static/costruisciearreda.it/wp-json/oembed/1.0/embed?url=https:%2F%2Fcostruisciearreda.it%2Fil-nostro-team%2F’ salvato [2789]

--2026-09-01 15:12:58--  https://costruisciearreda.it/wp-json/oembed/1.0/embed?url=https%3A%2F%2Fcostruisciearreda.it%2Fil-nostro-team%2F&format=xml
Riutilizzo della connessione esistente a costruisciearreda.it:443.
Richiesta HTTP inviata, in attesa di risposta... 200 OK
Lunghezza: non specificato [text/xml]
Salvataggio in: ‘costruisciearreda-static/costruisciearreda.it/wp-json/oembed/1.0/embed?url=https:%2F%2Fcostruisciearreda.it%2Fil-nostro-team%2F&format=xml’

     0K ..                                                     1,75G=0s

Intestazione Last-modified mancante -- marche temporali disattivate.
2026-09-01 15:12:59 (1,75 GB/s) - ‘costruisciearreda-static/costruisciearreda.it/wp-json/oembed/1.0/embed?url=https:%2F%2Fcostruisciearreda.it%2Fil-nostro-team%2F&format=xml’ salvato [2989]

--2026-09-01 15:12:59--  https://costruisciearreda.it/wp-content/cache/wpo-minify/1788241814/assets/wpo-minify-header-319fa386.min.css
Riutilizzo della connessione esistente a costruisciearreda.it:443.
Richiesta HTTP inviata, in attesa di risposta... 200 OK
Lunghezza: 745599 (728K) [text/css]
Salvataggio in: ‘costruisciearreda-static/costruisciearreda.it/wp-content/cache/wpo-minify/1788241814/assets/wpo-minify-header-319fa386.min.css’

     0K .......... .......... .......... .......... ..........  6% 2,10M 0s
    50K .......... .......... .......... .......... .......... 13% 17,9M 0s
   100K .......... .......... .......... .......... .......... 20% 2,69M 0s
   150K .......... .......... .......... .......... .......... 27% 20,1M 0s
   200K .......... .......... .......... .......... .......... 34%  682M 0s
   250K .......... .......... .......... .......... .......... 41% 2,95M 0s
   300K .......... .......... .......... .......... .......... 48% 15,4M 0s
   350K .......... .......... .......... .......... .......... 54%  103M 0s
   400K .......... .......... .......... .......... .......... 61% 3,53M 0s
   450K .......... .......... .......... .......... .......... 68% 5,80M 0s
   500K .......... .......... .......... .......... .......... 75% 87,1M 0s
   550K .......... .......... .......... .......... .......... 82% 6,42M 0s
   600K .......... .......... .......... .......... .......... 89% 6,39M 0s
   650K .......... .......... .......... .......... .......... 96% 9,90M 0s
   700K .......... .......... ........                        100%  160M=0,1s

2026-09-01 15:12:59 (6,46 MB/s) - ‘costruisciearreda-static/costruisciearreda.it/wp-content/cache/wpo-minify/1788241814/assets/wpo-minify-header-319fa386.min.css’ salvato [745599/745599]

--2026-09-01 15:12:59--  https://costruisciearreda.it/wp-json/wp/v2/pages/102
Riutilizzo della connessione esistente a costruisciearreda.it:443.
Richiesta HTTP inviata, in attesa di risposta... 200 OK
Lunghezza: non specificato [application/json]
Salvataggio in: ‘costruisciearreda-static/costruisciearreda.it/wp-json/wp/v2/pages/102’

     0K .......... .......... .......... .......... .......... 2,69M
    50K ...                                                    6,47T=0,02s

Intestazione Last-modified mancante -- marche temporali disattivate.
2026-09-01 15:13:00 (2,88 MB/s) - ‘costruisciearreda-static/costruisciearreda.it/wp-json/wp/v2/pages/102’ salvato [54755]

--2026-09-01 15:13:00--  https://costruisciearreda.it/?p=102
Riutilizzo della connessione esistente a costruisciearreda.it:443.
Richiesta HTTP inviata, in attesa di risposta... 301 Moved Permanently
Posizione: https://costruisciearreda.it/il-nostro-team/ [segue]
--2026-09-01 15:13:00--  https://costruisciearreda.it/il-nostro-team/
Riutilizzo della connessione esistente a costruisciearreda.it:443.
Richiesta HTTP inviata, in attesa di risposta... 200 OK
Lunghezza: non specificato [text/html]
Salvataggio in: ‘costruisciearreda-static/costruisciearreda.it/index.html?p=102.html’

     0K .......... .......... .......... .......... .......... 2,71M
    50K .......... .......... .......... .......... .......... 39,5M
   100K ..                                                     4,29T=0,02s

2026-09-01 15:13:00 (5,18 MB/s) - ‘costruisciearreda-static/costruisciearreda.it/index.html?p=102.html’ salvato [104758]

--2026-09-01 15:13:00--  https://costruisciearreda.it/wp-content/uploads/2024/06/Raggruppa-1650.jpg
Riutilizzo della connessione esistente a costruisciearreda.it:443.
Richiesta HTTP inviata, in attesa di risposta... 200 OK
Lunghezza: 660841 (645K) [image/jpeg]
Salvataggio in: ‘costruisciearreda-static/costruisciearreda.it/wp-content/uploads/2024/06/Raggruppa-1650.jpg’

     0K .......... .......... .......... .......... ..........  7% 19,7M 0s
    50K .......... .......... .......... .......... .......... 15%  597M 0s
   100K .......... .......... .......... .......... .......... 23% 1,95M 0s
   150K .......... .......... .......... .......... .......... 30% 12,0M 0s
   200K .......... .......... .......... .......... .......... 38%  376M 0s
   250K .......... .......... .......... .......... .......... 46% 3,12M 0s
   300K .......... .......... .......... .......... .......... 54% 41,3M 0s
   350K .......... .......... .......... .......... .......... 61% 5,30M 0s
   400K .......... .......... .......... .......... .......... 69%  447M 0s
   450K .......... .......... .......... .......... .......... 77% 3,55M 0s
   500K .......... .......... .......... .......... .......... 85% 20,7M 0s
   550K .......... .......... .......... .......... .......... 92% 11,0M 0s
   600K .......... .......... .......... .......... .....     100%  508K=0,2s

2026-09-01 15:13:00 (3,76 MB/s) - ‘costruisciearreda-static/costruisciearreda.it/wp-content/uploads/2024/06/Raggruppa-1650.jpg’ salvato [660841/660841]

--2026-09-01 15:13:00--  https://costruisciearreda.it/wp-content/uploads/2024/06/Raggruppa-1704.jpg
Riutilizzo della connessione esistente a costruisciearreda.it:443.
Richiesta HTTP inviata, in attesa di risposta... 200 OK
Lunghezza: 230615 (225K) [image/jpeg]
Salvataggio in: ‘costruisciearreda-static/costruisciearreda.it/wp-content/uploads/2024/06/Raggruppa-1704.jpg’

     0K .......... .......... .......... .......... .......... 22% 1,36M 0s
    50K .......... .......... .......... .......... .......... 44% 2,61M 0s
   100K .......... .......... .......... .......... .......... 66% 1,11M 0s
   150K .......... .......... .......... .......... .......... 88% 2,83M 0s
   200K .......... .......... .....                           100%  610M=0,1s

2026-09-01 15:13:00 (1,90 MB/s) - ‘costruisciearreda-static/costruisciearreda.it/wp-content/uploads/2024/06/Raggruppa-1704.jpg’ salvato [230615/230615]

--2026-09-01 15:13:00--  https://costruisciearreda.it/wp-content/uploads/2024/06/Raggruppa-1704-300x229.jpg
Riutilizzo della connessione esistente a costruisciearreda.it:443.
Richiesta HTTP inviata, in attesa di risposta... 200 OK
Lunghezza: 12710 (12K) [image/jpeg]
Salvataggio in: ‘costruisciearreda-static/costruisciearreda.it/wp-content/uploads/2024/06/Raggruppa-1704-300x229.jpg’

     0K .......... ..                                         100%  296M=0s

2026-09-01 15:13:00 (296 MB/s) - ‘costruisciearreda-static/costruisciearreda.it/wp-content/uploads/2024/06/Raggruppa-1704-300x229.jpg’ salvato [12710/12710]

--2026-09-01 15:13:00--  https://costruisciearreda.it/wp-content/uploads/2024/06/Raggruppa-1704-768x586.jpg
Riutilizzo della connessione esistente a costruisciearreda.it:443.
Richiesta HTTP inviata, in attesa di risposta... 200 OK
Lunghezza: 46156 (45K) [image/jpeg]
Salvataggio in: ‘costruisciearreda-static/costruisciearreda.it/wp-content/uploads/2024/06/Raggruppa-1704-768x586.jpg’

     0K .......... .......... .......... .......... .....     100% 32,7M=0,001s

2026-09-01 15:13:00 (32,7 MB/s) - ‘costruisciearreda-static/costruisciearreda.it/wp-content/uploads/2024/06/Raggruppa-1704-768x586.jpg’ salvato [46156/46156]

--2026-09-01 15:13:00--  https://costruisciearreda.it/wp-content/uploads/2024/06/Team-1.jpg
Riutilizzo della connessione esistente a costruisciearreda.it:443.
Richiesta HTTP inviata, in attesa di risposta... 200 OK
Lunghezza: 263849 (258K) [image/jpeg]
Salvataggio in: ‘costruisciearreda-static/costruisciearreda.it/wp-content/uploads/2024/06/Team-1.jpg’

     0K .......... .......... .......... .......... .......... 19% 2,70M 0s
    50K .......... .......... .......... .......... .......... 38% 5,97M 0s
   100K .......... .......... .......... .......... .......... 58% 2,72M 0s
   150K .......... .......... .......... .......... .......... 77% 4,33M 0s
   200K .......... .......... .......... .......... .......... 97% 2,81M 0s
   250K .......                                               100% 14,3T=0,07s

2026-09-01 15:13:00 (3,45 MB/s) - ‘costruisciearreda-static/costruisciearreda.it/wp-content/uploads/2024/06/Team-1.jpg’ salvato [263849/263849]

--2026-09-01 15:13:00--  https://costruisciearreda.it/wp-content/uploads/2024/06/Team-2.jpg
Riutilizzo della connessione esistente a costruisciearreda.it:443.
Richiesta HTTP inviata, in attesa di risposta... 200 OK
Lunghezza: 288775 (282K) [image/jpeg]
Salvataggio in: ‘costruisciearreda-static/costruisciearreda.it/wp-content/uploads/2024/06/Team-2.jpg’

     0K .......... .......... .......... .......... .......... 17% 2,83M 0s
    50K .......... .......... .......... .......... .......... 35% 19,2M 0s
   100K .......... .......... .......... .......... .......... 53% 2,74M 0s
   150K .......... .......... .......... .......... .......... 70% 2,73M 0s
   200K .......... .......... .......... .......... .......... 88% 2,46M 0s
   250K .......... .......... .......... ..                   100%  410M=0,08s

2026-09-01 15:13:01 (3,65 MB/s) - ‘costruisciearreda-static/costruisciearreda.it/wp-content/uploads/2024/06/Team-2.jpg’ salvato [288775/288775]

--2026-09-01 15:13:01--  https://costruisciearreda.it/wp-content/uploads/2024/06/Team-3.jpg
Riutilizzo della connessione esistente a costruisciearreda.it:443.
Richiesta HTTP inviata, in attesa di risposta... 200 OK
Lunghezza: 300523 (293K) [image/jpeg]
Salvataggio in: ‘costruisciearreda-static/costruisciearreda.it/wp-content/uploads/2024/06/Team-3.jpg’

     0K .......... .......... .......... .......... .......... 17%  436M 0s
    50K .......... .......... .......... .......... .......... 34% 2,25M 0s
   100K .......... .......... .......... .......... .......... 51% 2,39M 0s
   150K .......... .......... .......... .......... .......... 68% 2,43M 0s
   200K .......... .......... .......... .......... .......... 85% 1,27M 0s
   250K .......... .......... .......... .......... ...       100% 1,22M=0,1s

2026-09-01 15:13:01 (2,11 MB/s) - ‘costruisciearreda-static/costruisciearreda.it/wp-content/uploads/2024/06/Team-3.jpg’ salvato [300523/300523]

--2026-09-01 15:13:01--  https://costruisciearreda.it/wp-content/uploads/2024/06/Team-4.jpg
Riutilizzo della connessione esistente a costruisciearreda.it:443.
Richiesta HTTP inviata, in attesa di risposta... 200 OK
Lunghezza: 272909 (267K) [image/jpeg]
Salvataggio in: ‘costruisciearreda-static/costruisciearreda.it/wp-content/uploads/2024/06/Team-4.jpg’

     0K .......... .......... .......... .......... .......... 18% 2,48M 0s
    50K .......... .......... .......... .......... .......... 37% 1,11M 0s
   100K .......... .......... .......... .......... .......... 56% 2,66M 0s
   150K .......... .......... .......... .......... .......... 75% 1,29M 0s
   200K .......... .......... .......... .......... .......... 93% 2,40M 0s
   250K .......... ......                                     100%  908K=0,2s

2026-09-01 15:13:01 (1,64 MB/s) - ‘costruisciearreda-static/costruisciearreda.it/wp-content/uploads/2024/06/Team-4.jpg’ salvato [272909/272909]

--2026-09-01 15:13:01--  https://costruisciearreda.it/wp-content/uploads/2024/06/Team-5.jpg
Riutilizzo della connessione esistente a costruisciearreda.it:443.
Richiesta HTTP inviata, in attesa di risposta... 200 OK
Lunghezza: 353501 (345K) [image/jpeg]
Salvataggio in: ‘costruisciearreda-static/costruisciearreda.it/wp-content/uploads/2024/06/Team-5.jpg’

     0K .......... .......... .......... .......... .......... 14% 2,52M 0s
    50K .......... .......... .......... .......... .......... 28% 2,35M 0s
   100K .......... .......... .......... .......... .......... 43% 1,23M 0s
   150K .......... .......... .......... .......... .......... 57%  359K 0s
   200K .......... .......... .......... .......... .......... 72%  454K 0s
   250K .......... .......... .......... .......... .......... 86% 1,38M 0s
   300K .......... .......... .......... .......... .....     100% 1,22M=0,4s

2026-09-01 15:13:01 (861 KB/s) - ‘costruisciearreda-static/costruisciearreda.it/wp-content/uploads/2024/06/Team-5.jpg’ salvato [353501/353501]

--2026-09-01 15:13:01--  https://costruisciearreda.it/wp-content/uploads/2024/06/Team-6.jpg
Riutilizzo della connessione esistente a costruisciearreda.it:443.
Richiesta HTTP inviata, in attesa di risposta... 200 OK
Lunghezza: 345127 (337K) [image/jpeg]
Salvataggio in: ‘costruisciearreda-static/costruisciearreda.it/wp-content/uploads/2024/06/Team-6.jpg’

     0K .......... .......... .......... .......... .......... 14% 1,29M 0s
    50K .......... .......... .......... .......... .......... 29%  689K 0s
   100K .......... .......... .......... .......... .......... 44%  941K 0s
   150K .......... .......... .......... .......... .......... 59% 1,37M 0s
   200K .......... .......... .......... .......... .......... 74%  941K 0s
   250K .......... .......... .......... .......... .......... 89% 1,33M 0s
   300K .......... .......... .......... .......              100% 2,09M=0,3s

2026-09-01 15:13:02 (1,07 MB/s) - ‘costruisciearreda-static/costruisciearreda.it/wp-content/uploads/2024/06/Team-6.jpg’ salvato [345127/345127]

--2026-09-01 15:13:02--  https://costruisciearreda.it/wp-content/uploads/2024/06/Team-7.jpg
Riutilizzo della connessione esistente a costruisciearreda.it:443.
Richiesta HTTP inviata, in attesa di risposta... 200 OK
Lunghezza: 279329 (273K) [image/jpeg]
Salvataggio in: ‘costruisciearreda-static/costruisciearreda.it/wp-content/uploads/2024/06/Team-7.jpg’

     0K .......... .......... .......... .......... .......... 18% 1,28M 0s
    50K .......... .......... .......... .......... .......... 36% 1,38M 0s
   100K .......... .......... .......... .......... .......... 54% 1,32M 0s
   150K .......... .......... .......... .......... .......... 73% 1,95M 0s
   200K .......... .......... .......... .......... .......... 91% 1,38M 0s
   250K .......... .......... ..                              100% 1,95M=0,2s

2026-09-01 15:13:02 (1,46 MB/s) - ‘costruisciearreda-static/costruisciearreda.it/wp-content/uploads/2024/06/Team-7.jpg’ salvato [279329/279329]

--2026-09-01 15:13:02--  https://costruisciearreda.it/wp-content/uploads/2024/06/Team-8.jpg
Riutilizzo della connessione esistente a costruisciearreda.it:443.
Richiesta HTTP inviata, in attesa di risposta... 200 OK
Lunghezza: 413752 (404K) [image/jpeg]
Salvataggio in: ‘costruisciearreda-static/costruisciearreda.it/wp-content/uploads/2024/06/Team-8.jpg’

     0K .......... .......... .......... .......... .......... 12% 2,61M 0s
    50K .......... .......... .......... .......... .......... 24% 1,38M 0s
   100K .......... .......... .......... .......... .......... 37% 2,60M 0s
   150K .......... .......... .......... .......... .......... 49% 1,35M 0s
   200K .......... .......... .......... .......... .......... 61% 2,57M 0s
   250K .......... .......... .......... .......... .......... 74% 2,60M 0s
   300K .......... .......... .......... .......... .......... 86% 1,42M 0s
   350K .......... .......... .......... .......... .......... 98% 2,61M 0s
   400K ....                                                  100% 7,55T=0,2s

2026-09-01 15:13:02 (1,97 MB/s) - ‘costruisciearreda-static/costruisciearreda.it/wp-content/uploads/2024/06/Team-8.jpg’ salvato [413752/413752]

--2026-09-01 15:13:02--  https://costruisciearreda.it/wp-content/uploads/2024/06/Team-9.jpg
Riutilizzo della connessione esistente a costruisciearreda.it:443.
Richiesta HTTP inviata, in attesa di risposta... 200 OK
Lunghezza: 255827 (250K) [image/jpeg]
Salvataggio in: ‘costruisciearreda-static/costruisciearreda.it/wp-content/uploads/2024/06/Team-9.jpg’

     0K .......... .......... .......... .......... .......... 20% 2,59M 0s
    50K .......... .......... .......... .......... .......... 40% 2,64M 0s
   100K .......... .......... .......... .......... .......... 60% 2,41M 0s
   150K .......... .......... .......... .......... .......... 80% 1,25M 0s
   200K .......... .......... .......... .......... ......... 100% 2,85M=0,1s

2026-09-01 15:13:02 (2,14 MB/s) - ‘costruisciearreda-static/costruisciearreda.it/wp-content/uploads/2024/06/Team-9.jpg’ salvato [255827/255827]

--2026-09-01 15:13:02--  https://costruisciearreda.it/wp-content/uploads/2024/06/Team-10.jpg
Riutilizzo della connessione esistente a costruisciearreda.it:443.
Richiesta HTTP inviata, in attesa di risposta... 200 OK
Lunghezza: 277230 (271K) [image/jpeg]
Salvataggio in: ‘costruisciearreda-static/costruisciearreda.it/wp-content/uploads/2024/06/Team-10.jpg’

     0K .......... .......... .......... .......... .......... 18% 2,39M 0s
    50K .......... .......... .......... .......... .......... 36% 2,42M 0s
   100K .......... .......... .......... .......... .......... 55% 1,29M 0s
   150K .......... .......... .......... .......... .......... 73% 2,16M 0s
   200K .......... .......... .......... .......... .......... 92% 1,28M 0s
   250K .......... ..........                                 100%  198M=0,1s

2026-09-01 15:13:02 (1,90 MB/s) - ‘costruisciearreda-static/costruisciearreda.it/wp-content/uploads/2024/06/Team-10.jpg’ salvato [277230/277230]

--2026-09-01 15:13:02--  https://costruisciearreda.it/wp-content/uploads/2024/06/Team-12.jpg
Riutilizzo della connessione esistente a costruisciearreda.it:443.
Richiesta HTTP inviata, in attesa di risposta... 200 OK
Lunghezza: 295034 (288K) [image/jpeg]
Salvataggio in: ‘costruisciearreda-static/costruisciearreda.it/wp-content/uploads/2024/06/Team-12.jpg’

     0K .......... .......... .......... .......... .......... 17% 2,44M 0s
    50K .......... .......... .......... .......... .......... 34% 2,61M 0s
   100K .......... .......... .......... .......... .......... 52% 2,61M 0s
   150K .......... .......... .......... .......... .......... 69% 2,56M 0s
   200K .......... .......... .......... .......... .......... 86% 1,99M 0s
   250K .......... .......... .......... ........             100% 2,07M=0,1s

2026-09-01 15:13:03 (2,36 MB/s) - ‘costruisciearreda-static/costruisciearreda.it/wp-content/uploads/2024/06/Team-12.jpg’ salvato [295034/295034]

--2026-09-01 15:13:03--  https://costruisciearreda.it/wp-content/uploads/2024/06/Team1-254x300.jpg
Riutilizzo della connessione esistente a costruisciearreda.it:443.
Richiesta HTTP inviata, in attesa di risposta... 200 OK
Lunghezza: 7245 (7,1K) [image/jpeg]
Salvataggio in: ‘costruisciearreda-static/costruisciearreda.it/wp-content/uploads/2024/06/Team1-254x300.jpg’

     0K .......                                               100% 4,27G=0s

2026-09-01 15:13:03 (4,27 GB/s) - ‘costruisciearreda-static/costruisciearreda.it/wp-content/uploads/2024/06/Team1-254x300.jpg’ salvato [7245/7245]

--2026-09-01 15:13:03--  https://costruisciearreda.it/wp-content/uploads/2024/06/Team1-768x909.jpg
Riutilizzo della connessione esistente a costruisciearreda.it:443.
Richiesta HTTP inviata, in attesa di risposta... 200 OK
Lunghezza: 45616 (45K) [image/jpeg]
Salvataggio in: ‘costruisciearreda-static/costruisciearreda.it/wp-content/uploads/2024/06/Team1-768x909.jpg’

     0K .......... .......... .......... .......... ....      100%  467M=0s

2026-09-01 15:13:03 (467 MB/s) - ‘costruisciearreda-static/costruisciearreda.it/wp-content/uploads/2024/06/Team1-768x909.jpg’ salvato [45616/45616]

--2026-09-01 15:13:03--  https://costruisciearreda.it/wp-content/uploads/2024/06/Team2-254x300.jpg
Riutilizzo della connessione esistente a costruisciearreda.it:443.
Richiesta HTTP inviata, in attesa di risposta... 200 OK
Lunghezza: 6554 (6,4K) [image/jpeg]
Salvataggio in: ‘costruisciearreda-static/costruisciearreda.it/wp-content/uploads/2024/06/Team2-254x300.jpg’

     0K ......                                                100% 7,97G=0s

2026-09-01 15:13:03 (7,97 GB/s) - ‘costruisciearreda-static/costruisciearreda.it/wp-content/uploads/2024/06/Team2-254x300.jpg’ salvato [6554/6554]

--2026-09-01 15:13:03--  https://costruisciearreda.it/wp-content/uploads/2024/06/Team2-768x909.jpg
Riutilizzo della connessione esistente a costruisciearreda.it:443.
Richiesta HTTP inviata, in attesa di risposta... 200 OK
Lunghezza: 30205 (29K) [image/jpeg]
Salvataggio in: ‘costruisciearreda-static/costruisciearreda.it/wp-content/uploads/2024/06/Team2-768x909.jpg’

     0K .......... .......... .........                       100% 26,2M=0,001s

2026-09-01 15:13:03 (26,2 MB/s) - ‘costruisciearreda-static/costruisciearreda.it/wp-content/uploads/2024/06/Team2-768x909.jpg’ salvato [30205/30205]

--2026-09-01 15:13:03--  https://costruisciearreda.it/wp-content/uploads/2024/06/Team3-254x300.jpg
Riutilizzo della connessione esistente a costruisciearreda.it:443.
Richiesta HTTP inviata, in attesa di risposta... 200 OK
Lunghezza: 7085 (6,9K) [image/jpeg]
Salvataggio in: ‘costruisciearreda-static/costruisciearreda.it/wp-content/uploads/2024/06/Team3-254x300.jpg’

     0K ......                                                100% 5,20G=0s

2026-09-01 15:13:03 (5,20 GB/s) - ‘costruisciearreda-static/costruisciearreda.it/wp-content/uploads/2024/06/Team3-254x300.jpg’ salvato [7085/7085]

--2026-09-01 15:13:03--  https://costruisciearreda.it/wp-content/uploads/2024/06/Team3-768x909.jpg
Riutilizzo della connessione esistente a costruisciearreda.it:443.
Richiesta HTTP inviata, in attesa di risposta... 200 OK
Lunghezza: 35953 (35K) [image/jpeg]
Salvataggio in: ‘costruisciearreda-static/costruisciearreda.it/wp-content/uploads/2024/06/Team3-768x909.jpg’

     0K .......... .......... .......... .....                100% 28,3M=0,001s

2026-09-01 15:13:03 (28,3 MB/s) - ‘costruisciearreda-static/costruisciearreda.it/wp-content/uploads/2024/06/Team3-768x909.jpg’ salvato [35953/35953]

--2026-09-01 15:13:03--  https://costruisciearreda.it/wp-content/uploads/2024/06/Team4-254x300.jpg
Riutilizzo della connessione esistente a costruisciearreda.it:443.
Richiesta HTTP inviata, in attesa di risposta... 200 OK
Lunghezza: 6337 (6,2K) [image/jpeg]
Salvataggio in: ‘costruisciearreda-static/costruisciearreda.it/wp-content/uploads/2024/06/Team4-254x300.jpg’

     0K ......                                                100% 8,86G=0s

2026-09-01 15:13:03 (8,86 GB/s) - ‘costruisciearreda-static/costruisciearreda.it/wp-content/uploads/2024/06/Team4-254x300.jpg’ salvato [6337/6337]

--2026-09-01 15:13:03--  https://costruisciearreda.it/wp-content/uploads/2024/06/Team4-768x909.jpg
Riutilizzo della connessione esistente a costruisciearreda.it:443.
Richiesta HTTP inviata, in attesa di risposta... 200 OK
Lunghezza: 31704 (31K) [image/jpeg]
Salvataggio in: ‘costruisciearreda-static/costruisciearreda.it/wp-content/uploads/2024/06/Team4-768x909.jpg’

     0K .......... .......... ..........                      100% 3,13M=0,01s

2026-09-01 15:13:03 (3,13 MB/s) - ‘costruisciearreda-static/costruisciearreda.it/wp-content/uploads/2024/06/Team4-768x909.jpg’ salvato [31704/31704]

--2026-09-01 15:13:03--  https://costruisciearreda.it/wp-content/uploads/2024/06/Team-1-254x300.jpg
Riutilizzo della connessione esistente a costruisciearreda.it:443.
Richiesta HTTP inviata, in attesa di risposta... 200 OK
Lunghezza: 7231 (7,1K) [image/jpeg]
Salvataggio in: ‘costruisciearreda-static/costruisciearreda.it/wp-content/uploads/2024/06/Team-1-254x300.jpg’

     0K .......                                               100% 8,73G=0s

2026-09-01 15:13:03 (8,73 GB/s) - ‘costruisciearreda-static/costruisciearreda.it/wp-content/uploads/2024/06/Team-1-254x300.jpg’ salvato [7231/7231]

--2026-09-01 15:13:03--  https://costruisciearreda.it/wp-content/uploads/2024/06/Team-1-768x909.jpg
Riutilizzo della connessione esistente a costruisciearreda.it:443.
Richiesta HTTP inviata, in attesa di risposta... 200 OK
Lunghezza: 35185 (34K) [image/jpeg]
Salvataggio in: ‘costruisciearreda-static/costruisciearreda.it/wp-content/uploads/2024/06/Team-1-768x909.jpg’

     0K .......... .......... .......... ....                 100%  365M=0s

2026-09-01 15:13:03 (365 MB/s) - ‘costruisciearreda-static/costruisciearreda.it/wp-content/uploads/2024/06/Team-1-768x909.jpg’ salvato [35185/35185]

--2026-09-01 15:13:03--  https://costruisciearreda.it/wp-content/uploads/2024/06/Team-2-254x300.jpg
Riutilizzo della connessione esistente a costruisciearreda.it:443.
Richiesta HTTP inviata, in attesa di risposta... 200 OK
Lunghezza: 7597 (7,4K) [image/jpeg]
Salvataggio in: ‘costruisciearreda-static/costruisciearreda.it/wp-content/uploads/2024/06/Team-2-254x300.jpg’

     0K .......                                               100% 5,24G=0s

2026-09-01 15:13:03 (5,24 GB/s) - ‘costruisciearreda-static/costruisciearreda.it/wp-content/uploads/2024/06/Team-2-254x300.jpg’ salvato [7597/7597]

--2026-09-01 15:13:03--  https://costruisciearreda.it/wp-content/uploads/2024/06/Team-2-768x909.jpg
Riutilizzo della connessione esistente a costruisciearreda.it:443.
Richiesta HTTP inviata, in attesa di risposta... 200 OK
Lunghezza: 41285 (40K) [image/jpeg]
Salvataggio in: ‘costruisciearreda-static/costruisciearreda.it/wp-content/uploads/2024/06/Team-2-768x909.jpg’

     0K .......... .......... .......... ..........           100% 29,0M=0,001s

2026-09-01 15:13:03 (29,0 MB/s) - ‘costruisciearreda-static/costruisciearreda.it/wp-content/uploads/2024/06/Team-2-768x909.jpg’ salvato [41285/41285]

--2026-09-01 15:13:03--  https://costruisciearreda.it/wp-content/uploads/2024/06/Team-3-254x300.jpg
Riutilizzo della connessione esistente a costruisciearreda.it:443.
Richiesta HTTP inviata, in attesa di risposta... 200 OK
Lunghezza: 6548 (6,4K) [image/jpeg]
Salvataggio in: ‘costruisciearreda-static/costruisciearreda.it/wp-content/uploads/2024/06/Team-3-254x300.jpg’

     0K ......                                                100% 12,1G=0s

2026-09-01 15:13:03 (12,1 GB/s) - ‘costruisciearreda-static/costruisciearreda.it/wp-content/uploads/2024/06/Team-3-254x300.jpg’ salvato [6548/6548]

--2026-09-01 15:13:03--  https://costruisciearreda.it/wp-content/uploads/2024/06/Team-3-768x909.jpg
Riutilizzo della connessione esistente a costruisciearreda.it:443.
Richiesta HTTP inviata, in attesa di risposta... 200 OK
Lunghezza: 40480 (40K) [image/jpeg]
Salvataggio in: ‘costruisciearreda-static/costruisciearreda.it/wp-content/uploads/2024/06/Team-3-768x909.jpg’

     0K .......... .......... .......... .........            100%  513M=0s

2026-09-01 15:13:03 (513 MB/s) - ‘costruisciearreda-static/costruisciearreda.it/wp-content/uploads/2024/06/Team-3-768x909.jpg’ salvato [40480/40480]

--2026-09-01 15:13:03--  https://costruisciearreda.it/wp-content/uploads/2024/06/Team-4-254x300.jpg
Riutilizzo della connessione esistente a costruisciearreda.it:443.
Richiesta HTTP inviata, in attesa di risposta... 200 OK
Lunghezza: 6650 (6,5K) [image/jpeg]
Salvataggio in: ‘costruisciearreda-static/costruisciearreda.it/wp-content/uploads/2024/06/Team-4-254x300.jpg’

     0K ......                                                100% 10,9G=0s

2026-09-01 15:13:03 (10,9 GB/s) - ‘costruisciearreda-static/costruisciearreda.it/wp-content/uploads/2024/06/Team-4-254x300.jpg’ salvato [6650/6650]

--2026-09-01 15:13:03--  https://costruisciearreda.it/wp-content/uploads/2024/06/Team-4-768x909.jpg
Riutilizzo della connessione esistente a costruisciearreda.it:443.
Richiesta HTTP inviata, in attesa di risposta... 200 OK
Lunghezza: 35476 (35K) [image/jpeg]
Salvataggio in: ‘costruisciearreda-static/costruisciearreda.it/wp-content/uploads/2024/06/Team-4-768x909.jpg’

     0K .......... .......... .......... ....                 100%  341M=0s

2026-09-01 15:13:03 (341 MB/s) - ‘costruisciearreda-static/costruisciearreda.it/wp-content/uploads/2024/06/Team-4-768x909.jpg’ salvato [35476/35476]

--2026-09-01 15:13:03--  https://costruisciearreda.it/wp-content/uploads/2024/06/Team-5-254x300.jpg
Riutilizzo della connessione esistente a costruisciearreda.it:443.
Richiesta HTTP inviata, in attesa di risposta... 200 OK
Lunghezza: 8861 (8,7K) [image/jpeg]
Salvataggio in: ‘costruisciearreda-static/costruisciearreda.it/wp-content/uploads/2024/06/Team-5-254x300.jpg’

     0K ........                                              100%  276M=0s

2026-09-01 15:13:03 (276 MB/s) - ‘costruisciearreda-static/costruisciearreda.it/wp-content/uploads/2024/06/Team-5-254x300.jpg’ salvato [8861/8861]

--2026-09-01 15:13:03--  https://costruisciearreda.it/wp-content/uploads/2024/06/Team-5-768x909.jpg
Riutilizzo della connessione esistente a costruisciearreda.it:443.
Richiesta HTTP inviata, in attesa di risposta... 200 OK
Lunghezza: 61923 (60K) [image/jpeg]
Salvataggio in: ‘costruisciearreda-static/costruisciearreda.it/wp-content/uploads/2024/06/Team-5-768x909.jpg’

     0K .......... .......... .......... .......... .......... 82% 2,69M 0s
    50K ..........                                            100%  231M=0,02s

2026-09-01 15:13:03 (3,24 MB/s) - ‘costruisciearreda-static/costruisciearreda.it/wp-content/uploads/2024/06/Team-5-768x909.jpg’ salvato [61923/61923]

--2026-09-01 15:13:03--  https://costruisciearreda.it/wp-content/uploads/2024/06/Team-6-254x300.jpg
Riutilizzo della connessione esistente a costruisciearreda.it:443.
Richiesta HTTP inviata, in attesa di risposta... 200 OK
Lunghezza: 9332 (9,1K) [image/jpeg]
Salvataggio in: ‘costruisciearreda-static/costruisciearreda.it/wp-content/uploads/2024/06/Team-6-254x300.jpg’

     0K .........                                             100%  281M=0s

2026-09-01 15:13:03 (281 MB/s) - ‘costruisciearreda-static/costruisciearreda.it/wp-content/uploads/2024/06/Team-6-254x300.jpg’ salvato [9332/9332]

--2026-09-01 15:13:03--  https://costruisciearreda.it/wp-content/uploads/2024/06/Team-6-768x909.jpg
Riutilizzo della connessione esistente a costruisciearreda.it:443.
Richiesta HTTP inviata, in attesa di risposta... 200 OK
Lunghezza: 58815 (57K) [image/jpeg]
Salvataggio in: ‘costruisciearreda-static/costruisciearreda.it/wp-content/uploads/2024/06/Team-6-768x909.jpg’

     0K .......... .......... .......... .......... .......... 87% 2,68M 0s
    50K .......                                               100%  150M=0,02s

2026-09-01 15:13:03 (3,07 MB/s) - ‘costruisciearreda-static/costruisciearreda.it/wp-content/uploads/2024/06/Team-6-768x909.jpg’ salvato [58815/58815]

--2026-09-01 15:13:03--  https://costruisciearreda.it/wp-content/uploads/2024/06/Team-7-254x300.jpg
Riutilizzo della connessione esistente a costruisciearreda.it:443.
Richiesta HTTP inviata, in attesa di risposta... 200 OK
Lunghezza: 6233 (6,1K) [image/jpeg]
Salvataggio in: ‘costruisciearreda-static/costruisciearreda.it/wp-content/uploads/2024/06/Team-7-254x300.jpg’

     0K ......                                                100% 9,92G=0s

2026-09-01 15:13:03 (9,92 GB/s) - ‘costruisciearreda-static/costruisciearreda.it/wp-content/uploads/2024/06/Team-7-254x300.jpg’ salvato [6233/6233]

--2026-09-01 15:13:03--  https://costruisciearreda.it/wp-content/uploads/2024/06/Team-7-768x909.jpg
Riutilizzo della connessione esistente a costruisciearreda.it:443.
Richiesta HTTP inviata, in attesa di risposta... 200 OK
Lunghezza: 34882 (34K) [image/jpeg]
Salvataggio in: ‘costruisciearreda-static/costruisciearreda.it/wp-content/uploads/2024/06/Team-7-768x909.jpg’

     0K .......... .......... .......... ....                 100% 72,5M=0s

2026-09-01 15:13:03 (72,5 MB/s) - ‘costruisciearreda-static/costruisciearreda.it/wp-content/uploads/2024/06/Team-7-768x909.jpg’ salvato [34882/34882]

--2026-09-01 15:13:03--  https://costruisciearreda.it/wp-content/uploads/2024/06/Team-8-254x300.jpg
Riutilizzo della connessione esistente a costruisciearreda.it:443.
Richiesta HTTP inviata, in attesa di risposta... 200 OK
Lunghezza: 8766 (8,6K) [image/jpeg]
Salvataggio in: ‘costruisciearreda-static/costruisciearreda.it/wp-content/uploads/2024/06/Team-8-254x300.jpg’

     0K ........                                              100%  252M=0s

2026-09-01 15:13:03 (252 MB/s) - ‘costruisciearreda-static/costruisciearreda.it/wp-content/uploads/2024/06/Team-8-254x300.jpg’ salvato [8766/8766]

--2026-09-01 15:13:03--  https://costruisciearreda.it/wp-content/uploads/2024/06/Team-8-768x909.jpg
Riutilizzo della connessione esistente a costruisciearreda.it:443.
Richiesta HTTP inviata, in attesa di risposta... 200 OK
Lunghezza: 90883 (89K) [image/jpeg]
Salvataggio in: ‘costruisciearreda-static/costruisciearreda.it/wp-content/uploads/2024/06/Team-8-768x909.jpg’

     0K .......... .......... .......... .......... .......... 56% 2,69M 0s
    50K .......... .......... .......... ........             100% 40,6M=0,02s

2026-09-01 15:13:04 (4,54 MB/s) - ‘costruisciearreda-static/costruisciearreda.it/wp-content/uploads/2024/06/Team-8-768x909.jpg’ salvato [90883/90883]

--2026-09-01 15:13:04--  https://costruisciearreda.it/wp-content/uploads/2024/06/Team-9-254x300.jpg
Riutilizzo della connessione esistente a costruisciearreda.it:443.
Richiesta HTTP inviata, in attesa di risposta... 200 OK
Lunghezza: 6194 (6,0K) [image/jpeg]
Salvataggio in: ‘costruisciearreda-static/costruisciearreda.it/wp-content/uploads/2024/06/Team-9-254x300.jpg’

     0K ......                                                100% 8,99G=0s

2026-09-01 15:13:04 (8,99 GB/s) - ‘costruisciearreda-static/costruisciearreda.it/wp-content/uploads/2024/06/Team-9-254x300.jpg’ salvato [6194/6194]

--2026-09-01 15:13:04--  https://costruisciearreda.it/wp-content/uploads/2024/06/Team-9-768x909.jpg
Riutilizzo della connessione esistente a costruisciearreda.it:443.
Richiesta HTTP inviata, in attesa di risposta... 200 OK
Lunghezza: 29824 (29K) [image/jpeg]
Salvataggio in: ‘costruisciearreda-static/costruisciearreda.it/wp-content/uploads/2024/06/Team-9-768x909.jpg’

     0K .......... .......... .........                       100%  496M=0s

2026-09-01 15:13:04 (496 MB/s) - ‘costruisciearreda-static/costruisciearreda.it/wp-content/uploads/2024/06/Team-9-768x909.jpg’ salvato [29824/29824]

--2026-09-01 15:13:04--  https://costruisciearreda.it/wp-content/uploads/2024/06/Team-10-254x300.jpg
Riutilizzo della connessione esistente a costruisciearreda.it:443.
Richiesta HTTP inviata, in attesa di risposta... 200 OK
Lunghezza: 7161 (7,0K) [image/jpeg]
Salvataggio in: ‘costruisciearreda-static/costruisciearreda.it/wp-content/uploads/2024/06/Team-10-254x300.jpg’

     0K ......                                                100% 11,4G=0s

2026-09-01 15:13:04 (11,4 GB/s) - ‘costruisciearreda-static/costruisciearreda.it/wp-content/uploads/2024/06/Team-10-254x300.jpg’ salvato [7161/7161]

--2026-09-01 15:13:04--  https://costruisciearreda.it/wp-content/uploads/2024/06/Team-10-768x909.jpg
Riutilizzo della connessione esistente a costruisciearreda.it:443.
Richiesta HTTP inviata, in attesa di risposta... 200 OK
Lunghezza: 35370 (35K) [image/jpeg]
Salvataggio in: ‘costruisciearreda-static/costruisciearreda.it/wp-content/uploads/2024/06/Team-10-768x909.jpg’

     0K .......... .......... .......... ....                 100% 31,5M=0,001s

2026-09-01 15:13:04 (31,5 MB/s) - ‘costruisciearreda-static/costruisciearreda.it/wp-content/uploads/2024/06/Team-10-768x909.jpg’ salvato [35370/35370]

--2026-09-01 15:13:04--  https://costruisciearreda.it/wp-content/uploads/2024/06/Team-12-254x300.jpg
Riutilizzo della connessione esistente a costruisciearreda.it:443.
Richiesta HTTP inviata, in attesa di risposta... 200 OK
Lunghezza: 7586 (7,4K) [image/jpeg]
Salvataggio in: ‘costruisciearreda-static/costruisciearreda.it/wp-content/uploads/2024/06/Team-12-254x300.jpg’

     0K .......                                               100% 8,92G=0s

2026-09-01 15:13:04 (8,92 GB/s) - ‘costruisciearreda-static/costruisciearreda.it/wp-content/uploads/2024/06/Team-12-254x300.jpg’ salvato [7586/7586]

--2026-09-01 15:13:04--  https://costruisciearreda.it/wp-content/uploads/2024/06/Team-12-768x909.jpg
Riutilizzo della connessione esistente a costruisciearreda.it:443.
Richiesta HTTP inviata, in attesa di risposta... 200 OK
Lunghezza: 40990 (40K) [image/jpeg]
Salvataggio in: ‘costruisciearreda-static/costruisciearreda.it/wp-content/uploads/2024/06/Team-12-768x909.jpg’

     0K .......... .......... .......... ..........           100% 38,5M=0,001s

2026-09-01 15:13:04 (38,5 MB/s) - ‘costruisciearreda-static/costruisciearreda.it/wp-content/uploads/2024/06/Team-12-768x909.jpg’ salvato [40990/40990]

--2026-09-01 15:13:04--  https://costruisciearreda.it/wp-json/oembed/1.0/embed?url=https%3A%2F%2Fcostruisciearreda.it%2Flavora-con-noi%2F
Riutilizzo della connessione esistente a costruisciearreda.it:443.
Richiesta HTTP inviata, in attesa di risposta... 200 OK
Lunghezza: non specificato [application/json]
Salvataggio in: ‘costruisciearreda-static/costruisciearreda.it/wp-json/oembed/1.0/embed?url=https:%2F%2Fcostruisciearreda.it%2Flavora-con-noi%2F’

     0K ..                                                     2,03G=0s

Intestazione Last-modified mancante -- marche temporali disattivate.
2026-09-01 15:13:04 (2,03 GB/s) - ‘costruisciearreda-static/costruisciearreda.it/wp-json/oembed/1.0/embed?url=https:%2F%2Fcostruisciearreda.it%2Flavora-con-noi%2F’ salvato [2725]

--2026-09-01 15:13:04--  https://costruisciearreda.it/wp-json/oembed/1.0/embed?url=https%3A%2F%2Fcostruisciearreda.it%2Flavora-con-noi%2F&format=xml
Riutilizzo della connessione esistente a costruisciearreda.it:443.
Richiesta HTTP inviata, in attesa di risposta... 200 OK
Lunghezza: non specificato [text/xml]
Salvataggio in: ‘costruisciearreda-static/costruisciearreda.it/wp-json/oembed/1.0/embed?url=https:%2F%2Fcostruisciearreda.it%2Flavora-con-noi%2F&format=xml’

     0K ..                                                     1,32G=0s

Intestazione Last-modified mancante -- marche temporali disattivate.
2026-09-01 15:13:05 (1,32 GB/s) - ‘costruisciearreda-static/costruisciearreda.it/wp-json/oembed/1.0/embed?url=https:%2F%2Fcostruisciearreda.it%2Flavora-con-noi%2F&format=xml’ salvato [2892]

--2026-09-01 15:13:05--  https://costruisciearreda.it/wp-content/cache/wpo-minify/1788241814/assets/wpo-minify-header-fd618733.min.css
Riutilizzo della connessione esistente a costruisciearreda.it:443.
Richiesta HTTP inviata, in attesa di risposta... 200 OK
Lunghezza: 685815 (670K) [text/css]
Salvataggio in: ‘costruisciearreda-static/costruisciearreda.it/wp-content/cache/wpo-minify/1788241814/assets/wpo-minify-header-fd618733.min.css’

     0K .......... .......... .......... .......... ..........  7%  865K 1s
    50K .......... .......... .......... .......... .......... 14%  867K 1s
   100K .......... .......... .......... .......... .......... 22%  634K 1s
   150K .......... .......... .......... .......... .......... 29% 1,26M 1s
   200K .......... .......... .......... .......... .......... 37%  743K 1s
   250K .......... .......... .......... .......... .......... 44%  548K 0s
   300K .......... .......... .......... .......... .......... 52%  493K 0s
   350K .......... .......... .......... .......... .......... 59%  649K 0s
   400K .......... .......... .......... .......... .......... 67%  679K 0s
   450K .......... .......... .......... .......... .......... 74%  956K 0s
   500K .......... .......... .......... .......... .......... 82% 1,30M 0s
   550K .......... .......... .......... .......... .......... 89% 1,36M 0s
   600K .......... .......... .......... .......... .......... 97%  929K 0s
   650K .......... .........                                  100% 8,58M=0,8s

2026-09-01 15:13:06 (811 KB/s) - ‘costruisciearreda-static/costruisciearreda.it/wp-content/cache/wpo-minify/1788241814/assets/wpo-minify-header-fd618733.min.css’ salvato [685815/685815]

--2026-09-01 15:13:06--  https://costruisciearreda.it/wp-json/wp/v2/pages/106
Riutilizzo della connessione esistente a costruisciearreda.it:443.
Richiesta HTTP inviata, in attesa di risposta... 200 OK
Lunghezza: non specificato [application/json]
Salvataggio in: ‘costruisciearreda-static/costruisciearreda.it/wp-json/wp/v2/pages/106’

     0K .......... .......... ...                              1,30M=0,02s

Intestazione Last-modified mancante -- marche temporali disattivate.
2026-09-01 15:13:06 (1,30 MB/s) - ‘costruisciearreda-static/costruisciearreda.it/wp-json/wp/v2/pages/106’ salvato [23881]

--2026-09-01 15:13:06--  https://costruisciearreda.it/?p=106
Riutilizzo della connessione esistente a costruisciearreda.it:443.
Richiesta HTTP inviata, in attesa di risposta... 301 Moved Permanently
Posizione: https://costruisciearreda.it/lavora-con-noi/ [segue]
--2026-09-01 15:13:07--  https://costruisciearreda.it/lavora-con-noi/
Riutilizzo della connessione esistente a costruisciearreda.it:443.
Richiesta HTTP inviata, in attesa di risposta... 200 OK
Lunghezza: non specificato [text/html]
Salvataggio in: ‘costruisciearreda-static/costruisciearreda.it/index.html?p=106.html’

     0K .......... .......... .......... .......... .......... 1,27M
    50K .......... .......... ....                             1,08M=0,06s

2026-09-01 15:13:07 (1,20 MB/s) - ‘costruisciearreda-static/costruisciearreda.it/index.html?p=106.html’ salvato [76688]

--2026-09-01 15:13:07--  https://costruisciearreda.it/wp-content/uploads/2024/06/Raggruppa-1729.jpg
Riutilizzo della connessione esistente a costruisciearreda.it:443.
Richiesta HTTP inviata, in attesa di risposta... 200 OK
Lunghezza: 518500 (506K) [image/jpeg]
Salvataggio in: ‘costruisciearreda-static/costruisciearreda.it/wp-content/uploads/2024/06/Raggruppa-1729.jpg’

     0K .......... .......... .......... .......... ..........  9% 1,36M 0s
    50K .......... .......... .......... .......... .......... 19% 2,32M 0s
   100K .......... .......... .......... .......... .......... 29% 1,06M 0s
   150K .......... .......... .......... .......... .......... 39% 1,13M 0s
   200K .......... .......... .......... .......... .......... 49% 1,25M 0s
   250K .......... .......... .......... .......... .......... 59%  744K 0s
   300K .......... .......... .......... .......... .......... 69% 2,77M 0s
   350K .......... .......... .......... .......... .......... 78%  691K 0s
   400K .......... .......... .......... .......... .......... 88% 2,27M 0s
   450K .......... .......... .......... .......... .......... 98% 1,20M 0s
   500K ......                                                100% 11,8T=0,4s

2026-09-01 15:13:07 (1,22 MB/s) - ‘costruisciearreda-static/costruisciearreda.it/wp-content/uploads/2024/06/Raggruppa-1729.jpg’ salvato [518500/518500]

--2026-09-01 15:13:07--  https://costruisciearreda.it/wp-content/uploads/2024/06/Raggruppa-1732.jpg
Riutilizzo della connessione esistente a costruisciearreda.it:443.
Richiesta HTTP inviata, in attesa di risposta... 200 OK
Lunghezza: 249517 (244K) [image/jpeg]
Salvataggio in: ‘costruisciearreda-static/costruisciearreda.it/wp-content/uploads/2024/06/Raggruppa-1732.jpg’

     0K .......... .......... .......... .......... .......... 20% 1,24M 0s
    50K .......... .......... .......... .......... .......... 41% 2,12M 0s
   100K .......... .......... .......... .......... .......... 61%  647K 0s
   150K .......... .......... .......... .......... .......... 82% 1,22M 0s
   200K .......... .......... .......... .......... ...       100% 1,05M=0,2s

2026-09-01 15:13:07 (1,08 MB/s) - ‘costruisciearreda-static/costruisciearreda.it/wp-content/uploads/2024/06/Raggruppa-1732.jpg’ salvato [249517/249517]

--2026-09-01 15:13:07--  https://costruisciearreda.it/wp-content/uploads/2024/06/Raggruppa-1732-300x229.jpg
Riutilizzo della connessione esistente a costruisciearreda.it:443.
Richiesta HTTP inviata, in attesa di risposta... 200 OK
Lunghezza: 12484 (12K) [image/jpeg]
Salvataggio in: ‘costruisciearreda-static/costruisciearreda.it/wp-content/uploads/2024/06/Raggruppa-1732-300x229.jpg’

     0K .......... ..                                         100%  375M=0s

2026-09-01 15:13:07 (375 MB/s) - ‘costruisciearreda-static/costruisciearreda.it/wp-content/uploads/2024/06/Raggruppa-1732-300x229.jpg’ salvato [12484/12484]

--2026-09-01 15:13:07--  https://costruisciearreda.it/wp-content/uploads/2024/06/Raggruppa-1732-768x586.jpg
Riutilizzo della connessione esistente a costruisciearreda.it:443.
Richiesta HTTP inviata, in attesa di risposta... 200 OK
Lunghezza: 49855 (49K) [image/jpeg]
Salvataggio in: ‘costruisciearreda-static/costruisciearreda.it/wp-content/uploads/2024/06/Raggruppa-1732-768x586.jpg’

     0K .......... .......... .......... .......... ........  100% 1,10M=0,04s

2026-09-01 15:13:08 (1,10 MB/s) - ‘costruisciearreda-static/costruisciearreda.it/wp-content/uploads/2024/06/Raggruppa-1732-768x586.jpg’ salvato [49855/49855]

--2026-09-01 15:13:08--  https://costruisciearreda.it/wp-json/oembed/1.0/embed?url=https%3A%2F%2Fcostruisciearreda.it%2Fcontatti%2F
Riutilizzo della connessione esistente a costruisciearreda.it:443.
Richiesta HTTP inviata, in attesa di risposta... 200 OK
Lunghezza: non specificato [application/json]
Salvataggio in: ‘costruisciearreda-static/costruisciearreda.it/wp-json/oembed/1.0/embed?url=https:%2F%2Fcostruisciearreda.it%2Fcontatti%2F’

     0K ..                                                     2,08G=0s

Intestazione Last-modified mancante -- marche temporali disattivate.
2026-09-01 15:13:08 (2,08 GB/s) - ‘costruisciearreda-static/costruisciearreda.it/wp-json/oembed/1.0/embed?url=https:%2F%2Fcostruisciearreda.it%2Fcontatti%2F’ salvato [2697]

--2026-09-01 15:13:08--  https://costruisciearreda.it/wp-json/oembed/1.0/embed?url=https%3A%2F%2Fcostruisciearreda.it%2Fcontatti%2F&format=xml
Riutilizzo della connessione esistente a costruisciearreda.it:443.
Richiesta HTTP inviata, in attesa di risposta... 200 OK
Lunghezza: non specificato [text/xml]
Salvataggio in: ‘costruisciearreda-static/costruisciearreda.it/wp-json/oembed/1.0/embed?url=https:%2F%2Fcostruisciearreda.it%2Fcontatti%2F&format=xml’

     0K ..                                                     1,47G=0s

Intestazione Last-modified mancante -- marche temporali disattivate.
2026-09-01 15:13:09 (1,47 GB/s) - ‘costruisciearreda-static/costruisciearreda.it/wp-json/oembed/1.0/embed?url=https:%2F%2Fcostruisciearreda.it%2Fcontatti%2F&format=xml’ salvato [2865]

--2026-09-01 15:13:09--  https://costruisciearreda.it/wp-content/cache/wpo-minify/1788241814/assets/wpo-minify-header-1c758f7a.min.css
Riutilizzo della connessione esistente a costruisciearreda.it:443.
Richiesta HTTP inviata, in attesa di risposta... 200 OK
Lunghezza: 730265 (713K) [text/css]
Salvataggio in: ‘costruisciearreda-static/costruisciearreda.it/wp-content/cache/wpo-minify/1788241814/assets/wpo-minify-header-1c758f7a.min.css’

     0K .......... .......... .......... .......... ..........  7% 1,35M 0s
    50K .......... .......... .......... .......... .......... 14%  946K 1s
   100K .......... .......... .......... .......... .......... 21% 1,36M 0s
   150K .......... .......... .......... .......... .......... 28% 1,41M 0s
   200K .......... .......... .......... .......... .......... 35% 1,39M 0s
   250K .......... .......... .......... .......... .......... 42% 1,84M 0s
   300K .......... .......... .......... .......... .......... 49% 2,01M 0s
   350K .......... .......... .......... .......... .......... 56% 1,49M 0s
   400K .......... .......... .......... .......... .......... 63% 2,69M 0s
   450K .......... .......... .......... .......... .......... 70% 1,41M 0s
   500K .......... .......... .......... .......... .......... 77% 2,78M 0s
   550K .......... .......... .......... .......... .......... 84% 2,36M 0s
   600K .......... .......... .......... .......... .......... 91% 1,25M 0s
   650K .......... .......... .......... .......... .......... 98% 2,83M 0s
   700K .......... ...                                        100% 15,2M=0,4s

2026-09-01 15:13:09 (1,63 MB/s) - ‘costruisciearreda-static/costruisciearreda.it/wp-content/cache/wpo-minify/1788241814/assets/wpo-minify-header-1c758f7a.min.css’ salvato [730265/730265]

--2026-09-01 15:13:09--  https://costruisciearreda.it/wp-json/wp/v2/pages/107
Riutilizzo della connessione esistente a costruisciearreda.it:443.
Richiesta HTTP inviata, in attesa di risposta... 200 OK
Lunghezza: non specificato [application/json]
Salvataggio in: ‘costruisciearreda-static/costruisciearreda.it/wp-json/wp/v2/pages/107’

     0K .......... .......... .......... .......... ...        1,55M=0,03s

Intestazione Last-modified mancante -- marche temporali disattivate.
2026-09-01 15:13:10 (1,55 MB/s) - ‘costruisciearreda-static/costruisciearreda.it/wp-json/wp/v2/pages/107’ salvato [44418]

--2026-09-01 15:13:10--  https://costruisciearreda.it/?p=107
Riutilizzo della connessione esistente a costruisciearreda.it:443.
Richiesta HTTP inviata, in attesa di risposta... 301 Moved Permanently
Posizione: https://costruisciearreda.it/contatti/ [segue]
--2026-09-01 15:13:10--  https://costruisciearreda.it/contatti/
Riutilizzo della connessione esistente a costruisciearreda.it:443.
Richiesta HTTP inviata, in attesa di risposta... 200 OK
Lunghezza: non specificato [text/html]
Salvataggio in: ‘costruisciearreda-static/costruisciearreda.it/index.html?p=107.html’

     0K .......... .......... .......... .......... .......... 2,54M
    50K .......... .......... .......... .......               2,12M=0,04s

2026-09-01 15:13:10 (2,34 MB/s) - ‘costruisciearreda-static/costruisciearreda.it/index.html?p=107.html’ salvato [89623]

--2026-09-01 15:13:10--  https://costruisciearreda.it/wp-content/uploads/2024/06/Raggruppa-1649-1.jpg
Riutilizzo della connessione esistente a costruisciearreda.it:443.
Richiesta HTTP inviata, in attesa di risposta... 200 OK
Lunghezza: 611793 (597K) [image/jpeg]
Salvataggio in: ‘costruisciearreda-static/costruisciearreda.it/wp-content/uploads/2024/06/Raggruppa-1649-1.jpg’

     0K .......... .......... .......... .......... ..........  8% 2,70M 0s
    50K .......... .......... .......... .......... .......... 16% 2,73M 0s
   100K .......... .......... .......... .......... .......... 25% 2,18M 0s
   150K .......... .......... .......... .......... .......... 33% 2,83M 0s
   200K .......... .......... .......... .......... .......... 41% 2,39M 0s
   250K .......... .......... .......... .......... .......... 50% 2,16M 0s
   300K .......... .......... .......... .......... .......... 58% 2,83M 0s
   350K .......... .......... .......... .......... .......... 66% 2,82M 0s
   400K .......... .......... .......... .......... .......... 75% 2,86M 0s
   450K .......... .......... .......... .......... .......... 83% 2,81M 0s
   500K .......... .......... .......... .......... .......... 92% 2,65M 0s
   550K .......... .......... .......... .......... .......   100% 3,62M=0,2s

2026-09-01 15:13:11 (2,66 MB/s) - ‘costruisciearreda-static/costruisciearreda.it/wp-content/uploads/2024/06/Raggruppa-1649-1.jpg’ salvato [611793/611793]

--2026-09-01 15:13:11--  https://costruisciearreda.it/wp-content/uploads/2024/06/Raggruppa-1650-1.jpg
Riutilizzo della connessione esistente a costruisciearreda.it:443.
Richiesta HTTP inviata, in attesa di risposta... 200 OK
Lunghezza: 242279 (237K) [image/jpeg]
Salvataggio in: ‘costruisciearreda-static/costruisciearreda.it/wp-content/uploads/2024/06/Raggruppa-1650-1.jpg’

     0K .......... .......... .......... .......... .......... 21% 2,82M 0s
    50K .......... .......... .......... .......... .......... 42% 22,6M 0s
   100K .......... .......... .......... .......... .......... 63% 2,57M 0s
   150K .......... .......... .......... .......... .......... 84% 2,68M 0s
   200K .......... .......... .......... ......               100% 1,79M=0,08s

2026-09-01 15:13:11 (3,01 MB/s) - ‘costruisciearreda-static/costruisciearreda.it/wp-content/uploads/2024/06/Raggruppa-1650-1.jpg’ salvato [242279/242279]

--2026-09-01 15:13:11--  https://costruisciearreda.it/wp-content/uploads/2024/08/ShowroomCont.png
Riutilizzo della connessione esistente a costruisciearreda.it:443.
Richiesta HTTP inviata, in attesa di risposta... 200 OK
Lunghezza: 3346 (3,3K) [image/png]
Salvataggio in: ‘costruisciearreda-static/costruisciearreda.it/wp-content/uploads/2024/08/ShowroomCont.png’

     0K ...                                                   100% 3,68G=0s

2026-09-01 15:13:11 (3,68 GB/s) - ‘costruisciearreda-static/costruisciearreda.it/wp-content/uploads/2024/08/ShowroomCont.png’ salvato [3346/3346]

--2026-09-01 15:13:11--  https://costruisciearreda.it/wp-content/uploads/2024/08/ShowroomCont-150x150.png
Riutilizzo della connessione esistente a costruisciearreda.it:443.
Richiesta HTTP inviata, in attesa di risposta... 200 OK
Lunghezza: 2748 (2,7K) [image/png]
Salvataggio in: ‘costruisciearreda-static/costruisciearreda.it/wp-content/uploads/2024/08/ShowroomCont-150x150.png’

     0K ..                                                    100% 2,96G=0s

2026-09-01 15:13:11 (2,96 GB/s) - ‘costruisciearreda-static/costruisciearreda.it/wp-content/uploads/2024/08/ShowroomCont-150x150.png’ salvato [2748/2748]

--2026-09-01 15:13:11--  https://costruisciearreda.it/wp-content/uploads/2024/08/EdileCont.png
Riutilizzo della connessione esistente a costruisciearreda.it:443.
Richiesta HTTP inviata, in attesa di risposta... 200 OK
Lunghezza: 3811 (3,7K) [image/png]
Salvataggio in: ‘costruisciearreda-static/costruisciearreda.it/wp-content/uploads/2024/08/EdileCont.png’

     0K ...                                                   100% 6,22G=0s

2026-09-01 15:13:11 (6,22 GB/s) - ‘costruisciearreda-static/costruisciearreda.it/wp-content/uploads/2024/08/EdileCont.png’ salvato [3811/3811]

--2026-09-01 15:13:11--  https://costruisciearreda.it/wp-content/uploads/2024/08/EdileCont-150x150.png
Riutilizzo della connessione esistente a costruisciearreda.it:443.
Richiesta HTTP inviata, in attesa di risposta... 200 OK
Lunghezza: 4038 (3,9K) [image/png]
Salvataggio in: ‘costruisciearreda-static/costruisciearreda.it/wp-content/uploads/2024/08/EdileCont-150x150.png’

     0K ...                                                   100% 3,92G=0s

2026-09-01 15:13:11 (3,92 GB/s) - ‘costruisciearreda-static/costruisciearreda.it/wp-content/uploads/2024/08/EdileCont-150x150.png’ salvato [4038/4038]

--2026-09-01 15:13:11--  https://costruisciearreda.it/wp-content/uploads/2024/08/FerraCont.png
Riutilizzo della connessione esistente a costruisciearreda.it:443.
Richiesta HTTP inviata, in attesa di risposta... 200 OK
Lunghezza: 3831 (3,7K) [image/png]
Salvataggio in: ‘costruisciearreda-static/costruisciearreda.it/wp-content/uploads/2024/08/FerraCont.png’

     0K ...                                                   100% 4,27G=0s

2026-09-01 15:13:11 (4,27 GB/s) - ‘costruisciearreda-static/costruisciearreda.it/wp-content/uploads/2024/08/FerraCont.png’ salvato [3831/3831]

--2026-09-01 15:13:11--  https://costruisciearreda.it/wp-content/uploads/2024/08/FerraCont-150x150.png
Riutilizzo della connessione esistente a costruisciearreda.it:443.
Richiesta HTTP inviata, in attesa di risposta... 200 OK
Lunghezza: 5376 (5,2K) [image/png]
Salvataggio in: ‘costruisciearreda-static/costruisciearreda.it/wp-content/uploads/2024/08/FerraCont-150x150.png’

     0K .....                                                 100% 4,89G=0s

2026-09-01 15:13:11 (4,89 GB/s) - ‘costruisciearreda-static/costruisciearreda.it/wp-content/uploads/2024/08/FerraCont-150x150.png’ salvato [5376/5376]

--2026-09-01 15:13:11--  https://costruisciearreda.it/wp-json/oembed/1.0/embed?url=https%3A%2F%2Fcostruisciearreda.it%2Fdalla-progettazione-alla-realizzazione%2F
Riutilizzo della connessione esistente a costruisciearreda.it:443.
Richiesta HTTP inviata, in attesa di risposta... 200 OK
Lunghezza: non specificato [application/json]
Salvataggio in: ‘costruisciearreda-static/costruisciearreda.it/wp-json/oembed/1.0/embed?url=https:%2F%2Fcostruisciearreda.it%2Fdalla-progettazione-alla-realizzazione%2F’

     0K ..                                                     1,61G=0s

Intestazione Last-modified mancante -- marche temporali disattivate.
2026-09-01 15:13:11 (1,61 GB/s) - ‘costruisciearreda-static/costruisciearreda.it/wp-json/oembed/1.0/embed?url=https:%2F%2Fcostruisciearreda.it%2Fdalla-progettazione-alla-realizzazione%2F’ salvato [2774]

--2026-09-01 15:13:11--  https://costruisciearreda.it/wp-json/oembed/1.0/embed?url=https%3A%2F%2Fcostruisciearreda.it%2Fdalla-progettazione-alla-realizzazione%2F&format=xml
Riutilizzo della connessione esistente a costruisciearreda.it:443.
Richiesta HTTP inviata, in attesa di risposta... 200 OK
Lunghezza: non specificato [text/xml]
Salvataggio in: ‘costruisciearreda-static/costruisciearreda.it/wp-json/oembed/1.0/embed?url=https:%2F%2Fcostruisciearreda.it%2Fdalla-progettazione-alla-realizzazione%2F&format=xml’

     0K ..                                                     1,44G=0s

Intestazione Last-modified mancante -- marche temporali disattivate.
2026-09-01 15:13:12 (1,44 GB/s) - ‘costruisciearreda-static/costruisciearreda.it/wp-json/oembed/1.0/embed?url=https:%2F%2Fcostruisciearreda.it%2Fdalla-progettazione-alla-realizzazione%2F&format=xml’ salvato [2942]

--2026-09-01 15:13:12--  https://costruisciearreda.it/wp-content/cache/wpo-minify/1788241814/assets/wpo-minify-header-c52a98b7.min.css
Riutilizzo della connessione esistente a costruisciearreda.it:443.
Richiesta HTTP inviata, in attesa di risposta... 200 OK
Lunghezza: 715076 (698K) [text/css]
Salvataggio in: ‘costruisciearreda-static/costruisciearreda.it/wp-content/cache/wpo-minify/1788241814/assets/wpo-minify-header-c52a98b7.min.css’

     0K .......... .......... .......... .......... ..........  7% 1,29M 0s
    50K .......... .......... .......... .......... .......... 14% 3,17M 0s
   100K .......... .......... .......... .......... .......... 21% 2,55M 0s
   150K .......... .......... .......... .......... .......... 28% 2,14M 0s
   200K .......... .......... .......... .......... .......... 35% 2,75M 0s
   250K .......... .......... .......... .......... .......... 42% 9,52M 0s
   300K .......... .......... .......... .......... .......... 50% 2,72M 0s
   350K .......... .......... .......... .......... .......... 57% 2,50M 0s
   400K .......... .......... .......... .......... .......... 64% 2,65M 0s
   450K .......... .......... .......... .......... .......... 71% 2,51M 0s
   500K .......... .......... .......... .......... .......... 78% 33,7M 0s
   550K .......... .......... .......... .......... .......... 85% 2,67M 0s
   600K .......... .......... .......... .......... .......... 93% 2,49M 0s
   650K .......... .......... .......... .......... ........  100% 2,74M=0,3s

2026-09-01 15:13:12 (2,73 MB/s) - ‘costruisciearreda-static/costruisciearreda.it/wp-content/cache/wpo-minify/1788241814/assets/wpo-minify-header-c52a98b7.min.css’ salvato [715076/715076]

--2026-09-01 15:13:12--  https://costruisciearreda.it/wp-json/wp/v2/pages/905
Riutilizzo della connessione esistente a costruisciearreda.it:443.
Richiesta HTTP inviata, in attesa di risposta... 200 OK
Lunghezza: non specificato [application/json]
Salvataggio in: ‘costruisciearreda-static/costruisciearreda.it/wp-json/wp/v2/pages/905’

     0K .......... .......... .......... .......... .......... 1,29M
    50K .......... .                                           22,6M=0,04s

Intestazione Last-modified mancante -- marche temporali disattivate.
2026-09-01 15:13:13 (1,55 MB/s) - ‘costruisciearreda-static/costruisciearreda.it/wp-json/wp/v2/pages/905’ salvato [62545]

--2026-09-01 15:13:13--  https://costruisciearreda.it/?p=905
Riutilizzo della connessione esistente a costruisciearreda.it:443.
Richiesta HTTP inviata, in attesa di risposta... 301 Moved Permanently
Posizione: https://costruisciearreda.it/dalla-progettazione-alla-realizzazione/ [segue]
--2026-09-01 15:13:14--  https://costruisciearreda.it/dalla-progettazione-alla-realizzazione/
Riutilizzo della connessione esistente a costruisciearreda.it:443.
Richiesta HTTP inviata, in attesa di risposta... 200 OK
Lunghezza: non specificato [text/html]
Salvataggio in: ‘costruisciearreda-static/costruisciearreda.it/index.html?p=905.html’

     0K .......... .......... .......... .......... .......... 2,58M
    50K .......... .......... .......... .......... .......... 2,32M
   100K ........                                                435M=0,04s

2026-09-01 15:13:14 (2,65 MB/s) - ‘costruisciearreda-static/costruisciearreda.it/index.html?p=905.html’ salvato [110996]

--2026-09-01 15:13:14--  https://costruisciearreda.it/wp-content/uploads/2024/06/Raggruppa-1648.jpg
Riutilizzo della connessione esistente a costruisciearreda.it:443.
Richiesta HTTP inviata, in attesa di risposta... 200 OK
Lunghezza: 474209 (463K) [image/jpeg]
Salvataggio in: ‘costruisciearreda-static/costruisciearreda.it/wp-content/uploads/2024/06/Raggruppa-1648.jpg’

     0K .......... .......... .......... .......... .......... 10%  585M 0s
    50K .......... .......... .......... .......... .......... 21% 2,05M 0s
   100K .......... .......... .......... .......... .......... 32% 2,72M 0s
   150K .......... .......... .......... .......... .......... 43% 2,63M 0s
   200K .......... .......... .......... .......... .......... 53% 23,5M 0s
   250K .......... .......... .......... .......... .......... 64% 2,64M 0s
   300K .......... .......... .......... .......... .......... 75% 2,75M 0s
   350K .......... .......... .......... .......... .......... 86% 3,30M 0s
   400K .......... .......... .......... .......... .......... 97% 10,5M 0s
   450K .......... ...                                        100%  467M=0,1s

2026-09-01 15:13:14 (3,83 MB/s) - ‘costruisciearreda-static/costruisciearreda.it/wp-content/uploads/2024/06/Raggruppa-1648.jpg’ salvato [474209/474209]

--2026-09-01 15:13:14--  https://costruisciearreda.it/wp-content/uploads/2024/06/Tracciato-1190.jpg
Riutilizzo della connessione esistente a costruisciearreda.it:443.
Richiesta HTTP inviata, in attesa di risposta... 200 OK
Lunghezza: 3414 (3,3K) [image/jpeg]
Salvataggio in: ‘costruisciearreda-static/costruisciearreda.it/wp-content/uploads/2024/06/Tracciato-1190.jpg’

     0K ...                                                   100% 4,31G=0s

2026-09-01 15:13:14 (4,31 GB/s) - ‘costruisciearreda-static/costruisciearreda.it/wp-content/uploads/2024/06/Tracciato-1190.jpg’ salvato [3414/3414]

--2026-09-01 15:13:14--  https://costruisciearreda.it/wp-content/uploads/2024/06/Raggruppa-1489-2.svg
Riutilizzo della connessione esistente a costruisciearreda.it:443.
Richiesta HTTP inviata, in attesa di risposta... 200 OK
Lunghezza: 1151 (1,1K) [image/svg+xml]
Salvataggio in: ‘costruisciearreda-static/costruisciearreda.it/wp-content/uploads/2024/06/Raggruppa-1489-2.svg’

     0K .                                                     100% 2,74G=0s

2026-09-01 15:13:14 (2,74 GB/s) - ‘costruisciearreda-static/costruisciearreda.it/wp-content/uploads/2024/06/Raggruppa-1489-2.svg’ salvato [1151/1151]

--2026-09-01 15:13:14--  https://costruisciearreda.it/wp-content/uploads/2024/06/Raggruppa-1490-1.svg
Riutilizzo della connessione esistente a costruisciearreda.it:443.
Richiesta HTTP inviata, in attesa di risposta... 200 OK
Lunghezza: 1180 (1,2K) [image/svg+xml]
Salvataggio in: ‘costruisciearreda-static/costruisciearreda.it/wp-content/uploads/2024/06/Raggruppa-1490-1.svg’

     0K .                                                     100% 2,68G=0s

2026-09-01 15:13:14 (2,68 GB/s) - ‘costruisciearreda-static/costruisciearreda.it/wp-content/uploads/2024/06/Raggruppa-1490-1.svg’ salvato [1180/1180]

--2026-09-01 15:13:14--  https://costruisciearreda.it/wp-content/uploads/2024/06/Raggruppa-1488-1.svg
Riutilizzo della connessione esistente a costruisciearreda.it:443.
Richiesta HTTP inviata, in attesa di risposta... 200 OK
Lunghezza: 1180 (1,2K) [image/svg+xml]
Salvataggio in: ‘costruisciearreda-static/costruisciearreda.it/wp-content/uploads/2024/06/Raggruppa-1488-1.svg’

     0K .                                                     100% 2,74G=0s

2026-09-01 15:13:14 (2,74 GB/s) - ‘costruisciearreda-static/costruisciearreda.it/wp-content/uploads/2024/06/Raggruppa-1488-1.svg’ salvato [1180/1180]

--2026-09-01 15:13:14--  https://costruisciearreda.it/wp-content/uploads/2024/06/Raggruppa-1620.png
Riutilizzo della connessione esistente a costruisciearreda.it:443.
Richiesta HTTP inviata, in attesa di risposta... 200 OK
Lunghezza: 2473 (2,4K) [image/png]
Salvataggio in: ‘costruisciearreda-static/costruisciearreda.it/wp-content/uploads/2024/06/Raggruppa-1620.png’

     0K ..                                                    100% 1,66G=0s

2026-09-01 15:13:14 (1,66 GB/s) - ‘costruisciearreda-static/costruisciearreda.it/wp-content/uploads/2024/06/Raggruppa-1620.png’ salvato [2473/2473]

--2026-09-01 15:13:14--  https://costruisciearreda.it/wp-content/uploads/2024/06/Raggruppa-1623.png
Riutilizzo della connessione esistente a costruisciearreda.it:443.
Richiesta HTTP inviata, in attesa di risposta... 200 OK
Lunghezza: 2040 (2,0K) [image/png]
Salvataggio in: ‘costruisciearreda-static/costruisciearreda.it/wp-content/uploads/2024/06/Raggruppa-1623.png’

     0K .                                                     100% 2,73G=0s

2026-09-01 15:13:14 (2,73 GB/s) - ‘costruisciearreda-static/costruisciearreda.it/wp-content/uploads/2024/06/Raggruppa-1623.png’ salvato [2040/2040]

--2026-09-01 15:13:14--  https://costruisciearreda.it/wp-content/uploads/2024/06/Raggruppa-1621.png
Riutilizzo della connessione esistente a costruisciearreda.it:443.
Richiesta HTTP inviata, in attesa di risposta... 200 OK
Lunghezza: 3024 (3,0K) [image/png]
Salvataggio in: ‘costruisciearreda-static/costruisciearreda.it/wp-content/uploads/2024/06/Raggruppa-1621.png’

     0K ..                                                    100% 5,77G=0s

2026-09-01 15:13:14 (5,77 GB/s) - ‘costruisciearreda-static/costruisciearreda.it/wp-content/uploads/2024/06/Raggruppa-1621.png’ salvato [3024/3024]

--2026-09-01 15:13:14--  https://costruisciearreda.it/wp-content/uploads/2024/06/Raggruppa-1526.png
Riutilizzo della connessione esistente a costruisciearreda.it:443.
Richiesta HTTP inviata, in attesa di risposta... 200 OK
Lunghezza: 2841 (2,8K) [image/png]
Salvataggio in: ‘costruisciearreda-static/costruisciearreda.it/wp-content/uploads/2024/06/Raggruppa-1526.png’

     0K ..                                                    100% 2,91G=0s

2026-09-01 15:13:14 (2,91 GB/s) - ‘costruisciearreda-static/costruisciearreda.it/wp-content/uploads/2024/06/Raggruppa-1526.png’ salvato [2841/2841]

--2026-09-01 15:13:14--  https://costruisciearreda.it/wp-content/uploads/2024/06/Raggruppa-1626.png
Riutilizzo della connessione esistente a costruisciearreda.it:443.
Richiesta HTTP inviata, in attesa di risposta... 200 OK
Lunghezza: 3274 (3,2K) [image/png]
Salvataggio in: ‘costruisciearreda-static/costruisciearreda.it/wp-content/uploads/2024/06/Raggruppa-1626.png’

     0K ...                                                   100% 6,75G=0s

2026-09-01 15:13:14 (6,75 GB/s) - ‘costruisciearreda-static/costruisciearreda.it/wp-content/uploads/2024/06/Raggruppa-1626.png’ salvato [3274/3274]

--2026-09-01 15:13:14--  https://costruisciearreda.it/wp-content/uploads/2024/06/Raggruppa-1628.png
Riutilizzo della connessione esistente a costruisciearreda.it:443.
Richiesta HTTP inviata, in attesa di risposta... 200 OK
Lunghezza: 3758 (3,7K) [image/png]
Salvataggio in: ‘costruisciearreda-static/costruisciearreda.it/wp-content/uploads/2024/06/Raggruppa-1628.png’

     0K ...                                                   100% 5,27G=0s

2026-09-01 15:13:14 (5,27 GB/s) - ‘costruisciearreda-static/costruisciearreda.it/wp-content/uploads/2024/06/Raggruppa-1628.png’ salvato [3758/3758]

--2026-09-01 15:13:14--  https://costruisciearreda.it/wp-content/uploads/2024/06/Raggruppa-1633.png
Riutilizzo della connessione esistente a costruisciearreda.it:443.
Richiesta HTTP inviata, in attesa di risposta... 200 OK
Lunghezza: 2217 (2,2K) [image/png]
Salvataggio in: ‘costruisciearreda-static/costruisciearreda.it/wp-content/uploads/2024/06/Raggruppa-1633.png’

     0K ..                                                    100% 2,29G=0s

2026-09-01 15:13:14 (2,29 GB/s) - ‘costruisciearreda-static/costruisciearreda.it/wp-content/uploads/2024/06/Raggruppa-1633.png’ salvato [2217/2217]

--2026-09-01 15:13:14--  https://costruisciearreda.it/wp-content/uploads/2024/06/Raggruppa-1527.png
Riutilizzo della connessione esistente a costruisciearreda.it:443.
Richiesta HTTP inviata, in attesa di risposta... 200 OK
Lunghezza: 2837 (2,8K) [image/png]
Salvataggio in: ‘costruisciearreda-static/costruisciearreda.it/wp-content/uploads/2024/06/Raggruppa-1527.png’

     0K ..                                                    100% 3,63G=0s

2026-09-01 15:13:14 (3,63 GB/s) - ‘costruisciearreda-static/costruisciearreda.it/wp-content/uploads/2024/06/Raggruppa-1527.png’ salvato [2837/2837]

--2026-09-01 15:13:14--  https://costruisciearreda.it/wp-includes/js/imagesloaded.min.js?ver=5.0.0
Riutilizzo della connessione esistente a costruisciearreda.it:443.
Richiesta HTTP inviata, in attesa di risposta... 200 OK
Lunghezza: 5520 (5,4K) [application/javascript]
Salvataggio in: ‘costruisciearreda-static/costruisciearreda.it/wp-includes/js/imagesloaded.min.js?ver=5.0.0’

     0K .....                                                 100% 4,65G=0s

2026-09-01 15:13:14 (4,65 GB/s) - ‘costruisciearreda-static/costruisciearreda.it/wp-includes/js/imagesloaded.min.js?ver=5.0.0’ salvato [5520/5520]

--2026-09-01 15:13:14--  https://costruisciearreda.it/wp-json/oembed/1.0/embed?url=https%3A%2F%2Fcostruisciearreda.it%2Fservices%2Fsopralluogo-e-rilievo%2F
Riutilizzo della connessione esistente a costruisciearreda.it:443.
Richiesta HTTP inviata, in attesa di risposta... 200 OK
Lunghezza: non specificato [application/json]
Salvataggio in: ‘costruisciearreda-static/costruisciearreda.it/wp-json/oembed/1.0/embed?url=https:%2F%2Fcostruisciearreda.it%2Fservices%2Fsopralluogo-e-rilievo%2F’

     0K ..                                                     1,58G=0s

Intestazione Last-modified mancante -- marche temporali disattivate.
2026-09-01 15:13:15 (1,58 GB/s) - ‘costruisciearreda-static/costruisciearreda.it/wp-json/oembed/1.0/embed?url=https:%2F%2Fcostruisciearreda.it%2Fservices%2Fsopralluogo-e-rilievo%2F’ salvato [2444]

--2026-09-01 15:13:15--  https://costruisciearreda.it/wp-json/oembed/1.0/embed?url=https%3A%2F%2Fcostruisciearreda.it%2Fservices%2Fsopralluogo-e-rilievo%2F&format=xml
Riutilizzo della connessione esistente a costruisciearreda.it:443.
Richiesta HTTP inviata, in attesa di risposta... 200 OK
Lunghezza: non specificato [text/xml]
Salvataggio in: ‘costruisciearreda-static/costruisciearreda.it/wp-json/oembed/1.0/embed?url=https:%2F%2Fcostruisciearreda.it%2Fservices%2Fsopralluogo-e-rilievo%2F&format=xml’

     0K ..                                                     1,95G=0s

Intestazione Last-modified mancante -- marche temporali disattivate.
2026-09-01 15:13:15 (1,95 GB/s) - ‘costruisciearreda-static/costruisciearreda.it/wp-json/oembed/1.0/embed?url=https:%2F%2Fcostruisciearreda.it%2Fservices%2Fsopralluogo-e-rilievo%2F&format=xml’ salvato [2632]

--2026-09-01 15:13:15--  https://costruisciearreda.it/wp-content/cache/wpo-minify/1788241814/assets/wpo-minify-header-7c99876a.min.css
Riutilizzo della connessione esistente a costruisciearreda.it:443.
Richiesta HTTP inviata, in attesa di risposta... 200 OK
Lunghezza: 682125 (666K) [text/css]
Salvataggio in: ‘costruisciearreda-static/costruisciearreda.it/wp-content/cache/wpo-minify/1788241814/assets/wpo-minify-header-7c99876a.min.css’

     0K .......... .......... .......... .......... ..........  7% 1,07M 1s
    50K .......... .......... .......... .......... .......... 15% 21,9M 0s
   100K .......... .......... .......... .......... .......... 22% 2,63M 0s
   150K .......... .......... .......... .......... .......... 30% 2,83M 0s
   200K .......... .......... .......... .......... .......... 37% 2,36M 0s
   250K .......... .......... .......... .......... .......... 45% 8,01M 0s
   300K .......... .......... .......... .......... .......... 52% 4,04M 0s
   350K .......... .......... .......... .......... .......... 60% 2,67M 0s
   400K .......... .......... .......... .......... .......... 67% 3,65M 0s
   450K .......... .......... .......... .......... .......... 75% 3,26M 0s
   500K .......... .......... .......... .......... .......... 82% 7,39M 0s
   550K .......... .......... .......... .......... .......... 90% 3,58M 0s
   600K .......... .......... .......... .......... .......... 97% 3,16M 0s
   650K .......... ......                                     100% 9,64M=0,2s

2026-09-01 15:13:15 (3,15 MB/s) - ‘costruisciearreda-static/costruisciearreda.it/wp-content/cache/wpo-minify/1788241814/assets/wpo-minify-header-7c99876a.min.css’ salvato [682125/682125]

--2026-09-01 15:13:15--  https://costruisciearreda.it/?p=975
Riutilizzo della connessione esistente a costruisciearreda.it:443.
Richiesta HTTP inviata, in attesa di risposta... 301 Moved Permanently
Posizione: https://costruisciearreda.it/services/sopralluogo-e-rilievo/ [segue]
--2026-09-01 15:13:16--  https://costruisciearreda.it/services/sopralluogo-e-rilievo/
Riutilizzo della connessione esistente a costruisciearreda.it:443.
Richiesta HTTP inviata, in attesa di risposta... 200 OK
Lunghezza: non specificato [text/html]
Salvataggio in: ‘costruisciearreda-static/costruisciearreda.it/index.html?p=975.html’

     0K .......... .......... .......... .......... .......... 2,52M
    50K .......... ..                                           462M=0,02s

2026-09-01 15:13:16 (3,16 MB/s) - ‘costruisciearreda-static/costruisciearreda.it/index.html?p=975.html’ salvato [64363]

--2026-09-01 15:13:16--  https://costruisciearreda.it/wp-content/uploads/2024/06/Raggruppa-1647.jpg
Riutilizzo della connessione esistente a costruisciearreda.it:443.
Richiesta HTTP inviata, in attesa di risposta... 200 OK
Lunghezza: 474209 (463K) [image/jpeg]
Salvataggio in: ‘costruisciearreda-static/costruisciearreda.it/wp-content/uploads/2024/06/Raggruppa-1647.jpg’

     0K .......... .......... .......... .......... .......... 10% 32,5M 0s
    50K .......... .......... .......... .......... .......... 21% 2,40M 0s
   100K .......... .......... .......... .......... .......... 32% 2,60M 0s
   150K .......... .......... .......... .......... .......... 43% 26,7M 0s
   200K .......... .......... .......... .......... .......... 53% 2,94M 0s
   250K .......... .......... .......... .......... .......... 64% 3,95M 0s
   300K .......... .......... .......... .......... .......... 75% 6,43M 0s
   350K .......... .......... .......... .......... .......... 86% 2,60M 0s
   400K .......... .......... .......... .......... .......... 97% 8,87M 0s
   450K .......... ...                                        100%  457M=0,1s

2026-09-01 15:13:16 (4,38 MB/s) - ‘costruisciearreda-static/costruisciearreda.it/wp-content/uploads/2024/06/Raggruppa-1647.jpg’ salvato [474209/474209]

--2026-09-01 15:13:16--  https://costruisciearreda.it/wp-content/uploads/2024/06/Schermata-2024-03-14-alle-17.42.25.jpg
Riutilizzo della connessione esistente a costruisciearreda.it:443.
Richiesta HTTP inviata, in attesa di risposta... 200 OK
Lunghezza: 177145 (173K) [image/jpeg]
Salvataggio in: ‘costruisciearreda-static/costruisciearreda.it/wp-content/uploads/2024/06/Schermata-2024-03-14-alle-17.42.25.jpg’

     0K .......... .......... .......... .......... .......... 28% 47,2M 0s
    50K .......... .......... .......... .......... .......... 57% 2,21M 0s
   100K .......... .......... .......... .......... .......... 86% 2,60M 0s
   150K .......... .......... ..                              100%  245M=0,04s

2026-09-01 15:13:16 (4,02 MB/s) - ‘costruisciearreda-static/costruisciearreda.it/wp-content/uploads/2024/06/Schermata-2024-03-14-alle-17.42.25.jpg’ salvato [177145/177145]

--2026-09-01 15:13:16--  https://costruisciearreda.it/wp-content/uploads/2024/06/LogoServizio.png
Riutilizzo della connessione esistente a costruisciearreda.it:443.
Richiesta HTTP inviata, in attesa di risposta... 200 OK
Lunghezza: 74320 (73K) [image/png]
Salvataggio in: ‘costruisciearreda-static/costruisciearreda.it/wp-content/uploads/2024/06/LogoServizio.png’

     0K .......... .......... .......... .......... .......... 68% 49,4M 0s
    50K .......... .......... ..                              100% 35,6M=0,002s

2026-09-01 15:13:16 (44,1 MB/s) - ‘costruisciearreda-static/costruisciearreda.it/wp-content/uploads/2024/06/LogoServizio.png’ salvato [74320/74320]

--2026-09-01 15:13:16--  https://costruisciearreda.it/wp-json/oembed/1.0/embed?url=https%3A%2F%2Fcostruisciearreda.it%2Fservices%2Fprogetto%2F
Riutilizzo della connessione esistente a costruisciearreda.it:443.
Richiesta HTTP inviata, in attesa di risposta... 200 OK
Lunghezza: non specificato [application/json]
Salvataggio in: ‘costruisciearreda-static/costruisciearreda.it/wp-json/oembed/1.0/embed?url=https:%2F%2Fcostruisciearreda.it%2Fservices%2Fprogetto%2F’

     0K ..                                                     2,08G=0s

Intestazione Last-modified mancante -- marche temporali disattivate.
2026-09-01 15:13:16 (2,08 GB/s) - ‘costruisciearreda-static/costruisciearreda.it/wp-json/oembed/1.0/embed?url=https:%2F%2Fcostruisciearreda.it%2Fservices%2Fprogetto%2F’ salvato [2379]

--2026-09-01 15:13:16--  https://costruisciearreda.it/wp-json/oembed/1.0/embed?url=https%3A%2F%2Fcostruisciearreda.it%2Fservices%2Fprogetto%2F&format=xml
Riutilizzo della connessione esistente a costruisciearreda.it:443.
Richiesta HTTP inviata, in attesa di risposta... 200 OK
Lunghezza: non specificato [text/xml]
Salvataggio in: ‘costruisciearreda-static/costruisciearreda.it/wp-json/oembed/1.0/embed?url=https:%2F%2Fcostruisciearreda.it%2Fservices%2Fprogetto%2F&format=xml’

     0K ..                                                     2,18G=0s

Intestazione Last-modified mancante -- marche temporali disattivate.
2026-09-01 15:13:17 (2,18 GB/s) - ‘costruisciearreda-static/costruisciearreda.it/wp-json/oembed/1.0/embed?url=https:%2F%2Fcostruisciearreda.it%2Fservices%2Fprogetto%2F&format=xml’ salvato [2567]

--2026-09-01 15:13:17--  https://costruisciearreda.it/?p=976
Riutilizzo della connessione esistente a costruisciearreda.it:443.
Richiesta HTTP inviata, in attesa di risposta... 301 Moved Permanently
Posizione: https://costruisciearreda.it/services/progetto/ [segue]
--2026-09-01 15:13:17--  https://costruisciearreda.it/services/progetto/
Riutilizzo della connessione esistente a costruisciearreda.it:443.
Richiesta HTTP inviata, in attesa di risposta... 200 OK
Lunghezza: non specificato [text/html]
Salvataggio in: ‘costruisciearreda-static/costruisciearreda.it/index.html?p=976.html’

     0K .......... .......... .......... .......... .......... 1,20M
    50K .......... ..                                           861M=0,04s

2026-09-01 15:13:17 (1,49 MB/s) - ‘costruisciearreda-static/costruisciearreda.it/index.html?p=976.html’ salvato [63767]

--2026-09-01 15:13:17--  https://costruisciearreda.it/wp-json/oembed/1.0/embed?url=https%3A%2F%2Fcostruisciearreda.it%2Fservices%2Frendering%2F
Riutilizzo della connessione esistente a costruisciearreda.it:443.
Richiesta HTTP inviata, in attesa di risposta... 200 OK
Lunghezza: non specificato [application/json]
Salvataggio in: ‘costruisciearreda-static/costruisciearreda.it/wp-json/oembed/1.0/embed?url=https:%2F%2Fcostruisciearreda.it%2Fservices%2Frendering%2F’

     0K ..                                                     1,78G=0s

Intestazione Last-modified mancante -- marche temporali disattivate.
2026-09-01 15:13:18 (1,78 GB/s) - ‘costruisciearreda-static/costruisciearreda.it/wp-json/oembed/1.0/embed?url=https:%2F%2Fcostruisciearreda.it%2Fservices%2Frendering%2F’ salvato [2384]

--2026-09-01 15:13:18--  https://costruisciearreda.it/wp-json/oembed/1.0/embed?url=https%3A%2F%2Fcostruisciearreda.it%2Fservices%2Frendering%2F&format=xml
Riutilizzo della connessione esistente a costruisciearreda.it:443.
Richiesta HTTP inviata, in attesa di risposta... 200 OK
Lunghezza: non specificato [text/xml]
Salvataggio in: ‘costruisciearreda-static/costruisciearreda.it/wp-json/oembed/1.0/embed?url=https:%2F%2Fcostruisciearreda.it%2Fservices%2Frendering%2F&format=xml’

     0K ..                                                     2,01G=0s

Intestazione Last-modified mancante -- marche temporali disattivate.
2026-09-01 15:13:18 (2,01 GB/s) - ‘costruisciearreda-static/costruisciearreda.it/wp-json/oembed/1.0/embed?url=https:%2F%2Fcostruisciearreda.it%2Fservices%2Frendering%2F&format=xml’ salvato [2572]

--2026-09-01 15:13:18--  https://costruisciearreda.it/?p=977
Riutilizzo della connessione esistente a costruisciearreda.it:443.
Richiesta HTTP inviata, in attesa di risposta... 301 Moved Permanently
Posizione: https://costruisciearreda.it/services/rendering/ [segue]
--2026-09-01 15:13:19--  https://costruisciearreda.it/services/rendering/
Riutilizzo della connessione esistente a costruisciearreda.it:443.
Richiesta HTTP inviata, in attesa di risposta... 200 OK
Lunghezza: non specificato [text/html]
Salvataggio in: ‘costruisciearreda-static/costruisciearreda.it/index.html?p=977.html’

     0K .......... .......... .......... .......... ..........  965K
    50K .......... ....                                         369M=0,05s

2026-09-01 15:13:19 (1,21 MB/s) - ‘costruisciearreda-static/costruisciearreda.it/index.html?p=977.html’ salvato [65860]

--2026-09-01 15:13:19--  https://costruisciearreda.it/wp-json/oembed/1.0/embed?url=https%3A%2F%2Fcostruisciearreda.it%2Fservices%2Fconsulenza-finiture%2F
Riutilizzo della connessione esistente a costruisciearreda.it:443.
Richiesta HTTP inviata, in attesa di risposta... 200 OK
Lunghezza: non specificato [application/json]
Salvataggio in: ‘costruisciearreda-static/costruisciearreda.it/wp-json/oembed/1.0/embed?url=https:%2F%2Fcostruisciearreda.it%2Fservices%2Fconsulenza-finiture%2F’

     0K ..                                                     1,75G=0s

Intestazione Last-modified mancante -- marche temporali disattivate.
2026-09-01 15:13:19 (1,75 GB/s) - ‘costruisciearreda-static/costruisciearreda.it/wp-json/oembed/1.0/embed?url=https:%2F%2Fcostruisciearreda.it%2Fservices%2Fconsulenza-finiture%2F’ salvato [2434]

--2026-09-01 15:13:19--  https://costruisciearreda.it/wp-json/oembed/1.0/embed?url=https%3A%2F%2Fcostruisciearreda.it%2Fservices%2Fconsulenza-finiture%2F&format=xml
Riutilizzo della connessione esistente a costruisciearreda.it:443.
Richiesta HTTP inviata, in attesa di risposta... 200 OK
Lunghezza: non specificato [text/xml]
Salvataggio in: ‘costruisciearreda-static/costruisciearreda.it/wp-json/oembed/1.0/embed?url=https:%2F%2Fcostruisciearreda.it%2Fservices%2Fconsulenza-finiture%2F&format=xml’

     0K ..                                                     2,17G=0s

Intestazione Last-modified mancante -- marche temporali disattivate.
2026-09-01 15:13:19 (2,17 GB/s) - ‘costruisciearreda-static/costruisciearreda.it/wp-json/oembed/1.0/embed?url=https:%2F%2Fcostruisciearreda.it%2Fservices%2Fconsulenza-finiture%2F&format=xml’ salvato [2622]

--2026-09-01 15:13:19--  https://costruisciearreda.it/?p=978
Riutilizzo della connessione esistente a costruisciearreda.it:443.
Richiesta HTTP inviata, in attesa di risposta... 301 Moved Permanently
Posizione: https://costruisciearreda.it/services/consulenza-finiture/ [segue]
--2026-09-01 15:13:20--  https://costruisciearreda.it/services/consulenza-finiture/
Riutilizzo della connessione esistente a costruisciearreda.it:443.
Richiesta HTTP inviata, in attesa di risposta... 200 OK
Lunghezza: non specificato [text/html]
Salvataggio in: ‘costruisciearreda-static/costruisciearreda.it/index.html?p=978.html’

     0K .......... .......... .......... .......... .......... 1,24M
    50K .......... ..                                           861M=0,04s

2026-09-01 15:13:20 (1,55 MB/s) - ‘costruisciearreda-static/costruisciearreda.it/index.html?p=978.html’ salvato [64261]

--2026-09-01 15:13:20--  https://costruisciearreda.it/wp-json/oembed/1.0/embed?url=https%3A%2F%2Fcostruisciearreda.it%2Fservices%2Fdisbrigo-pratiche%2F
Riutilizzo della connessione esistente a costruisciearreda.it:443.
Richiesta HTTP inviata, in attesa di risposta... 200 OK
Lunghezza: non specificato [application/json]
Salvataggio in: ‘costruisciearreda-static/costruisciearreda.it/wp-json/oembed/1.0/embed?url=https:%2F%2Fcostruisciearreda.it%2Fservices%2Fdisbrigo-pratiche%2F’

     0K ..                                                     2,00G=0s

Intestazione Last-modified mancante -- marche temporali disattivate.
2026-09-01 15:13:20 (2,00 GB/s) - ‘costruisciearreda-static/costruisciearreda.it/wp-json/oembed/1.0/embed?url=https:%2F%2Fcostruisciearreda.it%2Fservices%2Fdisbrigo-pratiche%2F’ salvato [2424]

--2026-09-01 15:13:20--  https://costruisciearreda.it/wp-json/oembed/1.0/embed?url=https%3A%2F%2Fcostruisciearreda.it%2Fservices%2Fdisbrigo-pratiche%2F&format=xml
Riutilizzo della connessione esistente a costruisciearreda.it:443.
Richiesta HTTP inviata, in attesa di risposta... 200 OK
Lunghezza: non specificato [text/xml]
Salvataggio in: ‘costruisciearreda-static/costruisciearreda.it/wp-json/oembed/1.0/embed?url=https:%2F%2Fcostruisciearreda.it%2Fservices%2Fdisbrigo-pratiche%2F&format=xml’

     0K ..                                                     1,96G=0s

Intestazione Last-modified mancante -- marche temporali disattivate.
2026-09-01 15:13:21 (1,96 GB/s) - ‘costruisciearreda-static/costruisciearreda.it/wp-json/oembed/1.0/embed?url=https:%2F%2Fcostruisciearreda.it%2Fservices%2Fdisbrigo-pratiche%2F&format=xml’ salvato [2612]

--2026-09-01 15:13:21--  https://costruisciearreda.it/?p=979
Riutilizzo della connessione esistente a costruisciearreda.it:443.
Richiesta HTTP inviata, in attesa di risposta... 301 Moved Permanently
Posizione: https://costruisciearreda.it/services/disbrigo-pratiche/ [segue]
--2026-09-01 15:13:21--  https://costruisciearreda.it/services/disbrigo-pratiche/
Riutilizzo della connessione esistente a costruisciearreda.it:443.
Richiesta HTTP inviata, in attesa di risposta... 200 OK
Lunghezza: non specificato [text/html]
Salvataggio in: ‘costruisciearreda-static/costruisciearreda.it/index.html?p=979.html’

     0K .......... .......... .......... .......... .......... 1,35M
    50K .......... ..                                           853M=0,04s

2026-09-01 15:13:21 (1,68 MB/s) - ‘costruisciearreda-static/costruisciearreda.it/index.html?p=979.html’ salvato [64070]

--2026-09-01 15:13:21--  https://costruisciearreda.it/wp-json/oembed/1.0/embed?url=https%3A%2F%2Fcostruisciearreda.it%2Fservices%2Fdirezione-lavori%2F
Riutilizzo della connessione esistente a costruisciearreda.it:443.
Richiesta HTTP inviata, in attesa di risposta... 200 OK
Lunghezza: non specificato [application/json]
Salvataggio in: ‘costruisciearreda-static/costruisciearreda.it/wp-json/oembed/1.0/embed?url=https:%2F%2Fcostruisciearreda.it%2Fservices%2Fdirezione-lavori%2F’

     0K ..                                                     1,06G=0s

Intestazione Last-modified mancante -- marche temporali disattivate.
2026-09-01 15:13:21 (1,06 GB/s) - ‘costruisciearreda-static/costruisciearreda.it/wp-json/oembed/1.0/embed?url=https:%2F%2Fcostruisciearreda.it%2Fservices%2Fdirezione-lavori%2F’ salvato [2419]

--2026-09-01 15:13:21--  https://costruisciearreda.it/wp-json/oembed/1.0/embed?url=https%3A%2F%2Fcostruisciearreda.it%2Fservices%2Fdirezione-lavori%2F&format=xml
Riutilizzo della connessione esistente a costruisciearreda.it:443.
Richiesta HTTP inviata, in attesa di risposta... 200 OK
Lunghezza: non specificato [text/xml]
Salvataggio in: ‘costruisciearreda-static/costruisciearreda.it/wp-json/oembed/1.0/embed?url=https:%2F%2Fcostruisciearreda.it%2Fservices%2Fdirezione-lavori%2F&format=xml’

     0K ..                                                     1,93G=0s

Intestazione Last-modified mancante -- marche temporali disattivate.
2026-09-01 15:13:22 (1,93 GB/s) - ‘costruisciearreda-static/costruisciearreda.it/wp-json/oembed/1.0/embed?url=https:%2F%2Fcostruisciearreda.it%2Fservices%2Fdirezione-lavori%2F&format=xml’ salvato [2607]

--2026-09-01 15:13:22--  https://costruisciearreda.it/?p=980
Riutilizzo della connessione esistente a costruisciearreda.it:443.
Richiesta HTTP inviata, in attesa di risposta... 301 Moved Permanently
Posizione: https://costruisciearreda.it/services/direzione-lavori/ [segue]
--2026-09-01 15:13:22--  https://costruisciearreda.it/services/direzione-lavori/
Riutilizzo della connessione esistente a costruisciearreda.it:443.
Richiesta HTTP inviata, in attesa di risposta... 200 OK
Lunghezza: non specificato [text/html]
Salvataggio in: ‘costruisciearreda-static/costruisciearreda.it/index.html?p=980.html’

     0K .......... .......... .......... .......... .......... 1,44M
    50K .......... ..                                          6,48M=0,04s

2026-09-01 15:13:22 (1,71 MB/s) - ‘costruisciearreda-static/costruisciearreda.it/index.html?p=980.html’ salvato [64055]

--2026-09-01 15:13:22--  https://costruisciearreda.it/wp-json/oembed/1.0/embed?url=https%3A%2F%2Fcostruisciearreda.it%2Fservices%2Fimpianti%2F
Riutilizzo della connessione esistente a costruisciearreda.it:443.
Richiesta HTTP inviata, in attesa di risposta... 200 OK
Lunghezza: non specificato [application/json]
Salvataggio in: ‘costruisciearreda-static/costruisciearreda.it/wp-json/oembed/1.0/embed?url=https:%2F%2Fcostruisciearreda.it%2Fservices%2Fimpianti%2F’

     0K ..                                                     1,21G=0s

Intestazione Last-modified mancante -- marche temporali disattivate.
2026-09-01 15:13:22 (1,21 GB/s) - ‘costruisciearreda-static/costruisciearreda.it/wp-json/oembed/1.0/embed?url=https:%2F%2Fcostruisciearreda.it%2Fservices%2Fimpianti%2F’ salvato [2379]

--2026-09-01 15:13:22--  https://costruisciearreda.it/wp-json/oembed/1.0/embed?url=https%3A%2F%2Fcostruisciearreda.it%2Fservices%2Fimpianti%2F&format=xml
Riutilizzo della connessione esistente a costruisciearreda.it:443.
Richiesta HTTP inviata, in attesa di risposta... 200 OK
Lunghezza: non specificato [text/xml]
Salvataggio in: ‘costruisciearreda-static/costruisciearreda.it/wp-json/oembed/1.0/embed?url=https:%2F%2Fcostruisciearreda.it%2Fservices%2Fimpianti%2F&format=xml’

     0K ..                                                     1,63G=0s

Intestazione Last-modified mancante -- marche temporali disattivate.
2026-09-01 15:13:23 (1,63 GB/s) - ‘costruisciearreda-static/costruisciearreda.it/wp-json/oembed/1.0/embed?url=https:%2F%2Fcostruisciearreda.it%2Fservices%2Fimpianti%2F&format=xml’ salvato [2567]

--2026-09-01 15:13:23--  https://costruisciearreda.it/?p=981
Riutilizzo della connessione esistente a costruisciearreda.it:443.
Richiesta HTTP inviata, in attesa di risposta... 301 Moved Permanently
Posizione: https://costruisciearreda.it/services/impianti/ [segue]
--2026-09-01 15:13:23--  https://costruisciearreda.it/services/impianti/
Riutilizzo della connessione esistente a costruisciearreda.it:443.
Richiesta HTTP inviata, in attesa di risposta... 200 OK
Lunghezza: non specificato [text/html]
Salvataggio in: ‘costruisciearreda-static/costruisciearreda.it/index.html?p=981.html’

     0K .......... .......... .......... .......... ..........  852K
    50K .......... ..                                           804M=0,06s

2026-09-01 15:13:23 (1,04 MB/s) - ‘costruisciearreda-static/costruisciearreda.it/index.html?p=981.html’ salvato [63840]

--2026-09-01 15:13:23--  https://costruisciearreda.it/wp-json/oembed/1.0/embed?url=https%3A%2F%2Fcostruisciearreda.it%2Fservices%2Fcertificazioni%2F
Riutilizzo della connessione esistente a costruisciearreda.it:443.
Richiesta HTTP inviata, in attesa di risposta... 200 OK
Lunghezza: non specificato [application/json]
Salvataggio in: ‘costruisciearreda-static/costruisciearreda.it/wp-json/oembed/1.0/embed?url=https:%2F%2Fcostruisciearreda.it%2Fservices%2Fcertificazioni%2F’

     0K ..                                                     1,54G=0s

Intestazione Last-modified mancante -- marche temporali disattivate.
2026-09-01 15:13:24 (1,54 GB/s) - ‘costruisciearreda-static/costruisciearreda.it/wp-json/oembed/1.0/embed?url=https:%2F%2Fcostruisciearreda.it%2Fservices%2Fcertificazioni%2F’ salvato [2409]

--2026-09-01 15:13:24--  https://costruisciearreda.it/wp-json/oembed/1.0/embed?url=https%3A%2F%2Fcostruisciearreda.it%2Fservices%2Fcertificazioni%2F&format=xml
Riutilizzo della connessione esistente a costruisciearreda.it:443.
Richiesta HTTP inviata, in attesa di risposta... 200 OK
Lunghezza: non specificato [text/xml]
Salvataggio in: ‘costruisciearreda-static/costruisciearreda.it/wp-json/oembed/1.0/embed?url=https:%2F%2Fcostruisciearreda.it%2Fservices%2Fcertificazioni%2F&format=xml’

     0K ..                                                     1,89G=0s

Intestazione Last-modified mancante -- marche temporali disattivate.
2026-09-01 15:13:24 (1,89 GB/s) - ‘costruisciearreda-static/costruisciearreda.it/wp-json/oembed/1.0/embed?url=https:%2F%2Fcostruisciearreda.it%2Fservices%2Fcertificazioni%2F&format=xml’ salvato [2597]

--2026-09-01 15:13:24--  https://costruisciearreda.it/?p=982
Riutilizzo della connessione esistente a costruisciearreda.it:443.
Richiesta HTTP inviata, in attesa di risposta... 301 Moved Permanently
Posizione: https://costruisciearreda.it/services/certificazioni/ [segue]
--2026-09-01 15:13:24--  https://costruisciearreda.it/services/certificazioni/
Riutilizzo della connessione esistente a costruisciearreda.it:443.
Richiesta HTTP inviata, in attesa di risposta... 200 OK
Lunghezza: non specificato [text/html]
Salvataggio in: ‘costruisciearreda-static/costruisciearreda.it/index.html?p=982.html’

     0K .......... .......... .......... .......... .......... 1,09M
    50K .......... ..                                           328M=0,04s

2026-09-01 15:13:25 (1,37 MB/s) - ‘costruisciearreda-static/costruisciearreda.it/index.html?p=982.html’ salvato [64297]

--2026-09-01 15:13:25--  https://costruisciearreda.it/type_stores/showroom-cat/feed/
Riutilizzo della connessione esistente a costruisciearreda.it:443.
Richiesta HTTP inviata, in attesa di risposta... 200 OK
Lunghezza: non specificato [application/rss+xml]
Salvataggio in: ‘costruisciearreda-static/costruisciearreda.it/type_stores/showroom-cat/feed/index.html’

     0K .....                                                  2,25G=0s

2026-09-01 15:13:25 (2,25 GB/s) - ‘costruisciearreda-static/costruisciearreda.it/type_stores/showroom-cat/feed/index.html’ salvato [5408]

--2026-09-01 15:13:25--  https://costruisciearreda.it/wp-content/cache/wpo-minify/1788241814/assets/wpo-minify-header-78db8761.min.css
Riutilizzo della connessione esistente a costruisciearreda.it:443.
Richiesta HTTP inviata, in attesa di risposta... 200 OK
Lunghezza: 686804 (671K) [text/css]
Salvataggio in: ‘costruisciearreda-static/costruisciearreda.it/wp-content/cache/wpo-minify/1788241814/assets/wpo-minify-header-78db8761.min.css’

     0K .......... .......... .......... .......... ..........  7% 2,55M 0s
    50K .......... .......... .......... .......... .......... 14% 2,24M 0s
   100K .......... .......... .......... .......... .......... 22% 25,3M 0s
   150K .......... .......... .......... .......... .......... 29% 2,65M 0s
   200K .......... .......... .......... .......... .......... 37% 29,3M 0s
   250K .......... .......... .......... .......... .......... 44% 2,38M 0s
   300K .......... .......... .......... .......... .......... 52%  490M 0s
   350K .......... .......... .......... .......... .......... 59% 2,46M 0s
   400K .......... .......... .......... .......... .......... 67% 2,42M 0s
   450K .......... .......... .......... .......... .......... 74% 95,7M 0s
   500K .......... .......... .......... .......... .......... 82% 2,35M 0s
   550K .......... .......... .......... .......... .......... 89%  704M 0s
   600K .......... .......... .......... .......... .......... 96% 2,32M 0s
   650K .......... ..........                                 100%  568M=0,2s

2026-09-01 15:13:25 (3,94 MB/s) - ‘costruisciearreda-static/costruisciearreda.it/wp-content/cache/wpo-minify/1788241814/assets/wpo-minify-header-78db8761.min.css’ salvato [686804/686804]

--2026-09-01 15:13:25--  https://costruisciearreda.it/wp-content/uploads/2024/06/Raggruppa-1648-1.jpg
Riutilizzo della connessione esistente a costruisciearreda.it:443.
Richiesta HTTP inviata, in attesa di risposta... 200 OK
Lunghezza: 568561 (555K) [image/jpeg]
Salvataggio in: ‘costruisciearreda-static/costruisciearreda.it/wp-content/uploads/2024/06/Raggruppa-1648-1.jpg’

     0K .......... .......... .......... .......... ..........  9% 28,1M 0s
    50K .......... .......... .......... .......... .......... 18% 2,95M 0s
   100K .......... .......... .......... .......... .......... 27% 15,0M 0s
   150K .......... .......... .......... .......... .......... 36% 2,81M 0s
   200K .......... .......... .......... .......... .......... 45% 30,3M 0s
   250K .......... .......... .......... .......... .......... 54% 2,76M 0s
   300K .......... .......... .......... .......... .......... 63% 20,7M 0s
   350K .......... .......... .......... .......... .......... 72% 2,60M 0s
   400K .......... .......... .......... .......... .......... 81% 3,19M 0s
   450K .......... .......... .......... .......... .......... 90% 6,49M 0s
   500K .......... .......... .......... .......... .......... 99% 4,93M 0s
   550K .....                                                 100%  224M=0,1s

2026-09-01 15:13:25 (4,84 MB/s) - ‘costruisciearreda-static/costruisciearreda.it/wp-content/uploads/2024/06/Raggruppa-1648-1.jpg’ salvato [568561/568561]

--2026-09-01 15:13:25--  https://costruisciearreda.it/wp-content/uploads/2024/06/Raggruppa-1703.png
Riutilizzo della connessione esistente a costruisciearreda.it:443.
Richiesta HTTP inviata, in attesa di risposta... 200 OK
Lunghezza: 10547 (10K) [image/png]
Salvataggio in: ‘costruisciearreda-static/costruisciearreda.it/wp-content/uploads/2024/06/Raggruppa-1703.png’

     0K ..........                                            100%  313M=0s

2026-09-01 15:13:25 (313 MB/s) - ‘costruisciearreda-static/costruisciearreda.it/wp-content/uploads/2024/06/Raggruppa-1703.png’ salvato [10547/10547]

--2026-09-01 15:13:25--  https://costruisciearreda.it/wp-content/uploads/2024/06/Raggruppa-1703-300x266.png
Riutilizzo della connessione esistente a costruisciearreda.it:443.
Richiesta HTTP inviata, in attesa di risposta... 200 OK
Lunghezza: 4404 (4,3K) [image/png]
Salvataggio in: ‘costruisciearreda-static/costruisciearreda.it/wp-content/uploads/2024/06/Raggruppa-1703-300x266.png’

     0K ....                                                  100% 8,24G=0s

2026-09-01 15:13:25 (8,24 GB/s) - ‘costruisciearreda-static/costruisciearreda.it/wp-content/uploads/2024/06/Raggruppa-1703-300x266.png’ salvato [4404/4404]

--2026-09-01 15:13:25--  https://costruisciearreda.it/wp-content/uploads/2024/06/Raggruppa-1661.svg
Riutilizzo della connessione esistente a costruisciearreda.it:443.
Richiesta HTTP inviata, in attesa di risposta... 200 OK
Lunghezza: 1794 (1,8K) [image/svg+xml]
Salvataggio in: ‘costruisciearreda-static/costruisciearreda.it/wp-content/uploads/2024/06/Raggruppa-1661.svg’

     0K .                                                     100% 3,28G=0s

2026-09-01 15:13:25 (3,28 GB/s) - ‘costruisciearreda-static/costruisciearreda.it/wp-content/uploads/2024/06/Raggruppa-1661.svg’ salvato [1794/1794]

--2026-09-01 15:13:25--  https://costruisciearreda.it/wp-content/uploads/2024/06/Raggruppa-1662.svg
Riutilizzo della connessione esistente a costruisciearreda.it:443.
Richiesta HTTP inviata, in attesa di risposta... 200 OK
Lunghezza: 1009 [image/svg+xml]
Salvataggio in: ‘costruisciearreda-static/costruisciearreda.it/wp-content/uploads/2024/06/Raggruppa-1662.svg’

     0K                                                       100%  967M=0s

2026-09-01 15:13:25 (967 MB/s) - ‘costruisciearreda-static/costruisciearreda.it/wp-content/uploads/2024/06/Raggruppa-1662.svg’ salvato [1009/1009]

--2026-09-01 15:13:25--  https://costruisciearreda.it/wp-content/uploads/2024/08/Orologio.svg
Riutilizzo della connessione esistente a costruisciearreda.it:443.
Richiesta HTTP inviata, in attesa di risposta... 200 OK
Lunghezza: 1842 (1,8K) [image/svg+xml]
Salvataggio in: ‘costruisciearreda-static/costruisciearreda.it/wp-content/uploads/2024/08/Orologio.svg’

     0K .                                                     100% 3,80G=0s

2026-09-01 15:13:25 (3,80 GB/s) - ‘costruisciearreda-static/costruisciearreda.it/wp-content/uploads/2024/08/Orologio.svg’ salvato [1842/1842]

--2026-09-01 15:13:25--  https://costruisciearreda.it/wp-content/uploads/2024/08/Table.svg
Riutilizzo della connessione esistente a costruisciearreda.it:443.
Richiesta HTTP inviata, in attesa di risposta... 200 OK
Lunghezza: 1238 (1,2K) [image/svg+xml]
Salvataggio in: ‘costruisciearreda-static/costruisciearreda.it/wp-content/uploads/2024/08/Table.svg’

     0K .                                                     100% 2,25G=0s

2026-09-01 15:13:25 (2,25 GB/s) - ‘costruisciearreda-static/costruisciearreda.it/wp-content/uploads/2024/08/Table.svg’ salvato [1238/1238]

--2026-09-01 15:13:25--  https://costruisciearreda.it/wp-content/uploads/2024/08/Quadro.svg
Riutilizzo della connessione esistente a costruisciearreda.it:443.
Richiesta HTTP inviata, in attesa di risposta... 200 OK
Lunghezza: 1016 [image/svg+xml]
Salvataggio in: ‘costruisciearreda-static/costruisciearreda.it/wp-content/uploads/2024/08/Quadro.svg’

     0K                                                       100% 2,81G=0s

2026-09-01 15:13:25 (2,81 GB/s) - ‘costruisciearreda-static/costruisciearreda.it/wp-content/uploads/2024/08/Quadro.svg’ salvato [1016/1016]

--2026-09-01 15:13:25--  https://costruisciearreda.it/wp-content/uploads/2024/08/chair.svg
Riutilizzo della connessione esistente a costruisciearreda.it:443.
Richiesta HTTP inviata, in attesa di risposta... 200 OK
Lunghezza: 1618 (1,6K) [image/svg+xml]
Salvataggio in: ‘costruisciearreda-static/costruisciearreda.it/wp-content/uploads/2024/08/chair.svg’

     0K .                                                     100% 2,55G=0s

2026-09-01 15:13:25 (2,55 GB/s) - ‘costruisciearreda-static/costruisciearreda.it/wp-content/uploads/2024/08/chair.svg’ salvato [1618/1618]

--2026-09-01 15:13:25--  https://costruisciearreda.it/store/via-martiri-della-liberta-nola-na/
Riutilizzo della connessione esistente a costruisciearreda.it:443.
Richiesta HTTP inviata, in attesa di risposta... 200 OK
Lunghezza: non specificato [text/html]
Salvataggio in: ‘costruisciearreda-static/costruisciearreda.it/store/via-martiri-della-liberta-nola-na/index.html’

     0K .......... .......... .......... .......... .......... 19,7M
    50K .......... .......... .......... .......... .......... 2,79M
   100K .......... .......... .........                        9,73M=0,02s

2026-09-01 15:13:26 (5,51 MB/s) - ‘costruisciearreda-static/costruisciearreda.it/store/via-martiri-della-liberta-nola-na/index.html’ salvato [132783]

--2026-09-01 15:13:26--  https://costruisciearreda.it/wp-content/uploads/2024/08/DSC09738-scaled.jpg
Riutilizzo della connessione esistente a costruisciearreda.it:443.
Richiesta HTTP inviata, in attesa di risposta... 200 OK
Lunghezza: 517068 (505K) [image/jpeg]
Salvataggio in: ‘costruisciearreda-static/costruisciearreda.it/wp-content/uploads/2024/08/DSC09738-scaled.jpg’

     0K .......... .......... .......... .......... ..........  9% 34,3M 0s
    50K .......... .......... .......... .......... .......... 19% 2,70M 0s
   100K .......... .......... .......... .......... .......... 29% 16,7M 0s
   150K .......... .......... .......... .......... .......... 39% 3,05M 0s
   200K .......... .......... .......... .......... .......... 49% 11,7M 0s
   250K .......... .......... .......... .......... .......... 59% 3,50M 0s
   300K .......... .......... .......... .......... .......... 69% 11,9M 0s
   350K .......... .......... .......... .......... .......... 79% 3,46M 0s
   400K .......... .......... .......... .......... .......... 89% 7,78M 0s
   450K .......... .......... .......... .......... .......... 99% 3,26M 0s
   500K ....                                                  100% 9,22T=0,1s

2026-09-01 15:13:26 (5,14 MB/s) - ‘costruisciearreda-static/costruisciearreda.it/wp-content/uploads/2024/08/DSC09738-scaled.jpg’ salvato [517068/517068]

--2026-09-01 15:13:26--  https://costruisciearreda.it/wp-content/uploads/2024/08/DSC09745-scaled.jpg
Riutilizzo della connessione esistente a costruisciearreda.it:443.
Richiesta HTTP inviata, in attesa di risposta... 200 OK
Lunghezza: 662423 (647K) [image/jpeg]
Salvataggio in: ‘costruisciearreda-static/costruisciearreda.it/wp-content/uploads/2024/08/DSC09745-scaled.jpg’

     0K .......... .......... .......... .......... ..........  7%  140M 0s
    50K .......... .......... .......... .......... .......... 15% 2,39M 0s
   100K .......... .......... .......... .......... .......... 23% 24,6M 0s
   150K .......... .......... .......... .......... .......... 30% 2,77M 0s
   200K .......... .......... .......... .......... .......... 38% 17,6M 0s
   250K .......... .......... .......... .......... .......... 46% 3,27M 0s
   300K .......... .......... .......... .......... .......... 54% 11,9M 0s
   350K .......... .......... .......... .......... .......... 61% 3,56M 0s
   400K .......... .......... .......... .......... .......... 69% 8,49M 0s
   450K .......... .......... .......... .......... .......... 77% 4,05M 0s
   500K .......... .......... .......... .......... .......... 85% 7,00M 0s
   550K .......... .......... .......... .......... .......... 92% 4,65M 0s
   600K .......... .......... .......... .......... ......    100% 9,74M=0,1s

2026-09-01 15:13:26 (5,45 MB/s) - ‘costruisciearreda-static/costruisciearreda.it/wp-content/uploads/2024/08/DSC09745-scaled.jpg’ salvato [662423/662423]

--2026-09-01 15:13:26--  https://costruisciearreda.it/wp-content/uploads/2024/08/DSC09736-scaled.jpg
Riutilizzo della connessione esistente a costruisciearreda.it:443.
Richiesta HTTP inviata, in attesa di risposta... 200 OK
Lunghezza: 502656 (491K) [image/jpeg]
Salvataggio in: ‘costruisciearreda-static/costruisciearreda.it/wp-content/uploads/2024/08/DSC09736-scaled.jpg’

     0K .......... .......... .......... .......... .......... 10% 32,0M 0s
    50K .......... .......... .......... .......... .......... 20% 2,29M 0s
   100K .......... .......... .......... .......... .......... 30% 19,9M 0s
   150K .......... .......... .......... .......... .......... 40% 3,22M 0s
   200K .......... .......... .......... .......... .......... 50% 11,5M 0s
   250K .......... .......... .......... .......... .......... 61% 13,5M 0s
   300K .......... .......... .......... .......... .......... 71% 2,88M 0s
   350K .......... .......... .......... .......... .......... 81% 31,2M 0s
   400K .......... .......... .......... .......... .......... 91% 2,57M 0s
   450K .......... .......... .......... ..........           100% 23,7M=0,09s

2026-09-01 15:13:26 (5,48 MB/s) - ‘costruisciearreda-static/costruisciearreda.it/wp-content/uploads/2024/08/DSC09736-scaled.jpg’ salvato [502656/502656]

--2026-09-01 15:13:26--  https://costruisciearreda.it/wp-content/uploads/2024/08/DSC09737-scaled.jpg
Riutilizzo della connessione esistente a costruisciearreda.it:443.
Richiesta HTTP inviata, in attesa di risposta... 200 OK
Lunghezza: 238704 (233K) [image/jpeg]
Salvataggio in: ‘costruisciearreda-static/costruisciearreda.it/wp-content/uploads/2024/08/DSC09737-scaled.jpg’

     0K .......... .......... .......... .......... .......... 21% 28,0M 0s
    50K .......... .......... .......... .......... .......... 42% 2,57M 0s
   100K .......... .......... .......... .......... .......... 64% 75,9M 0s
   150K .......... .......... .......... .......... .......... 85% 22,9M 0s
   200K .......... .......... .......... ...                  100% 1,99M=0,04s

2026-09-01 15:13:26 (5,72 MB/s) - ‘costruisciearreda-static/costruisciearreda.it/wp-content/uploads/2024/08/DSC09737-scaled.jpg’ salvato [238704/238704]

--2026-09-01 15:13:26--  https://costruisciearreda.it/wp-content/uploads/2024/08/DSC09741-scaled.jpg
Riutilizzo della connessione esistente a costruisciearreda.it:443.
Richiesta HTTP inviata, in attesa di risposta... 200 OK
Lunghezza: 195617 (191K) [image/jpeg]
Salvataggio in: ‘costruisciearreda-static/costruisciearreda.it/wp-content/uploads/2024/08/DSC09741-scaled.jpg’

     0K .......... .......... .......... .......... .......... 26%  638M 0s
    50K .......... .......... .......... .......... .......... 52%  868M 0s
   100K .......... .......... .......... .......... .......... 78% 1,74M 0s
   150K .......... .......... .......... .......... .         100%  661M=0,03s

2026-09-01 15:13:26 (6,62 MB/s) - ‘costruisciearreda-static/costruisciearreda.it/wp-content/uploads/2024/08/DSC09741-scaled.jpg’ salvato [195617/195617]

--2026-09-01 15:13:26--  https://costruisciearreda.it/wp-content/uploads/2024/08/DSC09749-scaled.jpg
Riutilizzo della connessione esistente a costruisciearreda.it:443.
Richiesta HTTP inviata, in attesa di risposta... 200 OK
Lunghezza: 571018 (558K) [image/jpeg]
Salvataggio in: ‘costruisciearreda-static/costruisciearreda.it/wp-content/uploads/2024/08/DSC09749-scaled.jpg’

     0K .......... .......... .......... .......... ..........  8%  598M 0s
    50K .......... .......... .......... .......... .......... 17% 94,2M 0s
   100K .......... .......... .......... .......... .......... 26% 2,30M 0s
   150K .......... .......... .......... .......... .......... 35%  100M 0s
   200K .......... .......... .......... .......... .......... 44% 2,58M 0s
   250K .......... .......... .......... .......... .......... 53% 26,0M 0s
   300K .......... .......... .......... .......... .......... 62% 2,33M 0s
   350K .......... .......... .......... .......... .......... 71%  543M 0s
   400K .......... .......... .......... .......... .......... 80% 2,51M 0s
   450K .......... .......... .......... .......... .......... 89% 14,5M 0s
   500K .......... .......... .......... .......... .......... 98% 3,26M 0s
   550K .......                                               100%  158M=0,1s

2026-09-01 15:13:26 (5,34 MB/s) - ‘costruisciearreda-static/costruisciearreda.it/wp-content/uploads/2024/08/DSC09749-scaled.jpg’ salvato [571018/571018]

--2026-09-01 15:13:26--  https://costruisciearreda.it/wp-content/uploads/2024/08/DSC09760-scaled.jpg
Riutilizzo della connessione esistente a costruisciearreda.it:443.
Richiesta HTTP inviata, in attesa di risposta... 200 OK
Lunghezza: 515020 (503K) [image/jpeg]
Salvataggio in: ‘costruisciearreda-static/costruisciearreda.it/wp-content/uploads/2024/08/DSC09760-scaled.jpg’

     0K .......... .......... .......... .......... ..........  9%  459M 0s
    50K .......... .......... .......... .......... .......... 19%  113M 0s
   100K .......... .......... .......... .......... .......... 29% 2,63M 0s
   150K .......... .......... .......... .......... .......... 39% 18,9M 0s
   200K .......... .......... .......... .......... .......... 49% 2,77M 0s
   250K .......... .......... .......... .......... .......... 59% 11,9M 0s
   300K .......... .......... .......... .......... .......... 69% 2,96M 0s
   350K .......... .......... .......... .......... .......... 79% 18,4M 0s
   400K .......... .......... .......... .......... .......... 89% 61,9M 0s
   450K .......... .......... .......... .......... .......... 99% 3,33M 0s
   500K ..                                                    100% 5,49T=0,08s

2026-09-01 15:13:26 (6,29 MB/s) - ‘costruisciearreda-static/costruisciearreda.it/wp-content/uploads/2024/08/DSC09760-scaled.jpg’ salvato [515020/515020]

--2026-09-01 15:13:26--  https://costruisciearreda.it/wp-content/uploads/2024/08/DSC09774-scaled.jpg
Riutilizzo della connessione esistente a costruisciearreda.it:443.
Richiesta HTTP inviata, in attesa di risposta... 200 OK
Lunghezza: 539467 (527K) [image/jpeg]
Salvataggio in: ‘costruisciearreda-static/costruisciearreda.it/wp-content/uploads/2024/08/DSC09774-scaled.jpg’

     0K .......... .......... .......... .......... ..........  9% 19,3M 0s
    50K .......... .......... .......... .......... .......... 18%  744M 0s
   100K .......... .......... .......... .......... .......... 28% 2,09M 0s
   150K .......... .......... .......... .......... .......... 37%  623M 0s
   200K .......... .......... .......... .......... .......... 47% 2,68M 0s
   250K .......... .......... .......... .......... .......... 56% 18,0M 0s
   300K .......... .......... .......... .......... .......... 66% 3,07M 0s
   350K .......... .......... .......... .......... .......... 75% 9,79M 0s
   400K .......... .......... .......... .......... .......... 85%  415M 0s
   450K .......... .......... .......... .......... .......... 94% 2,92M 0s
   500K .......... .......... ......                          100% 12,5M=0,09s

2026-09-01 15:13:26 (5,93 MB/s) - ‘costruisciearreda-static/costruisciearreda.it/wp-content/uploads/2024/08/DSC09774-scaled.jpg’ salvato [539467/539467]

--2026-09-01 15:13:26--  https://costruisciearreda.it/wp-content/uploads/2024/08/DSC09776-scaled.jpg
Riutilizzo della connessione esistente a costruisciearreda.it:443.
Richiesta HTTP inviata, in attesa di risposta... 200 OK
Lunghezza: 483849 (473K) [image/jpeg]
Salvataggio in: ‘costruisciearreda-static/costruisciearreda.it/wp-content/uploads/2024/08/DSC09776-scaled.jpg’

     0K .......... .......... .......... .......... .......... 10% 20,2M 0s
    50K .......... .......... .......... .......... .......... 21% 78,4M 0s
   100K .......... .......... .......... .......... .......... 31% 2,19M 0s
   150K .......... .......... .......... .......... .......... 42%  517M 0s
   200K .......... .......... .......... .......... .......... 52% 3,40M 0s
   250K .......... .......... .......... .......... .......... 63% 8,31M 0s
   300K .......... .......... .......... .......... .......... 74%  576M 0s
   350K .......... .......... .......... .......... .......... 84% 2,51M 0s
   400K .......... .......... .......... .......... .......... 95%  527M 0s
   450K .......... .......... ..                              100%  410M=0,07s

2026-09-01 15:13:27 (7,06 MB/s) - ‘costruisciearreda-static/costruisciearreda.it/wp-content/uploads/2024/08/DSC09776-scaled.jpg’ salvato [483849/483849]

--2026-09-01 15:13:27--  https://costruisciearreda.it/wp-content/uploads/2024/08/DSC09782-scaled.jpg
Riutilizzo della connessione esistente a costruisciearreda.it:443.
Richiesta HTTP inviata, in attesa di risposta... 200 OK
Lunghezza: 433650 (423K) [image/jpeg]
Salvataggio in: ‘costruisciearreda-static/costruisciearreda.it/wp-content/uploads/2024/08/DSC09782-scaled.jpg’

     0K .......... .......... .......... .......... .......... 11% 22,5M 0s
    50K .......... .......... .......... .......... .......... 23%  323M 0s
   100K .......... .......... .......... .......... .......... 35% 2,70M 0s
   150K .......... .......... .......... .......... .......... 47% 15,8M 0s
   200K .......... .......... .......... .......... .......... 59% 3,23M 0s
   250K .......... .......... .......... .......... .......... 70% 14,3M 0s
   300K .......... .......... .......... .......... .......... 82% 39,4M 0s
   350K .......... .......... .......... .......... .......... 94% 2,82M 0s
   400K .......... .......... ...                             100%  510M=0,06s

2026-09-01 15:13:27 (6,82 MB/s) - ‘costruisciearreda-static/costruisciearreda.it/wp-content/uploads/2024/08/DSC09782-scaled.jpg’ salvato [433650/433650]

--2026-09-01 15:13:27--  https://costruisciearreda.it/wp-content/uploads/2024/08/DSC09795-scaled.jpg
Riutilizzo della connessione esistente a costruisciearreda.it:443.
Richiesta HTTP inviata, in attesa di risposta... 200 OK
Lunghezza: 681927 (666K) [image/jpeg]
Salvataggio in: ‘costruisciearreda-static/costruisciearreda.it/wp-content/uploads/2024/08/DSC09795-scaled.jpg’

     0K .......... .......... .......... .......... ..........  7% 22,1M 0s
    50K .......... .......... .......... .......... .......... 15%  435M 0s
   100K .......... .......... .......... .......... .......... 22% 2,33M 0s
   150K .......... .......... .......... .......... .......... 30%  676M 0s
   200K .......... .......... .......... .......... .......... 37% 2,36M 0s
   250K .......... .......... .......... .......... .......... 45%  498M 0s
   300K .......... .......... .......... .......... .......... 52% 41,2M 0s
   350K .......... .......... .......... .......... .......... 60% 2,72M 0s
   400K .......... .......... .......... .......... .......... 67% 15,5M 0s
   450K .......... .......... .......... .......... .......... 75% 3,31M 0s
   500K .......... .......... .......... .......... .......... 82% 11,9M 0s
   550K .......... .......... .......... .......... .......... 90%  626M 0s
   600K .......... .......... .......... .......... .......... 97% 3,21M 0s
   650K .......... .....                                      100%  405M=0,1s

2026-09-01 15:13:27 (6,46 MB/s) - ‘costruisciearreda-static/costruisciearreda.it/wp-content/uploads/2024/08/DSC09795-scaled.jpg’ salvato [681927/681927]

--2026-09-01 15:13:27--  https://costruisciearreda.it/wp-content/uploads/2024/08/DSC09798-scaled.jpg
Riutilizzo della connessione esistente a costruisciearreda.it:443.
Richiesta HTTP inviata, in attesa di risposta... 200 OK
Lunghezza: 318349 (311K) [image/jpeg]
Salvataggio in: ‘costruisciearreda-static/costruisciearreda.it/wp-content/uploads/2024/08/DSC09798-scaled.jpg’

     0K .......... .......... .......... .......... .......... 16% 7,46M 0s
    50K .......... .......... .......... .......... .......... 32% 12,3M 0s
   100K .......... .......... .......... .......... .......... 48% 2,59M 0s
   150K .......... .......... .......... .......... .......... 64% 4,94M 0s
   200K .......... .......... .......... .......... .......... 80% 38,4M 0s
   250K .......... .......... .......... .......... .......... 96% 3,06M 0s
   300K ..........                                            100%  230M=0,06s

2026-09-01 15:13:27 (5,37 MB/s) - ‘costruisciearreda-static/costruisciearreda.it/wp-content/uploads/2024/08/DSC09798-scaled.jpg’ salvato [318349/318349]

--2026-09-01 15:13:27--  https://costruisciearreda.it/wp-content/uploads/2024/08/DSC09802-scaled.jpg
Riutilizzo della connessione esistente a costruisciearreda.it:443.
Richiesta HTTP inviata, in attesa di risposta... 200 OK
Lunghezza: 566066 (553K) [image/jpeg]
Salvataggio in: ‘costruisciearreda-static/costruisciearreda.it/wp-content/uploads/2024/08/DSC09802-scaled.jpg’

     0K .......... .......... .......... .......... ..........  9%  470M 0s
    50K .......... .......... .......... .......... .......... 18%  635M 0s
   100K .......... .......... .......... .......... .......... 27% 2,36M 0s
   150K .......... .......... .......... .......... .......... 36% 18,1M 0s
   200K .......... .......... .......... .......... .......... 45% 4,59M 0s
   250K .......... .......... .......... .......... .......... 54% 6,45M 0s
   300K .......... .......... .......... .......... .......... 63% 4,98M 0s
   350K .......... .......... .......... .......... .......... 72% 4,57M 0s
   400K .......... .......... .......... .......... .......... 81% 5,39M 0s
   450K .......... .......... .......... .......... .......... 90% 17,3M 0s
   500K .......... .......... .......... .......... .......... 99% 7,78M 0s
   550K ..                                                    100% 5,21T=0,08s

2026-09-01 15:13:27 (6,72 MB/s) - ‘costruisciearreda-static/costruisciearreda.it/wp-content/uploads/2024/08/DSC09802-scaled.jpg’ salvato [566066/566066]

--2026-09-01 15:13:27--  https://costruisciearreda.it/wp-content/uploads/2024/08/DSC09803-scaled.jpg
Riutilizzo della connessione esistente a costruisciearreda.it:443.
Richiesta HTTP inviata, in attesa di risposta... 200 OK
Lunghezza: 495331 (484K) [image/jpeg]
Salvataggio in: ‘costruisciearreda-static/costruisciearreda.it/wp-content/uploads/2024/08/DSC09803-scaled.jpg’

     0K .......... .......... .......... .......... .......... 10% 11,3M 0s
    50K .......... .......... .......... .......... .......... 20% 17,6M 0s
   100K .......... .......... .......... .......... .......... 31% 3,51M 0s
   150K .......... .......... .......... .......... .......... 41% 8,38M 0s
   200K .......... .......... .......... .......... .......... 51% 59,8M 0s
   250K .......... .......... .......... .......... .......... 62% 3,47M 0s
   300K .......... .......... .......... .......... .......... 72% 8,93M 0s
   350K .......... .......... .......... .......... .......... 82% 3,61M 0s
   400K .......... .......... .......... .......... .......... 93% 45,6M 0s
   450K .......... .......... .......... ...                  100% 5,59M=0,07s

2026-09-01 15:13:27 (6,98 MB/s) - ‘costruisciearreda-static/costruisciearreda.it/wp-content/uploads/2024/08/DSC09803-scaled.jpg’ salvato [495331/495331]

--2026-09-01 15:13:27--  https://costruisciearreda.it/wp-content/uploads/2024/08/DSC09804-scaled.jpg
Riutilizzo della connessione esistente a costruisciearreda.it:443.
Richiesta HTTP inviata, in attesa di risposta... 200 OK
Lunghezza: 351150 (343K) [image/jpeg]
Salvataggio in: ‘costruisciearreda-static/costruisciearreda.it/wp-content/uploads/2024/08/DSC09804-scaled.jpg’

     0K .......... .......... .......... .......... .......... 14% 99,6M 0s
    50K .......... .......... .......... .......... .......... 29% 15,2M 0s
   100K .......... .......... .......... .......... .......... 43% 3,01M 0s
   150K .......... .......... .......... .......... .......... 58% 6,97M 0s
   200K .......... .......... .......... .......... .......... 72% 24,9M 0s
   250K .......... .......... .......... .......... .......... 87% 5,11M 0s
   300K .......... .......... .......... .......... ..        100% 4,92M=0,05s

2026-09-01 15:13:27 (7,13 MB/s) - ‘costruisciearreda-static/costruisciearreda.it/wp-content/uploads/2024/08/DSC09804-scaled.jpg’ salvato [351150/351150]

--2026-09-01 15:13:27--  https://costruisciearreda.it/wp-content/uploads/2024/08/DSC09807-scaled.jpg
Riutilizzo della connessione esistente a costruisciearreda.it:443.
Richiesta HTTP inviata, in attesa di risposta... 200 OK
Lunghezza: 647946 (633K) [image/jpeg]
Salvataggio in: ‘costruisciearreda-static/costruisciearreda.it/wp-content/uploads/2024/08/DSC09807-scaled.jpg’

     0K .......... .......... .......... .......... ..........  7% 17,2M 0s
    50K .......... .......... .......... .......... .......... 15%  527M 0s
   100K .......... .......... .......... .......... .......... 23% 2,45M 0s
   150K .......... .......... .......... .......... .......... 31% 17,9M 0s
   200K .......... .......... .......... .......... .......... 39%  177M 0s
   250K .......... .......... .......... .......... .......... 47% 2,34M 0s
   300K .......... .......... .......... .......... .......... 55%  618M 0s
   350K .......... .......... .......... .......... .......... 63% 41,5M 0s
   400K .......... .......... .......... .......... .......... 71% 2,67M 0s
   450K .......... .......... .......... .......... .......... 79% 22,4M 0s
   500K .......... .......... .......... .......... .......... 86% 17,8M 0s
   550K .......... .......... .......... .......... .......... 94% 2,60M 0s
   600K .......... .......... .......... ..                   100%  423M=0,09s

2026-09-01 15:13:27 (6,86 MB/s) - ‘costruisciearreda-static/costruisciearreda.it/wp-content/uploads/2024/08/DSC09807-scaled.jpg’ salvato [647946/647946]

--2026-09-01 15:13:27--  https://costruisciearreda.it/wp-content/uploads/2024/08/DSC09809-scaled.jpg
Riutilizzo della connessione esistente a costruisciearreda.it:443.
Richiesta HTTP inviata, in attesa di risposta... 200 OK
Lunghezza: 761673 (744K) [image/jpeg]
Salvataggio in: ‘costruisciearreda-static/costruisciearreda.it/wp-content/uploads/2024/08/DSC09809-scaled.jpg’

     0K .......... .......... .......... .......... ..........  6% 24,0M 0s
    50K .......... .......... .......... .......... .......... 13% 28,2M 0s
   100K .......... .......... .......... .......... .......... 20% 2,38M 0s
   150K .......... .......... .......... .......... .......... 26% 15,4M 0s
   200K .......... .......... .......... .......... .......... 33%  658M 0s
   250K .......... .......... .......... .......... .......... 40% 2,40M 0s
   300K .......... .......... .......... .......... .......... 47% 14,3M 0s
   350K .......... .......... .......... .......... .......... 53%  460M 0s
   400K .......... .......... .......... .......... .......... 60% 2,40M 0s
   450K .......... .......... .......... .......... .......... 67% 14,6M 0s
   500K .......... .......... .......... .......... .......... 73%  727M 0s
   550K .......... .......... .......... .......... .......... 80% 2,66M 0s
   600K .......... .......... .......... .......... .......... 87% 20,8M 0s
   650K .......... .......... .......... .......... .......... 94% 13,6M 0s
   700K .......... .......... .......... .......... ...       100% 2,73M=0,1s

2026-09-01 15:13:27 (6,31 MB/s) - ‘costruisciearreda-static/costruisciearreda.it/wp-content/uploads/2024/08/DSC09809-scaled.jpg’ salvato [761673/761673]

--2026-09-01 15:13:27--  https://costruisciearreda.it/wp-content/uploads/2024/08/DSC09811-scaled.jpg
Riutilizzo della connessione esistente a costruisciearreda.it:443.
Richiesta HTTP inviata, in attesa di risposta... 200 OK
Lunghezza: 744164 (727K) [image/jpeg]
Salvataggio in: ‘costruisciearreda-static/costruisciearreda.it/wp-content/uploads/2024/08/DSC09811-scaled.jpg’

     0K .......... .......... .......... .......... ..........  6%  580M 0s
    50K .......... .......... .......... .......... .......... 13% 41,1M 0s
   100K .......... .......... .......... .......... .......... 20% 2,64M 0s
   150K .......... .......... .......... .......... .......... 27% 25,7M 0s
   200K .......... .......... .......... .......... .......... 34% 15,8M 0s
   250K .......... .......... .......... .......... .......... 41% 3,64M 0s
   300K .......... .......... .......... .......... .......... 48% 6,42M 0s
   350K .......... .......... .......... .......... .......... 55% 22,5M 0s
   400K .......... .......... .......... .......... .......... 61% 4,81M 0s
   450K .......... .......... .......... .......... .......... 68% 5,71M 0s
   500K .......... .......... .......... .......... .......... 75% 17,4M 0s
   550K .......... .......... .......... .......... .......... 82% 6,34M 0s
   600K .......... .......... .......... .......... .......... 89% 5,76M 0s
   650K .......... .......... .......... .......... .......... 96% 5,47M 0s
   700K .......... .......... ......                          100%  266M=0,09s

2026-09-01 15:13:28 (7,50 MB/s) - ‘costruisciearreda-static/costruisciearreda.it/wp-content/uploads/2024/08/DSC09811-scaled.jpg’ salvato [744164/744164]

--2026-09-01 15:13:28--  https://costruisciearreda.it/wp-content/uploads/2024/08/DSC09812-scaled.jpg
Riutilizzo della connessione esistente a costruisciearreda.it:443.
Richiesta HTTP inviata, in attesa di risposta... 200 OK
Lunghezza: 744428 (727K) [image/jpeg]
Salvataggio in: ‘costruisciearreda-static/costruisciearreda.it/wp-content/uploads/2024/08/DSC09812-scaled.jpg’

     0K .......... .......... .......... .......... ..........  6% 91,5M 0s
    50K .......... .......... .......... .......... .......... 13% 33,7M 0s
   100K .......... .......... .......... .......... .......... 20% 2,52M 0s
   150K .......... .......... .......... .......... .......... 27% 65,1M 0s
   200K .......... .......... .......... .......... .......... 34% 24,4M 0s
   250K .......... .......... .......... .......... .......... 41% 2,52M 0s
   300K .......... .......... .......... .......... .......... 48%  406M 0s
   350K .......... .......... .......... .......... .......... 55% 16,6M 0s
   400K .......... .......... .......... .......... .......... 61% 2,66M 0s
   450K .......... .......... .......... .......... .......... 68% 17,2M 0s
   500K .......... .......... .......... .......... .......... 75% 17,5M 0s
   550K .......... .......... .......... .......... .......... 82% 3,58M 0s
   600K .......... .......... .......... .......... .......... 89% 2,61M 0s
   650K .......... .......... .......... .......... .......... 96%  500M 0s
   700K .......... .......... ......                          100%  381M=0,1s

2026-09-01 15:13:28 (6,89 MB/s) - ‘costruisciearreda-static/costruisciearreda.it/wp-content/uploads/2024/08/DSC09812-scaled.jpg’ salvato [744428/744428]

--2026-09-01 15:13:28--  https://costruisciearreda.it/wp-content/uploads/2024/08/DSC09814-scaled.jpg
Riutilizzo della connessione esistente a costruisciearreda.it:443.
Richiesta HTTP inviata, in attesa di risposta... 200 OK
Lunghezza: 621762 (607K) [image/jpeg]
Salvataggio in: ‘costruisciearreda-static/costruisciearreda.it/wp-content/uploads/2024/08/DSC09814-scaled.jpg’

     0K .......... .......... .......... .......... ..........  8% 16,3M 0s
    50K .......... .......... .......... .......... .......... 16% 26,3M 0s
   100K .......... .......... .......... .......... .......... 24% 2,40M 0s
   150K .......... .......... .......... .......... .......... 32% 39,4M 0s
   200K .......... .......... .......... .......... .......... 41% 20,1M 0s
   250K .......... .......... .......... .......... .......... 49% 3,25M 0s
   300K .......... .......... .......... .......... .......... 57% 19,3M 0s
   350K .......... .......... .......... .......... .......... 65% 16,7M 0s
   400K .......... .......... .......... .......... .......... 74% 14,8M 0s
   450K .......... .......... .......... .......... .......... 82% 3,35M 0s
   500K .......... .......... .......... .......... .......... 90% 20,4M 0s
   550K .......... .......... .......... .......... .......... 98% 15,7M 0s
   600K .......                                               100%  516M=0,07s

2026-09-01 15:13:28 (8,15 MB/s) - ‘costruisciearreda-static/costruisciearreda.it/wp-content/uploads/2024/08/DSC09814-scaled.jpg’ salvato [621762/621762]

--2026-09-01 15:13:28--  https://costruisciearreda.it/wp-content/uploads/2024/08/DSC09815-scaled.jpg
Riutilizzo della connessione esistente a costruisciearreda.it:443.
Richiesta HTTP inviata, in attesa di risposta... 200 OK
Lunghezza: 587203 (573K) [image/jpeg]
Salvataggio in: ‘costruisciearreda-static/costruisciearreda.it/wp-content/uploads/2024/08/DSC09815-scaled.jpg’

     0K .......... .......... .......... .......... ..........  8% 14,0M 0s
    50K .......... .......... .......... .......... .......... 17%  709M 0s
   100K .......... .......... .......... .......... .......... 26% 2,30M 0s
   150K .......... .......... .......... .......... .......... 34% 20,2M 0s
   200K .......... .......... .......... .......... .......... 43% 15,8M 0s
   250K .......... .......... .......... .......... .......... 52% 3,51M 0s
   300K .......... .......... .......... .......... .......... 61% 9,53M 0s
   350K .......... .......... .......... .......... .......... 69% 17,0M 0s
   400K .......... .......... .......... .......... .......... 78% 37,2M 0s
   450K .......... .......... .......... .......... .......... 87% 3,26M 0s
   500K .......... .......... .......... .......... .......... 95% 7,22M 0s
   550K .......... .......... ...                             100% 43,8M=0,08s

2026-09-01 15:13:28 (7,39 MB/s) - ‘costruisciearreda-static/costruisciearreda.it/wp-content/uploads/2024/08/DSC09815-scaled.jpg’ salvato [587203/587203]

--2026-09-01 15:13:28--  https://costruisciearreda.it/wp-content/uploads/2024/08/DSC09829-scaled.jpg
Riutilizzo della connessione esistente a costruisciearreda.it:443.
Richiesta HTTP inviata, in attesa di risposta... 200 OK
Lunghezza: 447830 (437K) [image/jpeg]
Salvataggio in: ‘costruisciearreda-static/costruisciearreda.it/wp-content/uploads/2024/08/DSC09829-scaled.jpg’

     0K .......... .......... .......... .......... .......... 11% 23,3M 0s
    50K .......... .......... .......... .......... .......... 22% 17,5M 0s
   100K .......... .......... .......... .......... .......... 34% 2,66M 0s
   150K .......... .......... .......... .......... .......... 45%  106M 0s
   200K .......... .......... .......... .......... .......... 57% 14,5M 0s
   250K .......... .......... .......... .......... .......... 68%  267M 0s
   300K .......... .......... .......... .......... .......... 80% 2,63M 0s
   350K .......... .......... .......... .......... .......... 91% 8,53M 0s
   400K .......... .......... .......... .......              100% 65,2M=0,05s

2026-09-01 15:13:28 (8,20 MB/s) - ‘costruisciearreda-static/costruisciearreda.it/wp-content/uploads/2024/08/DSC09829-scaled.jpg’ salvato [447830/447830]

--2026-09-01 15:13:28--  https://costruisciearreda.it/wp-content/uploads/2024/08/DSC09831-scaled.jpg
Riutilizzo della connessione esistente a costruisciearreda.it:443.
Richiesta HTTP inviata, in attesa di risposta... 200 OK
Lunghezza: 348348 (340K) [image/jpeg]
Salvataggio in: ‘costruisciearreda-static/costruisciearreda.it/wp-content/uploads/2024/08/DSC09831-scaled.jpg’

     0K .......... .......... .......... .......... .......... 14% 60,2M 0s
    50K .......... .......... .......... .......... .......... 29% 31,8M 0s
   100K .......... .......... .......... .......... .......... 44% 2,50M 0s
   150K .......... .......... .......... .......... .......... 58%  132M 0s
   200K .......... .......... .......... .......... .......... 73% 13,1M 0s
   250K .......... .......... .......... .......... .......... 88%  639M 0s
   300K .......... .......... .......... ..........           100% 2,12M=0,04s

2026-09-01 15:13:28 (7,45 MB/s) - ‘costruisciearreda-static/costruisciearreda.it/wp-content/uploads/2024/08/DSC09831-scaled.jpg’ salvato [348348/348348]

--2026-09-01 15:13:28--  https://costruisciearreda.it/wp-content/uploads/2024/08/DSC09843-scaled.jpg
Riutilizzo della connessione esistente a costruisciearreda.it:443.
Richiesta HTTP inviata, in attesa di risposta... 200 OK
Lunghezza: 642926 (628K) [image/jpeg]
Salvataggio in: ‘costruisciearreda-static/costruisciearreda.it/wp-content/uploads/2024/08/DSC09843-scaled.jpg’

     0K .......... .......... .......... .......... ..........  7%  343M 0s
    50K .......... .......... .......... .......... .......... 15% 13,8M 0s
   100K .......... .......... .......... .......... .......... 23% 2,43M 0s
   150K .......... .......... .......... .......... .......... 31% 19,8M 0s
   200K .......... .......... .......... .......... .......... 39% 17,5M 0s
   250K .......... .......... .......... .......... .......... 47%  737M 0s
   300K .......... .......... .......... .......... .......... 55% 2,68M 0s
   350K .......... .......... .......... .......... .......... 63% 23,8M 0s
   400K .......... .......... .......... .......... .......... 71% 19,0M 0s
   450K .......... .......... .......... .......... .......... 79% 3,54M 0s
   500K .......... .......... .......... .......... .......... 87% 15,3M 0s
   550K .......... .......... .......... .......... .......... 95% 22,5M 0s
   600K .......... .......... .......                         100%  561M=0,07s

2026-09-01 15:13:28 (8,62 MB/s) - ‘costruisciearreda-static/costruisciearreda.it/wp-content/uploads/2024/08/DSC09843-scaled.jpg’ salvato [642926/642926]

--2026-09-01 15:13:28--  https://costruisciearreda.it/wp-content/uploads/2024/08/DSC09862-scaled.jpg
Riutilizzo della connessione esistente a costruisciearreda.it:443.
Richiesta HTTP inviata, in attesa di risposta... 200 OK
Lunghezza: 279103 (273K) [image/jpeg]
Salvataggio in: ‘costruisciearreda-static/costruisciearreda.it/wp-content/uploads/2024/08/DSC09862-scaled.jpg’

     0K .......... .......... .......... .......... .......... 18% 6,54M 0s
    50K .......... .......... .......... .......... .......... 36%  430M 0s
   100K .......... .......... .......... .......... .......... 55% 3,53M 0s
   150K .......... .......... .......... .......... .......... 73% 44,3M 0s
   200K .......... .......... .......... .......... .......... 91% 6,42M 0s
   250K .......... .......... ..                              100%  403M=0,03s

2026-09-01 15:13:28 (8,82 MB/s) - ‘costruisciearreda-static/costruisciearreda.it/wp-content/uploads/2024/08/DSC09862-scaled.jpg’ salvato [279103/279103]

--2026-09-01 15:13:28--  https://costruisciearreda.it/wp-content/uploads/2024/08/DSC09867-scaled.jpg
Riutilizzo della connessione esistente a costruisciearreda.it:443.
Richiesta HTTP inviata, in attesa di risposta... 200 OK
Lunghezza: 703229 (687K) [image/jpeg]
Salvataggio in: ‘costruisciearreda-static/costruisciearreda.it/wp-content/uploads/2024/08/DSC09867-scaled.jpg’

     0K .......... .......... .......... .......... ..........  7% 48,3M 0s
    50K .......... .......... .......... .......... .......... 14% 31,8M 0s
   100K .......... .......... .......... .......... .......... 21% 23,3M 0s
   150K .......... .......... .......... .......... .......... 29% 2,34M 0s
   200K .......... .......... .......... .......... .......... 36% 24,3M 0s
   250K .......... .......... .......... .......... .......... 43%  636M 0s
   300K .......... .......... .......... .......... .......... 50% 2,15M 0s
   350K .......... .......... .......... .......... .......... 58%  606M 0s
   400K .......... .......... .......... .......... .......... 65% 23,5M 0s
   450K .......... .......... .......... .......... .......... 72% 2,32M 0s
   500K .......... .......... .......... .......... .......... 80%  644M 0s
   550K .......... .......... .......... .......... .......... 87% 25,6M 0s
   600K .......... .......... .......... .......... .......... 94%  728M 0s
   650K .......... .......... .......... ......               100% 2,01M=0,09s

2026-09-01 15:13:28 (7,17 MB/s) - ‘costruisciearreda-static/costruisciearreda.it/wp-content/uploads/2024/08/DSC09867-scaled.jpg’ salvato [703229/703229]

--2026-09-01 15:13:28--  https://costruisciearreda.it/wp-content/uploads/2024/08/DSC09880-scaled.jpg
Riutilizzo della connessione esistente a costruisciearreda.it:443.
Richiesta HTTP inviata, in attesa di risposta... 200 OK
Lunghezza: 433943 (424K) [image/jpeg]
Salvataggio in: ‘costruisciearreda-static/costruisciearreda.it/wp-content/uploads/2024/08/DSC09880-scaled.jpg’

     0K .......... .......... .......... .......... .......... 11%  625M 0s
    50K .......... .......... .......... .......... .......... 23% 15,0M 0s
   100K .......... .......... .......... .......... .......... 35%  128M 0s
   150K .......... .......... .......... .......... .......... 47% 3,09M 0s
   200K .......... .......... .......... .......... .......... 58% 3,88M 0s
   250K .......... .......... .......... .......... .......... 70%  743M 0s
   300K .......... .......... .......... .......... .......... 82% 16,8M 0s
   350K .......... .......... .......... .......... .......... 94% 3,31M 0s
   400K .......... .......... ...                             100%  273M=0,05s

2026-09-01 15:13:28 (8,30 MB/s) - ‘costruisciearreda-static/costruisciearreda.it/wp-content/uploads/2024/08/DSC09880-scaled.jpg’ salvato [433943/433943]

--2026-09-01 15:13:28--  https://costruisciearreda.it/wp-content/uploads/2024/08/DSC09884-scaled.jpg
Riutilizzo della connessione esistente a costruisciearreda.it:443.
Richiesta HTTP inviata, in attesa di risposta... 200 OK
Lunghezza: 347164 (339K) [image/jpeg]
Salvataggio in: ‘costruisciearreda-static/costruisciearreda.it/wp-content/uploads/2024/08/DSC09884-scaled.jpg’

     0K .......... .......... .......... .......... .......... 14%  470M 0s
    50K .......... .......... .......... .......... .......... 29% 5,91M 0s
   100K .......... .......... .......... .......... .......... 44%  574M 0s
   150K .......... .......... .......... .......... .......... 58% 3,90M 0s
   200K .......... .......... .......... .......... .......... 73% 5,19M 0s
   250K .......... .......... .......... .......... .......... 88% 26,7M 0s
   300K .......... .......... .......... .........            100% 3,68M=0,04s

2026-09-01 15:13:29 (7,78 MB/s) - ‘costruisciearreda-static/costruisciearreda.it/wp-content/uploads/2024/08/DSC09884-scaled.jpg’ salvato [347164/347164]

--2026-09-01 15:13:29--  https://costruisciearreda.it/wp-content/uploads/2024/08/DSC09912-scaled.jpg
Riutilizzo della connessione esistente a costruisciearreda.it:443.
Richiesta HTTP inviata, in attesa di risposta... 200 OK
Lunghezza: 345570 (337K) [image/jpeg]
Salvataggio in: ‘costruisciearreda-static/costruisciearreda.it/wp-content/uploads/2024/08/DSC09912-scaled.jpg’

     0K .......... .......... .......... .......... .......... 14% 13,8M 0s
    50K .......... .......... .......... .......... .......... 29%  789M 0s
   100K .......... .......... .......... .......... .......... 44% 28,4M 0s
   150K .......... .......... .......... .......... .......... 59% 2,80M 0s
   200K .......... .......... .......... .......... .......... 74% 22,2M 0s
   250K .......... .......... .......... .......... .......... 88% 29,3M 0s
   300K .......... .......... .......... .......              100% 3,73M=0,04s

2026-09-01 15:13:29 (9,05 MB/s) - ‘costruisciearreda-static/costruisciearreda.it/wp-content/uploads/2024/08/DSC09912-scaled.jpg’ salvato [345570/345570]

--2026-09-01 15:13:29--  https://costruisciearreda.it/wp-content/uploads/2024/08/DSC09920-scaled.jpg
Riutilizzo della connessione esistente a costruisciearreda.it:443.
Richiesta HTTP inviata, in attesa di risposta... 200 OK
Lunghezza: 592571 (579K) [image/jpeg]
Salvataggio in: ‘costruisciearreda-static/costruisciearreda.it/wp-content/uploads/2024/08/DSC09920-scaled.jpg’

     0K .......... .......... .......... .......... ..........  8% 25,8M 0s
    50K .......... .......... .......... .......... .......... 17% 21,2M 0s
   100K .......... .......... .......... .......... .......... 25%  554M 0s
   150K .......... .......... .......... .......... .......... 34% 2,50M 0s
   200K .......... .......... .......... .......... .......... 43% 18,8M 0s
   250K .......... .......... .......... .......... .......... 51% 24,9M 0s
   300K .......... .......... .......... .......... .......... 60% 5,99M 0s
   350K .......... .......... .......... .......... .......... 69% 4,79M 0s
   400K .......... .......... .......... .......... .......... 77% 68,1M 0s
   450K .......... .......... .......... .......... .......... 86% 16,3M 0s
   500K .......... .......... .......... .......... .......... 95% 5,70M 0s
   550K .......... .......... ........                        100% 3,76M=0,07s

2026-09-01 15:13:29 (8,50 MB/s) - ‘costruisciearreda-static/costruisciearreda.it/wp-content/uploads/2024/08/DSC09920-scaled.jpg’ salvato [592571/592571]

--2026-09-01 15:13:29--  https://costruisciearreda.it/wp-content/uploads/2024/08/DSC09938-scaled.jpg
Riutilizzo della connessione esistente a costruisciearreda.it:443.
Richiesta HTTP inviata, in attesa di risposta... 200 OK
Lunghezza: 738395 (721K) [image/jpeg]
Salvataggio in: ‘costruisciearreda-static/costruisciearreda.it/wp-content/uploads/2024/08/DSC09938-scaled.jpg’

     0K .......... .......... .......... .......... ..........  6% 6,73M 0s
    50K .......... .......... .......... .......... .......... 13% 23,3M 0s
   100K .......... .......... .......... .......... .......... 20%  388M 0s
   150K .......... .......... .......... .......... .......... 27% 3,41M 0s
   200K .......... .......... .......... .......... .......... 34% 8,76M 0s
   250K .......... .......... .......... .......... .......... 41% 20,2M 0s
   300K .......... .......... .......... .......... .......... 48% 4,65M 0s
   350K .......... .......... .......... .......... .......... 55% 6,33M 0s
   400K .......... .......... .......... .......... .......... 62% 21,1M 0s
   450K .......... .......... .......... .......... .......... 69% 43,5M 0s
   500K .......... .......... .......... .......... .......... 76% 5,36M 0s
   550K .......... .......... .......... .......... .......... 83% 9,01M 0s
   600K .......... .......... .......... .......... .......... 90% 14,2M 0s
   650K .......... .......... .......... .......... .......... 97% 7,42M 0s
   700K .......... .......... .                               100% 11,0M=0,08s

2026-09-01 15:13:29 (8,81 MB/s) - ‘costruisciearreda-static/costruisciearreda.it/wp-content/uploads/2024/08/DSC09938-scaled.jpg’ salvato [738395/738395]

--2026-09-01 15:13:29--  https://costruisciearreda.it/wp-content/uploads/2024/08/DSC09947-scaled.jpg
Riutilizzo della connessione esistente a costruisciearreda.it:443.
Richiesta HTTP inviata, in attesa di risposta... 200 OK
Lunghezza: 432787 (423K) [image/jpeg]
Salvataggio in: ‘costruisciearreda-static/costruisciearreda.it/wp-content/uploads/2024/08/DSC09947-scaled.jpg’

     0K .......... .......... .......... .......... .......... 11% 13,7M 0s
    50K .......... .......... .......... .......... .......... 23%  501M 0s
   100K .......... .......... .......... .......... .......... 35% 34,7M 0s
   150K .......... .......... .......... .......... .......... 47% 2,50M 0s
   200K .......... .......... .......... .......... .......... 59% 13,3M 0s
   250K .......... .......... .......... .......... .......... 70%  691M 0s
   300K .......... .......... .......... .......... .......... 82% 2,54M 0s
   350K .......... .......... .......... .......... .......... 94% 25,5M 0s
   400K .......... .......... ..                              100%  385M=0,05s

2026-09-01 15:13:29 (8,33 MB/s) - ‘costruisciearreda-static/costruisciearreda.it/wp-content/uploads/2024/08/DSC09947-scaled.jpg’ salvato [432787/432787]

--2026-09-01 15:13:29--  https://costruisciearreda.it/wp-content/uploads/2024/08/DSC09950-scaled.jpg
Riutilizzo della connessione esistente a costruisciearreda.it:443.
Richiesta HTTP inviata, in attesa di risposta... 200 OK
Lunghezza: 655607 (640K) [image/jpeg]
Salvataggio in: ‘costruisciearreda-static/costruisciearreda.it/wp-content/uploads/2024/08/DSC09950-scaled.jpg’

     0K .......... .......... .......... .......... ..........  7% 37,2M 0s
    50K .......... .......... .......... .......... .......... 15% 11,8M 0s
   100K .......... .......... .......... .......... .......... 23% 33,1M 0s
   150K .......... .......... .......... .......... .......... 31% 3,28M 0s
   200K .......... .......... .......... .......... .......... 39% 22,5M 0s
   250K .......... .......... .......... .......... .......... 46% 19,1M 0s
   300K .......... .......... .......... .......... .......... 54% 15,2M 0s
   350K .......... .......... .......... .......... .......... 62% 3,45M 0s
   400K .......... .......... .......... .......... .......... 70% 19,3M 0s
   450K .......... .......... .......... .......... .......... 78% 16,0M 0s
   500K .......... .......... .......... .......... .......... 85% 3,84M 0s
   550K .......... .......... .......... .......... .......... 93% 55,3M 0s
   600K .......... .......... .......... ..........           100% 25,4M=0,06s

2026-09-01 15:13:29 (9,67 MB/s) - ‘costruisciearreda-static/costruisciearreda.it/wp-content/uploads/2024/08/DSC09950-scaled.jpg’ salvato [655607/655607]

--2026-09-01 15:13:29--  https://costruisciearreda.it/wp-content/uploads/2024/08/DSC09953-scaled.jpg
Riutilizzo della connessione esistente a costruisciearreda.it:443.
Richiesta HTTP inviata, in attesa di risposta... 200 OK
Lunghezza: 566389 (553K) [image/jpeg]
Salvataggio in: ‘costruisciearreda-static/costruisciearreda.it/wp-content/uploads/2024/08/DSC09953-scaled.jpg’

     0K .......... .......... .......... .......... ..........  9% 23,8M 0s
    50K .......... .......... .......... .......... .......... 18% 17,8M 0s
   100K .......... .......... .......... .......... .......... 27%  435M 0s
   150K .......... .......... .......... .......... .......... 36% 3,51M 0s
   200K .......... .......... .......... .......... .......... 45% 4,75M 0s
   250K .......... .......... .......... .......... .......... 54% 18,8M 0s
   300K .......... .......... .......... .......... .......... 63%  792M 0s
   350K .......... .......... .......... .......... .......... 72% 2,65M 0s
   400K .......... .......... .......... .......... .......... 81%  371M 0s
   450K .......... .......... .......... .......... .......... 90% 15,5M 0s
   500K .......... .......... .......... .......... .......... 99% 25,0M 0s
   550K ...                                                   100% 5,80T=0,06s

2026-09-01 15:13:29 (9,75 MB/s) - ‘costruisciearreda-static/costruisciearreda.it/wp-content/uploads/2024/08/DSC09953-scaled.jpg’ salvato [566389/566389]

--2026-09-01 15:13:29--  https://costruisciearreda.it/wp-content/uploads/2024/08/DSC09954-scaled.jpg
Riutilizzo della connessione esistente a costruisciearreda.it:443.
Richiesta HTTP inviata, in attesa di risposta... 200 OK
Lunghezza: 530784 (518K) [image/jpeg]
Salvataggio in: ‘costruisciearreda-static/costruisciearreda.it/wp-content/uploads/2024/08/DSC09954-scaled.jpg’

     0K .......... .......... .......... .......... ..........  9% 89,3M 0s
    50K .......... .......... .......... .......... .......... 19% 23,5M 0s
   100K .......... .......... .......... .......... .......... 28% 4,34M 0s
   150K .......... .......... .......... .......... .......... 38% 3,36M 0s
   200K .......... .......... .......... .......... .......... 48% 17,6M 0s
   250K .......... .......... .......... .......... .......... 57%  454M 0s
   300K .......... .......... .......... .......... .......... 67% 26,2M 0s
   350K .......... .......... .......... .......... .......... 77% 2,61M 0s
   400K .......... .......... .......... .......... .......... 86% 16,8M 0s
   450K .......... .......... .......... .......... .......... 96% 35,9M 0s
   500K .......... ........                                   100%  473M=0,06s

2026-09-01 15:13:29 (9,02 MB/s) - ‘costruisciearreda-static/costruisciearreda.it/wp-content/uploads/2024/08/DSC09954-scaled.jpg’ salvato [530784/530784]

--2026-09-01 15:13:29--  https://costruisciearreda.it/wp-content/uploads/2024/07/iconeshow1.svg
Riutilizzo della connessione esistente a costruisciearreda.it:443.
Richiesta HTTP inviata, in attesa di risposta... 200 OK
Lunghezza: 3167 (3,1K) [image/svg+xml]
Salvataggio in: ‘costruisciearreda-static/costruisciearreda.it/wp-content/uploads/2024/07/iconeshow1.svg’

     0K ...                                                   100% 3,92G=0s

2026-09-01 15:13:29 (3,92 GB/s) - ‘costruisciearreda-static/costruisciearreda.it/wp-content/uploads/2024/07/iconeshow1.svg’ salvato [3167/3167]

--2026-09-01 15:13:29--  https://costruisciearreda.it/wp-content/uploads/2024/07/iconeshow.svg
Riutilizzo della connessione esistente a costruisciearreda.it:443.
Richiesta HTTP inviata, in attesa di risposta... 200 OK
Lunghezza: 1007 [image/svg+xml]
Salvataggio in: ‘costruisciearreda-static/costruisciearreda.it/wp-content/uploads/2024/07/iconeshow.svg’

     0K                                                       100% 2,20G=0s

2026-09-01 15:13:29 (2,20 GB/s) - ‘costruisciearreda-static/costruisciearreda.it/wp-content/uploads/2024/07/iconeshow.svg’ salvato [1007/1007]

--2026-09-01 15:13:29--  https://costruisciearreda.it/wp-content/uploads/2024/07/iconeshow2.svg
Riutilizzo della connessione esistente a costruisciearreda.it:443.
Richiesta HTTP inviata, in attesa di risposta... 200 OK
Lunghezza: 856 [image/svg+xml]
Salvataggio in: ‘costruisciearreda-static/costruisciearreda.it/wp-content/uploads/2024/07/iconeshow2.svg’

     0K                                                       100%  912M=0s

2026-09-01 15:13:29 (912 MB/s) - ‘costruisciearreda-static/costruisciearreda.it/wp-content/uploads/2024/07/iconeshow2.svg’ salvato [856/856]

--2026-09-01 15:13:29--  https://costruisciearreda.it/wp-content/uploads/2024/07/iconeshow3.svg
Riutilizzo della connessione esistente a costruisciearreda.it:443.
Richiesta HTTP inviata, in attesa di risposta... 200 OK
Lunghezza: 1569 (1,5K) [image/svg+xml]
Salvataggio in: ‘costruisciearreda-static/costruisciearreda.it/wp-content/uploads/2024/07/iconeshow3.svg’

     0K .                                                     100% 1,23G=0s

2026-09-01 15:13:29 (1,23 GB/s) - ‘costruisciearreda-static/costruisciearreda.it/wp-content/uploads/2024/07/iconeshow3.svg’ salvato [1569/1569]

--2026-09-01 15:13:29--  https://costruisciearreda.it/wp-content/uploads/2024/07/iconeshow4.svg
Riutilizzo della connessione esistente a costruisciearreda.it:443.
Richiesta HTTP inviata, in attesa di risposta... 200 OK
Lunghezza: 1464 (1,4K) [image/svg+xml]
Salvataggio in: ‘costruisciearreda-static/costruisciearreda.it/wp-content/uploads/2024/07/iconeshow4.svg’

     0K .                                                     100% 2,26G=0s

2026-09-01 15:13:29 (2,26 GB/s) - ‘costruisciearreda-static/costruisciearreda.it/wp-content/uploads/2024/07/iconeshow4.svg’ salvato [1464/1464]

--2026-09-01 15:13:29--  https://costruisciearreda.it/wp-content/uploads/2024/07/iconeshow6.svg
Riutilizzo della connessione esistente a costruisciearreda.it:443.
Richiesta HTTP inviata, in attesa di risposta... 200 OK
Lunghezza: 1009 [image/svg+xml]
Salvataggio in: ‘costruisciearreda-static/costruisciearreda.it/wp-content/uploads/2024/07/iconeshow6.svg’

     0K                                                       100% 1,99G=0s

2026-09-01 15:13:29 (1,99 GB/s) - ‘costruisciearreda-static/costruisciearreda.it/wp-content/uploads/2024/07/iconeshow6.svg’ salvato [1009/1009]

--2026-09-01 15:13:29--  https://costruisciearreda.it/store/via-san-massimo-na/
Riutilizzo della connessione esistente a costruisciearreda.it:443.
Richiesta HTTP inviata, in attesa di risposta... 200 OK
Lunghezza: non specificato [text/html]
Salvataggio in: ‘costruisciearreda-static/costruisciearreda.it/store/via-san-massimo-na/index.html’

     0K .......... .......... .......... .......... .......... 13,2M
    50K .......... .......... .......... .......... ..........  411M
   100K .......... .......... .......... .......... ......      481M=0,004s

2026-09-01 15:13:29 (36,6 MB/s) - ‘costruisciearreda-static/costruisciearreda.it/store/via-san-massimo-na/index.html’ salvato [150011]

--2026-09-01 15:13:29--  https://costruisciearreda.it/wp-content/uploads/2024/06/DSC03145-scaled.jpg
Riutilizzo della connessione esistente a costruisciearreda.it:443.
Richiesta HTTP inviata, in attesa di risposta... 200 OK
Lunghezza: 708972 (692K) [image/jpeg]
Salvataggio in: ‘costruisciearreda-static/costruisciearreda.it/wp-content/uploads/2024/06/DSC03145-scaled.jpg’

     0K .......... .......... .......... .......... ..........  7% 11,4M 0s
    50K .......... .......... .......... .......... .......... 14% 19,2M 0s
   100K .......... .......... .......... .......... .......... 21%  407M 0s
   150K .......... .......... .......... .......... .......... 28% 2,67M 0s
   200K .......... .......... .......... .......... .......... 36% 23,1M 0s
   250K .......... .......... .......... .......... .......... 43% 16,2M 0s
   300K .......... .......... .......... .......... .......... 50%  635M 0s
   350K .......... .......... .......... .......... .......... 57% 2,32M 0s
   400K .......... .......... .......... .......... .......... 64% 7,35M 0s
   450K .......... .......... .......... .......... .......... 72% 12,4M 0s
   500K .......... .......... .......... .......... .......... 79%  612M 0s
   550K .......... .......... .......... .......... .......... 86% 4,04M 0s
   600K .......... .......... .......... .......... .......... 93% 6,45M 0s
   650K .......... .......... .......... .......... ..        100%  487M=0,08s

2026-09-01 15:13:30 (8,25 MB/s) - ‘costruisciearreda-static/costruisciearreda.it/wp-content/uploads/2024/06/DSC03145-scaled.jpg’ salvato [708972/708972]

--2026-09-01 15:13:30--  https://costruisciearreda.it/wp-content/uploads/2024/06/DSC03146-scaled.jpg
Riutilizzo della connessione esistente a costruisciearreda.it:443.
Richiesta HTTP inviata, in attesa di risposta... 200 OK
Lunghezza: 380805 (372K) [image/jpeg]
Salvataggio in: ‘costruisciearreda-static/costruisciearreda.it/wp-content/uploads/2024/06/DSC03146-scaled.jpg’

     0K .......... .......... .......... .......... .......... 13% 47,7M 0s
    50K .......... .......... .......... .......... .......... 26% 31,2M 0s
   100K .......... .......... .......... .......... .......... 40% 22,4M 0s
   150K .......... .......... .......... .......... .......... 53% 2,56M 0s
   200K .......... .......... .......... .......... .......... 67% 15,0M 0s
   250K .......... .......... .......... .......... .......... 80%  569M 0s
   300K .......... .......... .......... .......... .......... 94% 25,5M 0s
   350K .......... .......... .                               100% 1,36M=0,04s

2026-09-01 15:13:30 (8,11 MB/s) - ‘costruisciearreda-static/costruisciearreda.it/wp-content/uploads/2024/06/DSC03146-scaled.jpg’ salvato [380805/380805]

--2026-09-01 15:13:30--  https://costruisciearreda.it/wp-content/uploads/2024/06/DSC03148-scaled.jpg
Riutilizzo della connessione esistente a costruisciearreda.it:443.
Richiesta HTTP inviata, in attesa di risposta... 200 OK
Lunghezza: 323022 (315K) [image/jpeg]
Salvataggio in: ‘costruisciearreda-static/costruisciearreda.it/wp-content/uploads/2024/06/DSC03148-scaled.jpg’

     0K .......... .......... .......... .......... .......... 15% 8,07M 0s
    50K .......... .......... .......... .......... .......... 31%  433M 0s
   100K .......... .......... .......... .......... .......... 47%  483M 0s
   150K .......... .......... .......... .......... .......... 63% 2,47M 0s
   200K .......... .......... .......... .......... .......... 79% 21,2M 0s
   250K .......... .......... .......... .......... .......... 95% 63,0M 0s
   300K .......... .....                                      100%  411M=0,03s

2026-09-01 15:13:30 (10,6 MB/s) - ‘costruisciearreda-static/costruisciearreda.it/wp-content/uploads/2024/06/DSC03148-scaled.jpg’ salvato [323022/323022]

--2026-09-01 15:13:30--  https://costruisciearreda.it/wp-content/uploads/2024/06/DSC03149-scaled.jpg
Riutilizzo della connessione esistente a costruisciearreda.it:443.
Richiesta HTTP inviata, in attesa di risposta... 200 OK
Lunghezza: 279776 (273K) [image/jpeg]
Salvataggio in: ‘costruisciearreda-static/costruisciearreda.it/wp-content/uploads/2024/06/DSC03149-scaled.jpg’

     0K .......... .......... .......... .......... .......... 18% 52,3M 0s
    50K .......... .......... .......... .......... .......... 36% 5,78M 0s
   100K .......... .......... .......... .......... .......... 54% 24,4M 0s
   150K .......... .......... .......... .......... .......... 73% 6,20M 0s
   200K .......... .......... .......... .......... .......... 91% 4,45M 0s
   250K .......... .......... ...                             100%  510M=0,03s

2026-09-01 15:13:30 (8,81 MB/s) - ‘costruisciearreda-static/costruisciearreda.it/wp-content/uploads/2024/06/DSC03149-scaled.jpg’ salvato [279776/279776]

--2026-09-01 15:13:30--  https://costruisciearreda.it/wp-content/uploads/2024/06/DSC03151-scaled.jpg
Riutilizzo della connessione esistente a costruisciearreda.it:443.
Richiesta HTTP inviata, in attesa di risposta... 200 OK
Lunghezza: 301497 (294K) [image/jpeg]
Salvataggio in: ‘costruisciearreda-static/costruisciearreda.it/wp-content/uploads/2024/06/DSC03151-scaled.jpg’

     0K .......... .......... .......... .......... .......... 16% 49,4M 0s
    50K .......... .......... .......... .......... .......... 33% 33,5M 0s
   100K .......... .......... .......... .......... .......... 50% 21,3M 0s
   150K .......... .......... .......... .......... .......... 67% 2,64M 0s
   200K .......... .......... .......... .......... .......... 84% 41,9M 0s
   250K .......... .......... .......... .......... ....      100% 24,2M=0,03s

2026-09-01 15:13:30 (11,0 MB/s) - ‘costruisciearreda-static/costruisciearreda.it/wp-content/uploads/2024/06/DSC03151-scaled.jpg’ salvato [301497/301497]

--2026-09-01 15:13:30--  https://costruisciearreda.it/wp-content/uploads/2024/06/DSC03158-scaled.jpg
Riutilizzo della connessione esistente a costruisciearreda.it:443.
Richiesta HTTP inviata, in attesa di risposta... 200 OK
Lunghezza: 680623 (665K) [image/jpeg]
Salvataggio in: ‘costruisciearreda-static/costruisciearreda.it/wp-content/uploads/2024/06/DSC03158-scaled.jpg’

     0K .......... .......... .......... .......... ..........  7%  109M 0s
    50K .......... .......... .......... .......... .......... 15% 26,0M 0s
   100K .......... .......... .......... .......... .......... 22% 19,5M 0s
   150K .......... .......... .......... .......... .......... 30% 3,52M 0s
   200K .......... .......... .......... .......... .......... 37% 10,8M 0s
   250K .......... .......... .......... .......... .......... 45% 14,1M 0s
   300K .......... .......... .......... .......... .......... 52% 31,5M 0s
   350K .......... .......... .......... .......... .......... 60% 5,26M 0s
   400K .......... .......... .......... .......... .......... 67% 9,53M 0s
   450K .......... .......... .......... .......... .......... 75% 11,3M 0s
   500K .......... .......... .......... .......... .......... 82% 13,7M 0s
   550K .......... .......... .......... .......... .......... 90% 5,50M 0s
   600K .......... .......... .......... .......... .......... 97% 7,60M 0s
   650K .......... ....                                       100%  230M=0,07s

2026-09-01 15:13:30 (9,85 MB/s) - ‘costruisciearreda-static/costruisciearreda.it/wp-content/uploads/2024/06/DSC03158-scaled.jpg’ salvato [680623/680623]

--2026-09-01 15:13:30--  https://costruisciearreda.it/wp-content/uploads/2024/06/DSC03162-scaled.jpg
Riutilizzo della connessione esistente a costruisciearreda.it:443.
Richiesta HTTP inviata, in attesa di risposta... 200 OK
Lunghezza: 688294 (672K) [image/jpeg]
Salvataggio in: ‘costruisciearreda-static/costruisciearreda.it/wp-content/uploads/2024/06/DSC03162-scaled.jpg’

     0K .......... .......... .......... .......... ..........  7% 66,1M 0s
    50K .......... .......... .......... .......... .......... 14% 14,3M 0s
   100K .......... .......... .......... .......... .......... 22% 20,4M 0s
   150K .......... .......... .......... .......... .......... 29% 3,83M 0s
   200K .......... .......... .......... .......... .......... 37% 27,3M 0s
   250K .......... .......... .......... .......... .......... 44% 10,6M 0s
   300K .......... .......... .......... .......... .......... 52% 31,7M 0s
   350K .......... .......... .......... .......... .......... 59% 4,68M 0s
   400K .......... .......... .......... .......... .......... 66% 25,6M 0s
   450K .......... .......... .......... .......... .......... 74% 6,24M 0s
   500K .......... .......... .......... .......... .......... 81% 33,6M 0s
   550K .......... .......... .......... .......... .......... 89% 5,98M 0s
   600K .......... .......... .......... .......... .......... 96% 4,15M 0s
   650K .......... .......... ..                              100%  368M=0,07s

2026-09-01 15:13:30 (9,54 MB/s) - ‘costruisciearreda-static/costruisciearreda.it/wp-content/uploads/2024/06/DSC03162-scaled.jpg’ salvato [688294/688294]

--2026-09-01 15:13:30--  https://costruisciearreda.it/wp-content/uploads/2024/06/DSC03164-scaled.jpg
Riutilizzo della connessione esistente a costruisciearreda.it:443.
Richiesta HTTP inviata, in attesa di risposta... 200 OK
Lunghezza: 466259 (455K) [image/jpeg]
Salvataggio in: ‘costruisciearreda-static/costruisciearreda.it/wp-content/uploads/2024/06/DSC03164-scaled.jpg’

     0K .......... .......... .......... .......... .......... 10% 9,08M 0s
    50K .......... .......... .......... .......... .......... 21%  432M 0s
   100K .......... .......... .......... .......... .......... 32%  701M 0s
   150K .......... .......... .......... .......... .......... 43% 2,60M 0s
   200K .......... .......... .......... .......... .......... 54% 14,8M 0s
   250K .......... .......... .......... .......... .......... 65%  740M 0s
   300K .......... .......... .......... .......... .......... 76% 32,9M 0s
   350K .......... .......... .......... .......... .......... 87% 3,66M 0s
   400K .......... .......... .......... .......... .......... 98% 8,96M 0s
   450K .....                                                 100%  334M=0,05s

2026-09-01 15:13:30 (9,27 MB/s) - ‘costruisciearreda-static/costruisciearreda.it/wp-content/uploads/2024/06/DSC03164-scaled.jpg’ salvato [466259/466259]

--2026-09-01 15:13:30--  https://costruisciearreda.it/wp-content/uploads/2024/06/DSC03167-scaled.jpg
Riutilizzo della connessione esistente a costruisciearreda.it:443.
Richiesta HTTP inviata, in attesa di risposta... 200 OK
Lunghezza: 495327 (484K) [image/jpeg]
Salvataggio in: ‘costruisciearreda-static/costruisciearreda.it/wp-content/uploads/2024/06/DSC03167-scaled.jpg’

     0K .......... .......... .......... .......... .......... 10%  542M 0s
    50K .......... .......... .......... .......... .......... 20% 19,2M 0s
   100K .......... .......... .......... .......... .......... 31% 47,6M 0s
   150K .......... .......... .......... .......... .......... 41% 1,87M 0s
   200K .......... .......... .......... .......... .......... 51%  630M 0s
   250K .......... .......... .......... .......... .......... 62% 49,7M 0s
   300K .......... .......... .......... .......... .......... 72%  624M 0s
   350K .......... .......... .......... .......... .......... 82% 2,31M 0s
   400K .......... .......... .......... .......... .......... 93%  716M 0s
   450K .......... .......... .......... ...                  100%  709M=0,05s

2026-09-01 15:13:30 (9,06 MB/s) - ‘costruisciearreda-static/costruisciearreda.it/wp-content/uploads/2024/06/DSC03167-scaled.jpg’ salvato [495327/495327]

--2026-09-01 15:13:30--  https://costruisciearreda.it/wp-content/uploads/2024/06/DSC03170-scaled.jpg
Riutilizzo della connessione esistente a costruisciearreda.it:443.
Richiesta HTTP inviata, in attesa di risposta... 200 OK
Lunghezza: 723461 (707K) [image/jpeg]
Salvataggio in: ‘costruisciearreda-static/costruisciearreda.it/wp-content/uploads/2024/06/DSC03170-scaled.jpg’

     0K .......... .......... .......... .......... ..........  7%  365M 0s
    50K .......... .......... .......... .......... .......... 14% 15,1M 0s
   100K .......... .......... .......... .......... .......... 21% 44,4M 0s
   150K .......... .......... .......... .......... .......... 28% 3,42M 0s
   200K .......... .......... .......... .......... .......... 35% 38,0M 0s
   250K .......... .......... .......... .......... .......... 42% 14,6M 0s
   300K .......... .......... .......... .......... .......... 49% 22,2M 0s
   350K .......... .......... .......... .......... .......... 56% 4,00M 0s
   400K .......... .......... .......... .......... .......... 63%  258M 0s
   450K .......... .......... .......... .......... .......... 70% 14,4M 0s
   500K .......... .......... .......... .......... .......... 77% 10,4M 0s
   550K .......... .......... .......... .......... .......... 84% 4,77M 0s
   600K .......... .......... .......... .......... .......... 92% 9,17M 0s
   650K .......... .......... .......... .......... .......... 99%  646M 0s
   700K ......                                                100%  498M=0,06s

2026-09-01 15:13:30 (11,2 MB/s) - ‘costruisciearreda-static/costruisciearreda.it/wp-content/uploads/2024/06/DSC03170-scaled.jpg’ salvato [723461/723461]

--2026-09-01 15:13:30--  https://costruisciearreda.it/wp-content/uploads/2024/06/DSC03175-scaled.jpg
Riutilizzo della connessione esistente a costruisciearreda.it:443.
Richiesta HTTP inviata, in attesa di risposta... 200 OK
Lunghezza: 401637 (392K) [image/jpeg]
Salvataggio in: ‘costruisciearreda-static/costruisciearreda.it/wp-content/uploads/2024/06/DSC03175-scaled.jpg’

     0K .......... .......... .......... .......... .......... 12% 54,2M 0s
    50K .......... .......... .......... .......... .......... 25% 16,6M 0s
   100K .......... .......... .......... .......... .......... 38% 41,3M 0s
   150K .......... .......... .......... .......... .......... 50% 3,10M 0s
   200K .......... .......... .......... .......... .......... 63% 26,4M 0s
   250K .......... .......... .......... .......... .......... 76% 9,59M 0s
   300K .......... .......... .......... .......... .......... 89%  707M 0s
   350K .......... .......... .......... .......... ..        100%  589M=0,03s

2026-09-01 15:13:30 (13,7 MB/s) - ‘costruisciearreda-static/costruisciearreda.it/wp-content/uploads/2024/06/DSC03175-scaled.jpg’ salvato [401637/401637]

--2026-09-01 15:13:30--  https://costruisciearreda.it/wp-content/uploads/2024/06/DSC03180-scaled.jpg
Riutilizzo della connessione esistente a costruisciearreda.it:443.
Richiesta HTTP inviata, in attesa di risposta... 200 OK
Lunghezza: 452830 (442K) [image/jpeg]
Salvataggio in: ‘costruisciearreda-static/costruisciearreda.it/wp-content/uploads/2024/06/DSC03180-scaled.jpg’

     0K .......... .......... .......... .......... .......... 11%  461M 0s
    50K .......... .......... .......... .......... .......... 22% 18,1M 0s
   100K .......... .......... .......... .......... .......... 33% 32,1M 0s
   150K .......... .......... .......... .......... .......... 45% 2,52M 0s
   200K .......... .......... .......... .......... .......... 56%  594M 0s
   250K .......... .......... .......... .......... .......... 67% 18,4M 0s
   300K .......... .......... .......... .......... .......... 79% 13,7M 0s
   350K .......... .......... .......... .......... .......... 90% 4,04M 0s
   400K .......... .......... .......... .......... ..        100%  367M=0,04s

2026-09-01 15:13:30 (10,2 MB/s) - ‘costruisciearreda-static/costruisciearreda.it/wp-content/uploads/2024/06/DSC03180-scaled.jpg’ salvato [452830/452830]

--2026-09-01 15:13:30--  https://costruisciearreda.it/wp-content/uploads/2024/06/DSC03184-scaled.jpg
Riutilizzo della connessione esistente a costruisciearreda.it:443.
Richiesta HTTP inviata, in attesa di risposta... 200 OK
Lunghezza: 398155 (389K) [image/jpeg]
Salvataggio in: ‘costruisciearreda-static/costruisciearreda.it/wp-content/uploads/2024/06/DSC03184-scaled.jpg’

     0K .......... .......... .......... .......... .......... 12%  165M 0s
    50K .......... .......... .......... .......... .......... 25% 8,89M 0s
   100K .......... .......... .......... .......... .......... 38% 37,8M 0s
   150K .......... .......... .......... .......... .......... 51% 3,42M 0s
   200K .......... .......... .......... .......... .......... 64% 10,2M 0s
   250K .......... .......... .......... .......... .......... 77% 17,6M 0s
   300K .......... .......... .......... .......... .......... 90%  218M 0s
   350K .......... .......... .......... ........             100%  212M=0,03s

2026-09-01 15:13:30 (12,9 MB/s) - ‘costruisciearreda-static/costruisciearreda.it/wp-content/uploads/2024/06/DSC03184-scaled.jpg’ salvato [398155/398155]

--2026-09-01 15:13:30--  https://costruisciearreda.it/wp-content/uploads/2024/06/DSC03186-scaled.jpg
Riutilizzo della connessione esistente a costruisciearreda.it:443.
Richiesta HTTP inviata, in attesa di risposta... 200 OK
Lunghezza: 641529 (626K) [image/jpeg]
Salvataggio in: ‘costruisciearreda-static/costruisciearreda.it/wp-content/uploads/2024/06/DSC03186-scaled.jpg’

     0K .......... .......... .......... .......... ..........  7% 8,52M 0s
    50K .......... .......... .......... .......... .......... 15%  783M 0s
   100K .......... .......... .......... .......... .......... 23%  708M 0s
   150K .......... .......... .......... .......... .......... 31% 3,78M 0s
   200K .......... .......... .......... .......... .......... 39% 7,38M 0s
   250K .......... .......... .......... .......... .......... 47% 7,51M 0s
   300K .......... .......... .......... .......... .......... 55% 16,9M 0s
   350K .......... .......... .......... .......... .......... 63%  381M 0s
   400K .......... .......... .......... .......... .......... 71% 3,44M 0s
   450K .......... .......... .......... .......... .......... 79% 13,9M 0s
   500K .......... .......... .......... .......... .......... 87% 15,6M 0s
   550K .......... .......... .......... .......... .......... 95%  350M 0s
   600K .......... .......... ......                          100%  443M=0,06s

2026-09-01 15:13:31 (10,9 MB/s) - ‘costruisciearreda-static/costruisciearreda.it/wp-content/uploads/2024/06/DSC03186-scaled.jpg’ salvato [641529/641529]

--2026-09-01 15:13:31--  https://costruisciearreda.it/wp-content/uploads/2024/06/DSC03188-scaled.jpg
Riutilizzo della connessione esistente a costruisciearreda.it:443.
Richiesta HTTP inviata, in attesa di risposta... 200 OK
Lunghezza: 439392 (429K) [image/jpeg]
Salvataggio in: ‘costruisciearreda-static/costruisciearreda.it/wp-content/uploads/2024/06/DSC03188-scaled.jpg’

     0K .......... .......... .......... .......... .......... 11% 12,8M 0s
    50K .......... .......... .......... .......... .......... 23% 18,5M 0s
   100K .......... .......... .......... .......... .......... 34%  474M 0s
   150K .......... .......... .......... .......... .......... 46% 3,17M 0s
   200K .......... .......... .......... .......... .......... 58% 21,8M 0s
   250K .......... .......... .......... .......... .......... 69% 72,2M 0s
   300K .......... .......... .......... .......... .......... 81% 5,46M 0s
   350K .......... .......... .......... .......... .......... 93%  319M 0s
   400K .......... .......... .........                       100% 3,66M=0,04s

2026-09-01 15:13:31 (10,0 MB/s) - ‘costruisciearreda-static/costruisciearreda.it/wp-content/uploads/2024/06/DSC03188-scaled.jpg’ salvato [439392/439392]

--2026-09-01 15:13:31--  https://costruisciearreda.it/wp-content/uploads/2024/06/DSC03194-scaled.jpg
Riutilizzo della connessione esistente a costruisciearreda.it:443.
Richiesta HTTP inviata, in attesa di risposta... 200 OK
Lunghezza: 444349 (434K) [image/jpeg]
Salvataggio in: ‘costruisciearreda-static/costruisciearreda.it/wp-content/uploads/2024/06/DSC03194-scaled.jpg’

     0K .......... .......... .......... .......... .......... 11% 3,70M 0s
    50K .......... .......... .......... .......... .......... 23% 50,3M 0s
   100K .......... .......... .......... .......... .......... 34%  436M 0s
   150K .......... .......... .......... .......... .......... 46% 7,76M 0s
   200K .......... .......... .......... .......... .......... 57% 4,04M 0s
   250K .......... .......... .......... .......... .......... 69%  468M 0s
   300K .......... .......... .......... .......... .......... 80% 12,0M 0s
   350K .......... .......... .......... .......... .......... 92%  405M 0s
   400K .......... .......... .......... ...                  100% 38,7M=0,04s

2026-09-01 15:13:31 (11,2 MB/s) - ‘costruisciearreda-static/costruisciearreda.it/wp-content/uploads/2024/06/DSC03194-scaled.jpg’ salvato [444349/444349]

--2026-09-01 15:13:31--  https://costruisciearreda.it/wp-content/uploads/2024/06/DSC03215-scaled.jpg
Riutilizzo della connessione esistente a costruisciearreda.it:443.
Richiesta HTTP inviata, in attesa di risposta... 200 OK
Lunghezza: 433132 (423K) [image/jpeg]
Salvataggio in: ‘costruisciearreda-static/costruisciearreda.it/wp-content/uploads/2024/06/DSC03215-scaled.jpg’

     0K .......... .......... .......... .......... .......... 11% 13,0M 0s
    50K .......... .......... .......... .......... .......... 23% 5,19M 0s
   100K .......... .......... .......... .......... .......... 35%  456M 0s
   150K .......... .......... .......... .......... .......... 47% 8,43M 0s
   200K .......... .......... .......... .......... .......... 59% 5,79M 0s
   250K .......... .......... .......... .......... .......... 70% 3,75M 0s
   300K .......... .......... .......... .......... .......... 82% 15,8M 0s
   350K .......... .......... .......... .......... .......... 94% 27,7M 0s
   400K .......... .......... ..                              100%  696M=0,05s

2026-09-01 15:13:31 (9,10 MB/s) - ‘costruisciearreda-static/costruisciearreda.it/wp-content/uploads/2024/06/DSC03215-scaled.jpg’ salvato [433132/433132]

--2026-09-01 15:13:31--  https://costruisciearreda.it/wp-content/uploads/2024/06/DSC03223-scaled.jpg
Riutilizzo della connessione esistente a costruisciearreda.it:443.
Richiesta HTTP inviata, in attesa di risposta... 200 OK
Lunghezza: 453894 (443K) [image/jpeg]
Salvataggio in: ‘costruisciearreda-static/costruisciearreda.it/wp-content/uploads/2024/06/DSC03223-scaled.jpg’

     0K .......... .......... .......... .......... .......... 11%  361M 0s
    50K .......... .......... .......... .......... .......... 22% 18,2M 0s
   100K .......... .......... .......... .......... .......... 33% 23,9M 0s
   150K .......... .......... .......... .......... .......... 45%  515M 0s
   200K .......... .......... .......... .......... .......... 56% 2,48M 0s
   250K .......... .......... .......... .......... .......... 67%  460M 0s
   300K .......... .......... .......... .......... .......... 78%  538M 0s
   350K .......... .......... .......... .......... .......... 90% 7,96M 0s
   400K .......... .......... .......... .......... ...       100% 2,74M=0,05s

2026-09-01 15:13:31 (9,33 MB/s) - ‘costruisciearreda-static/costruisciearreda.it/wp-content/uploads/2024/06/DSC03223-scaled.jpg’ salvato [453894/453894]

--2026-09-01 15:13:31--  https://costruisciearreda.it/wp-content/uploads/2024/06/DSC03226-scaled.jpg
Riutilizzo della connessione esistente a costruisciearreda.it:443.
Richiesta HTTP inviata, in attesa di risposta... 200 OK
Lunghezza: 395281 (386K) [image/jpeg]
Salvataggio in: ‘costruisciearreda-static/costruisciearreda.it/wp-content/uploads/2024/06/DSC03226-scaled.jpg’

     0K .......... .......... .......... .......... .......... 12%  408M 0s
    50K .......... .......... .......... .......... .......... 25% 26,4M 0s
   100K .......... .......... .......... .......... .......... 38% 18,7M 0s
   150K .......... .......... .......... .......... .......... 51%  129M 0s
   200K .......... .......... .......... .......... .......... 64% 2,25M 0s
   250K .......... .......... .......... .......... .......... 77% 29,2M 0s
   300K .......... .......... .......... .......... .......... 90% 11,2M 0s
   350K .......... .......... .......... ......               100% 50,4M=0,03s

2026-09-01 15:13:31 (11,3 MB/s) - ‘costruisciearreda-static/costruisciearreda.it/wp-content/uploads/2024/06/DSC03226-scaled.jpg’ salvato [395281/395281]

--2026-09-01 15:13:31--  https://costruisciearreda.it/wp-content/uploads/2024/06/DSC03229-scaled.jpg
Riutilizzo della connessione esistente a costruisciearreda.it:443.
Richiesta HTTP inviata, in attesa di risposta... 200 OK
Lunghezza: 443236 (433K) [image/jpeg]
Salvataggio in: ‘costruisciearreda-static/costruisciearreda.it/wp-content/uploads/2024/06/DSC03229-scaled.jpg’

     0K .......... .......... .......... .......... .......... 11%  566M 0s
    50K .......... .......... .......... .......... .......... 23% 13,6M 0s
   100K .......... .......... .......... .......... .......... 34% 23,0M 0s
   150K .......... .......... .......... .......... .......... 46%  778M 0s
   200K .......... .......... .......... .......... .......... 57% 3,18M 0s
   250K .......... .......... .......... .......... .......... 69% 6,94M 0s
   300K .......... .......... .......... .......... .......... 80%  769M 0s
   350K .......... .......... .......... .......... .......... 92% 30,5M 0s
   400K .......... .......... .......... ..                   100% 2,57M=0,04s

2026-09-01 15:13:31 (9,97 MB/s) - ‘costruisciearreda-static/costruisciearreda.it/wp-content/uploads/2024/06/DSC03229-scaled.jpg’ salvato [443236/443236]

--2026-09-01 15:13:31--  https://costruisciearreda.it/wp-content/uploads/2024/06/DSC03237-scaled.jpg
Riutilizzo della connessione esistente a costruisciearreda.it:443.
Richiesta HTTP inviata, in attesa di risposta... 200 OK
Lunghezza: 483085 (472K) [image/jpeg]
Salvataggio in: ‘costruisciearreda-static/costruisciearreda.it/wp-content/uploads/2024/06/DSC03237-scaled.jpg’

     0K .......... .......... .......... .......... .......... 10% 50,0M 0s
    50K .......... .......... .......... .......... .......... 21% 33,5M 0s
   100K .......... .......... .......... .......... .......... 31% 16,9M 0s
   150K .......... .......... .......... .......... .......... 42%  750M 0s
   200K .......... .......... .......... .......... .......... 52% 2,06M 0s
   250K .......... .......... .......... .......... .......... 63%  487M 0s
   300K .......... .......... .......... .......... .......... 74%  873M 0s
   350K .......... .......... .......... .......... .......... 84% 19,7M 0s
   400K .......... .......... .......... .......... .......... 95% 2,99M 0s
   450K .......... .......... .                               100%  361M=0,05s

2026-09-01 15:13:31 (9,59 MB/s) - ‘costruisciearreda-static/costruisciearreda.it/wp-content/uploads/2024/06/DSC03237-scaled.jpg’ salvato [483085/483085]

--2026-09-01 15:13:31--  https://costruisciearreda.it/wp-content/uploads/2024/06/DSC03241-scaled.jpg
Riutilizzo della connessione esistente a costruisciearreda.it:443.
Richiesta HTTP inviata, in attesa di risposta... 200 OK
Lunghezza: 390223 (381K) [image/jpeg]
Salvataggio in: ‘costruisciearreda-static/costruisciearreda.it/wp-content/uploads/2024/06/DSC03241-scaled.jpg’

     0K .......... .......... .......... .......... .......... 13% 6,46M 0s
    50K .......... .......... .......... .......... .......... 26%  725M 0s
   100K .......... .......... .......... .......... .......... 39%  732M 0s
   150K .......... .......... .......... .......... .......... 52% 40,8M 0s
   200K .......... .......... .......... .......... .......... 65% 2,66M 0s
   250K .......... .......... .......... .......... .......... 78% 26,4M 0s
   300K .......... .......... .......... .......... .......... 91% 31,2M 0s
   350K .......... .......... .......... .                    100%  655M=0,03s

2026-09-01 15:13:31 (12,1 MB/s) - ‘costruisciearreda-static/costruisciearreda.it/wp-content/uploads/2024/06/DSC03241-scaled.jpg’ salvato [390223/390223]

--2026-09-01 15:13:31--  https://costruisciearreda.it/wp-content/uploads/2024/06/DSC03245-scaled.jpg
Riutilizzo della connessione esistente a costruisciearreda.it:443.
Richiesta HTTP inviata, in attesa di risposta... 200 OK
Lunghezza: 286039 (279K) [image/jpeg]
Salvataggio in: ‘costruisciearreda-static/costruisciearreda.it/wp-content/uploads/2024/06/DSC03245-scaled.jpg’

     0K .......... .......... .......... .......... .......... 17% 12,3M 0s
    50K .......... .......... .......... .......... .......... 35%  498M 0s
   100K .......... .......... .......... .......... .......... 53%  213M 0s
   150K .......... .......... .......... .......... .......... 71% 56,4M 0s
   200K .......... .......... .......... .......... .......... 89% 2,56M 0s
   250K .......... .......... .........                       100% 14,0M=0,03s

2026-09-01 15:13:31 (10,4 MB/s) - ‘costruisciearreda-static/costruisciearreda.it/wp-content/uploads/2024/06/DSC03245-scaled.jpg’ salvato [286039/286039]

--2026-09-01 15:13:31--  https://costruisciearreda.it/wp-content/uploads/2024/06/DSC03251-scaled.jpg
Riutilizzo della connessione esistente a costruisciearreda.it:443.
Richiesta HTTP inviata, in attesa di risposta... 200 OK
Lunghezza: 365471 (357K) [image/jpeg]
Salvataggio in: ‘costruisciearreda-static/costruisciearreda.it/wp-content/uploads/2024/06/DSC03251-scaled.jpg’

     0K .......... .......... .......... .......... .......... 14%  123M 0s
    50K .......... .......... .......... .......... .......... 28% 30,2M 0s
   100K .......... .......... .......... .......... .......... 42% 13,8M 0s
   150K .......... .......... .......... .......... .......... 56% 16,9M 0s
   200K .......... .......... .......... .......... .......... 70% 2,60M 0s
   250K .......... .......... .......... .......... .......... 84% 19,1M 0s
   300K .......... .......... .......... .......... .......... 98% 84,2M 0s
   350K ......                                                100%  502M=0,03s

2026-09-01 15:13:31 (11,5 MB/s) - ‘costruisciearreda-static/costruisciearreda.it/wp-content/uploads/2024/06/DSC03251-scaled.jpg’ salvato [365471/365471]

--2026-09-01 15:13:31--  https://costruisciearreda.it/wp-content/uploads/2024/06/DSC03255-scaled.jpg
Riutilizzo della connessione esistente a costruisciearreda.it:443.
Richiesta HTTP inviata, in attesa di risposta... 200 OK
Lunghezza: 268831 (263K) [image/jpeg]
Salvataggio in: ‘costruisciearreda-static/costruisciearreda.it/wp-content/uploads/2024/06/DSC03255-scaled.jpg’

     0K .......... .......... .......... .......... .......... 19% 12,5M 0s
    50K .......... .......... .......... .......... .......... 38%  704M 0s
   100K .......... .......... .......... .......... .......... 57%  641M 0s
   150K .......... .......... .......... .......... .......... 76% 32,0M 0s
   200K .......... .......... .......... .......... .......... 95% 2,59M 0s
   250K .......... ..                                         100%  442M=0,02s

2026-09-01 15:13:31 (10,5 MB/s) - ‘costruisciearreda-static/costruisciearreda.it/wp-content/uploads/2024/06/DSC03255-scaled.jpg’ salvato [268831/268831]

--2026-09-01 15:13:31--  https://costruisciearreda.it/wp-content/uploads/2024/06/DSC03265-scaled.jpg
Riutilizzo della connessione esistente a costruisciearreda.it:443.
Richiesta HTTP inviata, in attesa di risposta... 200 OK
Lunghezza: 401446 (392K) [image/jpeg]
Salvataggio in: ‘costruisciearreda-static/costruisciearreda.it/wp-content/uploads/2024/06/DSC03265-scaled.jpg’

     0K .......... .......... .......... .......... .......... 12%  102M 0s
    50K .......... .......... .......... .......... .......... 25% 9,04M 0s
   100K .......... .......... .......... .......... .......... 38%  464M 0s
   150K .......... .......... .......... .......... .......... 51%  555M 0s
   200K .......... .......... .......... .......... .......... 63% 3,65M 0s
   250K .......... .......... .......... .......... .......... 76% 5,22M 0s
   300K .......... .......... .......... .......... .......... 89% 11,4M 0s
   350K .......... .......... .......... .......... ..        100% 97,5M=0,03s

2026-09-01 15:13:31 (11,4 MB/s) - ‘costruisciearreda-static/costruisciearreda.it/wp-content/uploads/2024/06/DSC03265-scaled.jpg’ salvato [401446/401446]

--2026-09-01 15:13:31--  https://costruisciearreda.it/wp-content/uploads/2024/06/DSC03276-scaled.jpg
Riutilizzo della connessione esistente a costruisciearreda.it:443.
Richiesta HTTP inviata, in attesa di risposta... 200 OK
Lunghezza: 419021 (409K) [image/jpeg]
Salvataggio in: ‘costruisciearreda-static/costruisciearreda.it/wp-content/uploads/2024/06/DSC03276-scaled.jpg’

     0K .......... .......... .......... .......... .......... 12% 13,2M 0s
    50K .......... .......... .......... .......... .......... 24% 12,3M 0s
   100K .......... .......... .......... .......... .......... 36%  464M 0s
   150K .......... .......... .......... .......... .......... 48%  571M 0s
   200K .......... .......... .......... .......... .......... 61% 2,65M 0s
   250K .......... .......... .......... .......... .......... 73%  148M 0s
   300K .......... .......... .......... .......... .......... 85% 28,1M 0s
   350K .......... .......... .......... .......... .......... 97% 28,1M 0s
   400K .........                                             100%  554M=0,03s

2026-09-01 15:13:32 (13,3 MB/s) - ‘costruisciearreda-static/costruisciearreda.it/wp-content/uploads/2024/06/DSC03276-scaled.jpg’ salvato [419021/419021]

--2026-09-01 15:13:32--  https://costruisciearreda.it/wp-content/uploads/2024/06/DSC03279-scaled.jpg
Riutilizzo della connessione esistente a costruisciearreda.it:443.
Richiesta HTTP inviata, in attesa di risposta... 200 OK
Lunghezza: 396063 (387K) [image/jpeg]
Salvataggio in: ‘costruisciearreda-static/costruisciearreda.it/wp-content/uploads/2024/06/DSC03279-scaled.jpg’

     0K .......... .......... .......... .......... .......... 12% 7,56M 0s
    50K .......... .......... .......... .......... .......... 25% 12,1M 0s
   100K .......... .......... .......... .......... .......... 38%  115M 0s
   150K .......... .......... .......... .......... .......... 51%  578M 0s
   200K .......... .......... .......... .......... .......... 64% 5,78M 0s
   250K .......... .......... .......... .......... .......... 77% 4,76M 0s
   300K .......... .......... .......... .......... .......... 90% 19,3M 0s
   350K .......... .......... .......... ......               100%  319M=0,03s

2026-09-01 15:13:32 (11,7 MB/s) - ‘costruisciearreda-static/costruisciearreda.it/wp-content/uploads/2024/06/DSC03279-scaled.jpg’ salvato [396063/396063]

--2026-09-01 15:13:32--  https://costruisciearreda.it/wp-content/uploads/2024/06/DSC03280-scaled.jpg
Riutilizzo della connessione esistente a costruisciearreda.it:443.
Richiesta HTTP inviata, in attesa di risposta... 200 OK
Lunghezza: 335005 (327K) [image/jpeg]
Salvataggio in: ‘costruisciearreda-static/costruisciearreda.it/wp-content/uploads/2024/06/DSC03280-scaled.jpg’

     0K .......... .......... .......... .......... .......... 15% 42,3M 0s
    50K .......... .......... .......... .......... .......... 30% 28,1M 0s
   100K .......... .......... .......... .......... .......... 45% 13,6M 0s
   150K .......... .......... .......... .......... .......... 61%  486M 0s
   200K .......... .......... .......... .......... .......... 76% 1,49M 0s
   250K .......... .......... .......... .......... .......... 91% 23,6M 0s
   300K .......... .......... .......                         100%  451M=0,04s

2026-09-01 15:13:32 (7,71 MB/s) - ‘costruisciearreda-static/costruisciearreda.it/wp-content/uploads/2024/06/DSC03280-scaled.jpg’ salvato [335005/335005]

--2026-09-01 15:13:32--  https://costruisciearreda.it/wp-content/uploads/2024/06/DSC03282-scaled.jpg
Riutilizzo della connessione esistente a costruisciearreda.it:443.
Richiesta HTTP inviata, in attesa di risposta... 200 OK
Lunghezza: 449311 (439K) [image/jpeg]
Salvataggio in: ‘costruisciearreda-static/costruisciearreda.it/wp-content/uploads/2024/06/DSC03282-scaled.jpg’

     0K .......... .......... .......... .......... .......... 11% 15,3M 0s
    50K .......... .......... .......... .......... .......... 22% 6,50M 0s
   100K .......... .......... .......... .......... .......... 34%  549M 0s
   150K .......... .......... .......... .......... .......... 45% 25,0M 0s
   200K .......... .......... .......... .......... .......... 56% 3,98M 0s
   250K .......... .......... .......... .......... .......... 68% 10,2M 0s
   300K .......... .......... .......... .......... .......... 79% 32,9M 0s
   350K .......... .......... .......... .......... .......... 91% 30,6M 0s
   400K .......... .......... .......... ........             100% 40,1M=0,03s

2026-09-01 15:13:32 (12,7 MB/s) - ‘costruisciearreda-static/costruisciearreda.it/wp-content/uploads/2024/06/DSC03282-scaled.jpg’ salvato [449311/449311]

--2026-09-01 15:13:32--  https://costruisciearreda.it/wp-content/uploads/2024/06/DSC03294-scaled.jpg
Riutilizzo della connessione esistente a costruisciearreda.it:443.
Richiesta HTTP inviata, in attesa di risposta... 200 OK
Lunghezza: 461582 (451K) [image/jpeg]
Salvataggio in: ‘costruisciearreda-static/costruisciearreda.it/wp-content/uploads/2024/06/DSC03294-scaled.jpg’

     0K .......... .......... .......... .......... .......... 11% 17,1M 0s
    50K .......... .......... .......... .......... .......... 22% 8,29M 0s
   100K .......... .......... .......... .......... .......... 33%  362M 0s
   150K .......... .......... .......... .......... .......... 44%  510M 0s
   200K .......... .......... .......... .......... .......... 55% 3,91M 0s
   250K .......... .......... .......... .......... .......... 66% 8,31M 0s
   300K .......... .......... .......... .......... .......... 77% 50,4M 0s
   350K .......... .......... .......... .......... .......... 88% 21,8M 0s
   400K .......... .......... .......... .......... .......... 99% 49,0M 0s
   450K                                                       100% 1,42T=0,03s

2026-09-01 15:13:32 (14,0 MB/s) - ‘costruisciearreda-static/costruisciearreda.it/wp-content/uploads/2024/06/DSC03294-scaled.jpg’ salvato [461582/461582]

--2026-09-01 15:13:32--  https://costruisciearreda.it/wp-content/uploads/2024/06/DSC03299-scaled.jpg
Riutilizzo della connessione esistente a costruisciearreda.it:443.
Richiesta HTTP inviata, in attesa di risposta... 200 OK
Lunghezza: 230571 (225K) [image/jpeg]
Salvataggio in: ‘costruisciearreda-static/costruisciearreda.it/wp-content/uploads/2024/06/DSC03299-scaled.jpg’

     0K .......... .......... .......... .......... .......... 22% 39,6M 0s
    50K .......... .......... .......... .......... .......... 44% 25,4M 0s
   100K .......... .......... .......... .......... .......... 66% 15,3M 0s
   150K .......... .......... .......... .......... .......... 88%  628M 0s
   200K .......... .......... .....                           100%  668M=0,006s

2026-09-01 15:13:32 (34,0 MB/s) - ‘costruisciearreda-static/costruisciearreda.it/wp-content/uploads/2024/06/DSC03299-scaled.jpg’ salvato [230571/230571]

--2026-09-01 15:13:32--  https://costruisciearreda.it/wp-content/uploads/2024/06/DSC03301-scaled.jpg
Riutilizzo della connessione esistente a costruisciearreda.it:443.
Richiesta HTTP inviata, in attesa di risposta... 200 OK
Lunghezza: 447766 (437K) [image/jpeg]
Salvataggio in: ‘costruisciearreda-static/costruisciearreda.it/wp-content/uploads/2024/06/DSC03301-scaled.jpg’

     0K .......... .......... .......... .......... .......... 11% 10,7M 0s
    50K .......... .......... .......... .......... .......... 22% 16,3M 0s
   100K .......... .......... .......... .......... .......... 34%  453M 0s
   150K .......... .......... .......... .......... .......... 45% 21,2M 0s
   200K .......... .......... .......... .......... .......... 57% 2,93M 0s
   250K .......... .......... .......... .......... .......... 68% 51,0M 0s
   300K .......... .......... .......... .......... .......... 80% 25,3M 0s
   350K .......... .......... .......... .......... .......... 91% 21,4M 0s
   400K .......... .......... .......... .......              100%  653M=0,03s

2026-09-01 15:13:32 (13,4 MB/s) - ‘costruisciearreda-static/costruisciearreda.it/wp-content/uploads/2024/06/DSC03301-scaled.jpg’ salvato [447766/447766]

--2026-09-01 15:13:32--  https://costruisciearreda.it/wp-content/uploads/2024/06/DSC03304-scaled.jpg
Riutilizzo della connessione esistente a costruisciearreda.it:443.
Richiesta HTTP inviata, in attesa di risposta... 200 OK
Lunghezza: 326673 (319K) [image/jpeg]
Salvataggio in: ‘costruisciearreda-static/costruisciearreda.it/wp-content/uploads/2024/06/DSC03304-scaled.jpg’

     0K .......... .......... .......... .......... .......... 15% 18,6M 0s
    50K .......... .......... .......... .......... .......... 31% 4,42M 0s
   100K .......... .......... .......... .......... .......... 47%  554M 0s
   150K .......... .......... .......... .......... .......... 62%  880M 0s
   200K .......... .......... .......... .......... .......... 78% 9,02M 0s
   250K .......... .......... .......... .......... .......... 94% 6,10M 0s
   300K .......... .........                                  100%  744M=0,03s

2026-09-01 15:13:32 (11,4 MB/s) - ‘costruisciearreda-static/costruisciearreda.it/wp-content/uploads/2024/06/DSC03304-scaled.jpg’ salvato [326673/326673]

--2026-09-01 15:13:32--  https://costruisciearreda.it/wp-content/uploads/2024/06/DSC03309-scaled.jpg
Riutilizzo della connessione esistente a costruisciearreda.it:443.
Richiesta HTTP inviata, in attesa di risposta... 200 OK
Lunghezza: 325821 (318K) [image/jpeg]
Salvataggio in: ‘costruisciearreda-static/costruisciearreda.it/wp-content/uploads/2024/06/DSC03309-scaled.jpg’

     0K .......... .......... .......... .......... .......... 15% 37,0M 0s
    50K .......... .......... .......... .......... .......... 31% 12,2M 0s
   100K .......... .......... .......... .......... .......... 47% 31,4M 0s
   150K .......... .......... .......... .......... .......... 62%  326M 0s
   200K .......... .......... .......... .......... .......... 78% 1,95M 0s
   250K .......... .......... .......... .......... .......... 94% 18,0M 0s
   300K .......... ........                                   100%  125M=0,03s

2026-09-01 15:13:32 (8,92 MB/s) - ‘costruisciearreda-static/costruisciearreda.it/wp-content/uploads/2024/06/DSC03309-scaled.jpg’ salvato [325821/325821]

--2026-09-01 15:13:32--  https://costruisciearreda.it/wp-content/uploads/2024/06/DSC03315-scaled.jpg
Riutilizzo della connessione esistente a costruisciearreda.it:443.
Richiesta HTTP inviata, in attesa di risposta... 200 OK
Lunghezza: 626110 (611K) [image/jpeg]
Salvataggio in: ‘costruisciearreda-static/costruisciearreda.it/wp-content/uploads/2024/06/DSC03315-scaled.jpg’

     0K .......... .......... .......... .......... ..........  8% 8,35M 0s
    50K .......... .......... .......... .......... .......... 16% 5,35M 0s
   100K .......... .......... .......... .......... .......... 24%  625M 0s
   150K .......... .......... .......... .......... .......... 32%  827M 0s
   200K .......... .......... .......... .......... .......... 40% 7,56M 0s
   250K .......... .......... .......... .......... .......... 49% 3,97M 0s
   300K .......... .......... .......... .......... .......... 57% 43,6M 0s
   350K .......... .......... .......... .......... .......... 65% 31,3M 0s
   400K .......... .......... .......... .......... .......... 73% 26,9M 0s
   450K .......... .......... .......... .......... .......... 81% 20,7M 0s
   500K .......... .......... .......... .......... .......... 89% 2,72M 0s
   550K .......... .......... .......... .......... .......... 98% 45,0M 0s
   600K .......... .                                          100%  464M=0,06s

2026-09-01 15:13:32 (9,99 MB/s) - ‘costruisciearreda-static/costruisciearreda.it/wp-content/uploads/2024/06/DSC03315-scaled.jpg’ salvato [626110/626110]

--2026-09-01 15:13:32--  https://costruisciearreda.it/wp-content/uploads/2024/06/DSC03320-scaled.jpg
Riutilizzo della connessione esistente a costruisciearreda.it:443.
Richiesta HTTP inviata, in attesa di risposta... 200 OK
Lunghezza: 789646 (771K) [image/jpeg]
Salvataggio in: ‘costruisciearreda-static/costruisciearreda.it/wp-content/uploads/2024/06/DSC03320-scaled.jpg’

     0K .......... .......... .......... .......... ..........  6% 34,5M 0s
    50K .......... .......... .......... .......... .......... 12% 39,9M 0s
   100K .......... .......... .......... .......... .......... 19% 14,2M 0s
   150K .......... .......... .......... .......... .......... 25%  370M 0s
   200K .......... .......... .......... .......... .......... 32% 2,65M 0s
   250K .......... .......... .......... .......... .......... 38% 13,1M 0s
   300K .......... .......... .......... .......... .......... 45% 13,3M 0s
   350K .......... .......... .......... .......... .......... 51%  497M 0s
   400K .......... .......... .......... .......... .......... 58%  698M 0s
   450K .......... .......... .......... .......... .......... 64% 4,14M 0s
   500K .......... .......... .......... .......... .......... 71% 7,02M 0s
   550K .......... .......... .......... .......... .......... 77% 19,5M 0s
   600K .......... .......... .......... .......... .......... 84% 19,6M 0s
   650K .......... .......... .......... .......... .......... 90%  727M 0s
   700K .......... .......... .......... .......... .......... 97% 6,40M 0s
   750K .......... .......... .                               100% 15,1M=0,06s

2026-09-01 15:13:32 (11,6 MB/s) - ‘costruisciearreda-static/costruisciearreda.it/wp-content/uploads/2024/06/DSC03320-scaled.jpg’ salvato [789646/789646]

--2026-09-01 15:13:32--  https://costruisciearreda.it/wp-content/uploads/2024/06/DSC03325-scaled.jpg
Riutilizzo della connessione esistente a costruisciearreda.it:443.
Richiesta HTTP inviata, in attesa di risposta... 200 OK
Lunghezza: 389294 (380K) [image/jpeg]
Salvataggio in: ‘costruisciearreda-static/costruisciearreda.it/wp-content/uploads/2024/06/DSC03325-scaled.jpg’

     0K .......... .......... .......... .......... .......... 13% 32,4M 0s
    50K .......... .......... .......... .......... .......... 26% 10,6M 0s
   100K .......... .......... .......... .......... .......... 39%  449M 0s
   150K .......... .......... .......... .......... .......... 52%  814M 0s
   200K .......... .......... .......... .......... .......... 65% 2,60M 0s
   250K .......... .......... .......... .......... .......... 78% 27,9M 0s
   300K .......... .......... .......... .......... .......... 92% 30,9M 0s
   350K .......... .......... ..........                      100%  515M=0,03s

2026-09-01 15:13:32 (13,1 MB/s) - ‘costruisciearreda-static/costruisciearreda.it/wp-content/uploads/2024/06/DSC03325-scaled.jpg’ salvato [389294/389294]

--2026-09-01 15:13:32--  https://costruisciearreda.it/wp-content/uploads/2024/06/DSC03329-scaled.jpg
Riutilizzo della connessione esistente a costruisciearreda.it:443.
Richiesta HTTP inviata, in attesa di risposta... 200 OK
Lunghezza: 848902 (829K) [image/jpeg]
Salvataggio in: ‘costruisciearreda-static/costruisciearreda.it/wp-content/uploads/2024/06/DSC03329-scaled.jpg’

     0K .......... .......... .......... .......... ..........  6% 21,6M 0s
    50K .......... .......... .......... .......... .......... 12% 14,0M 0s
   100K .......... .......... .......... .......... .......... 18%  437M 0s
   150K .......... .......... .......... .......... .......... 24% 34,5M 0s
   200K .......... .......... .......... .......... .......... 30% 2,57M 0s
   250K .......... .......... .......... .......... .......... 36% 20,9M 0s
   300K .......... .......... .......... .......... .......... 42% 12,9M 0s
   350K .......... .......... .......... .......... .......... 48%  315M 0s
   400K .......... .......... .......... .......... .......... 54%  512M 0s
   450K .......... .......... .......... .......... .......... 60% 2,55M 0s
   500K .......... .......... .......... .......... .......... 66% 17,1M 0s
   550K .......... .......... .......... .......... .......... 72% 12,9M 0s
   600K .......... .......... .......... .......... .......... 78%  700M 0s
   650K .......... .......... .......... .......... .......... 84% 20,7M 0s
   700K .......... .......... .......... .......... .......... 90% 2,97M 0s
   750K .......... .......... .......... .......... .......... 96% 49,5M 0s
   800K .......... .......... .........                       100%  472M=0,08s

2026-09-01 15:13:32 (10,3 MB/s) - ‘costruisciearreda-static/costruisciearreda.it/wp-content/uploads/2024/06/DSC03329-scaled.jpg’ salvato [848902/848902]

--2026-09-01 15:13:32--  https://costruisciearreda.it/wp-content/uploads/2024/06/DSC03335-scaled.jpg
Connessione a costruisciearreda.it (costruisciearreda.it)|89.40.173.77|:443... connesso.
Richiesta HTTP inviata, in attesa di risposta... 200 OK
Lunghezza: 781024 (763K) [image/jpeg]
Salvataggio in: ‘costruisciearreda-static/costruisciearreda.it/wp-content/uploads/2024/06/DSC03335-scaled.jpg’

     0K .......... .......... .......... .......... ..........  6% 1,33M 1s
    50K .......... .......... .......... .......... .......... 13% 2,67M 0s
   100K .......... .......... .......... .......... .......... 19% 18,6M 0s
   150K .......... .......... .......... .......... .......... 26% 2,99M 0s
   200K .......... .......... .......... .......... .......... 32% 9,63M 0s
   250K .......... .......... .......... .......... .......... 39%  700M 0s
   300K .......... .......... .......... .......... .......... 45% 3,64M 0s
   350K .......... .......... .......... .......... .......... 52% 15,7M 0s
   400K .......... .......... .......... .......... .......... 58% 14,9M 0s
   450K .......... .......... .......... .......... .......... 65% 20,0M 0s
   500K .......... .......... .......... .......... .......... 72%  741M 0s
   550K .......... .......... .......... .......... .......... 78% 3,80M 0s
   600K .......... .......... .......... .......... .......... 85% 10,9M 0s
   650K .......... .......... .......... .......... .......... 91% 80,1M 0s
   700K .......... .......... .......... .......... .......... 98% 25,7M 0s
   750K .......... ..                                         100%  926M=0,1s

2026-09-01 15:13:33 (6,15 MB/s) - ‘costruisciearreda-static/costruisciearreda.it/wp-content/uploads/2024/06/DSC03335-scaled.jpg’ salvato [781024/781024]

--2026-09-01 15:13:33--  https://costruisciearreda.it/wp-content/uploads/2024/06/DSC03340-scaled.jpg
Riutilizzo della connessione esistente a costruisciearreda.it:443.
Richiesta HTTP inviata, in attesa di risposta... 200 OK
Lunghezza: 531929 (519K) [image/jpeg]
Salvataggio in: ‘costruisciearreda-static/costruisciearreda.it/wp-content/uploads/2024/06/DSC03340-scaled.jpg’

     0K .......... .......... .......... .......... ..........  9%  434M 0s
    50K .......... .......... .......... .......... .......... 19%  700M 0s
   100K .......... .......... .......... .......... .......... 28%  637M 0s
   150K .......... .......... .......... .......... .......... 38%  841M 0s
   200K .......... .......... .......... .......... .......... 48% 15,1M 0s
   250K .......... .......... .......... .......... .......... 57%  757M 0s
   300K .......... .......... .......... .......... .......... 67% 4,18M 0s
   350K .......... .......... .......... .......... .......... 77% 26,1M 0s
   400K .......... .......... .......... .......... .......... 86% 11,6M 0s
   450K .......... .......... .......... .......... .......... 96%  665M 0s
   500K .......... .........                                  100%  866M=0,02s

2026-09-01 15:13:33 (23,6 MB/s) - ‘costruisciearreda-static/costruisciearreda.it/wp-content/uploads/2024/06/DSC03340-scaled.jpg’ salvato [531929/531929]

--2026-09-01 15:13:33--  https://costruisciearreda.it/wp-content/uploads/2024/06/DSC03347-scaled.jpg
Riutilizzo della connessione esistente a costruisciearreda.it:443.
Richiesta HTTP inviata, in attesa di risposta... 200 OK
Lunghezza: 474314 (463K) [image/jpeg]
Salvataggio in: ‘costruisciearreda-static/costruisciearreda.it/wp-content/uploads/2024/06/DSC03347-scaled.jpg’

     0K .......... .......... .......... .......... .......... 10% 41,3M 0s
    50K .......... .......... .......... .......... .......... 21% 30,4M 0s
   100K .......... .......... .......... .......... .......... 32% 12,1M 0s
   150K .......... .......... .......... .......... .......... 43%  775M 0s
   200K .......... .......... .......... .......... .......... 53% 18,8M 0s
   250K .......... .......... .......... .......... .......... 64% 41,9M 0s
   300K .......... .......... .......... .......... .......... 75% 5,59M 0s
   350K .......... .......... .......... .......... .......... 86% 7,14M 0s
   400K .......... .......... .......... .......... .......... 97% 28,2M 0s
   450K .......... ...                                        100%  564M=0,03s

2026-09-01 15:13:33 (16,2 MB/s) - ‘costruisciearreda-static/costruisciearreda.it/wp-content/uploads/2024/06/DSC03347-scaled.jpg’ salvato [474314/474314]

--2026-09-01 15:13:33--  https://costruisciearreda.it/wp-content/uploads/2024/06/DSC03366-scaled.jpg
Riutilizzo della connessione esistente a costruisciearreda.it:443.
Richiesta HTTP inviata, in attesa di risposta... 200 OK
Lunghezza: 431376 (421K) [image/jpeg]
Salvataggio in: ‘costruisciearreda-static/costruisciearreda.it/wp-content/uploads/2024/06/DSC03366-scaled.jpg’

     0K .......... .......... .......... .......... .......... 11%  139M 0s
    50K .......... .......... .......... .......... .......... 23% 8,33M 0s
   100K .......... .......... .......... .......... .......... 35%  402M 0s
   150K .......... .......... .......... .......... .......... 47%  792M 0s
   200K .......... .......... .......... .......... .......... 59% 10,2M 0s
   250K .......... .......... .......... .......... .......... 71% 34,4M 0s
   300K .......... .......... .......... .......... .......... 83% 7,52M 0s
   350K .......... .......... .......... .......... .......... 94% 9,08M 0s
   400K .......... .......... .                               100% 17,7M=0,03s

2026-09-01 15:13:33 (16,0 MB/s) - ‘costruisciearreda-static/costruisciearreda.it/wp-content/uploads/2024/06/DSC03366-scaled.jpg’ salvato [431376/431376]

--2026-09-01 15:13:33--  https://costruisciearreda.it/wp-content/uploads/2024/06/DSC03370-scaled.jpg
Riutilizzo della connessione esistente a costruisciearreda.it:443.
Richiesta HTTP inviata, in attesa di risposta... 200 OK
Lunghezza: 368150 (360K) [image/jpeg]
Salvataggio in: ‘costruisciearreda-static/costruisciearreda.it/wp-content/uploads/2024/06/DSC03370-scaled.jpg’

     0K .......... .......... .......... .......... .......... 13% 89,5M 0s
    50K .......... .......... .......... .......... .......... 27% 9,02M 0s
   100K .......... .......... .......... .......... .......... 41%  355M 0s
   150K .......... .......... .......... .......... .......... 55%  844M 0s
   200K .......... .......... .......... .......... .......... 69% 18,0M 0s
   250K .......... .......... .......... .......... .......... 83% 22,0M 0s
   300K .......... .......... .......... .......... .......... 97%  420M 0s
   350K .........                                             100%  725K=0,02s

2026-09-01 15:13:33 (14,4 MB/s) - ‘costruisciearreda-static/costruisciearreda.it/wp-content/uploads/2024/06/DSC03370-scaled.jpg’ salvato [368150/368150]

--2026-09-01 15:13:33--  https://costruisciearreda.it/store/via-martiri-della-liberta-na/
Riutilizzo della connessione esistente a costruisciearreda.it:443.
Richiesta HTTP inviata, in attesa di risposta... 200 OK
Lunghezza: non specificato [text/html]
Salvataggio in: ‘costruisciearreda-static/costruisciearreda.it/store/via-martiri-della-liberta-na/index.html’

     0K .......... .......... .......... .......... ..........  565M
    50K .......... .......... .......... .......... .......... 23,4M
   100K .......... .......... .......... .......... ........    725M=0,002s

2026-09-01 15:13:33 (64,9 MB/s) - ‘costruisciearreda-static/costruisciearreda.it/store/via-martiri-della-liberta-na/index.html’ salvato [152160]

--2026-09-01 15:13:33--  https://costruisciearreda.it/wp-content/uploads/2024/06/DSC06147-scaled.jpg
Riutilizzo della connessione esistente a costruisciearreda.it:443.
Richiesta HTTP inviata, in attesa di risposta... 200 OK
Lunghezza: 311156 (304K) [image/jpeg]
Salvataggio in: ‘costruisciearreda-static/costruisciearreda.it/wp-content/uploads/2024/06/DSC06147-scaled.jpg’

     0K .......... .......... .......... .......... .......... 16% 15,0M 0s
    50K .......... .......... .......... .......... .......... 32%  457M 0s
   100K .......... .......... .......... .......... .......... 49% 17,0M 0s
   150K .......... .......... .......... .......... .......... 65%  767M 0s
   200K .......... .......... .......... .......... .......... 82% 26,0M 0s
   250K .......... .......... .......... .......... .......... 98%  696M 0s
   300K ...                                                   100% 7,20T=0,008s

2026-09-01 15:13:33 (36,0 MB/s) - ‘costruisciearreda-static/costruisciearreda.it/wp-content/uploads/2024/06/DSC06147-scaled.jpg’ salvato [311156/311156]

--2026-09-01 15:13:33--  https://costruisciearreda.it/wp-content/uploads/2024/06/DSC06149-scaled.jpg
Riutilizzo della connessione esistente a costruisciearreda.it:443.
Richiesta HTTP inviata, in attesa di risposta... 200 OK
Lunghezza: 696170 (680K) [image/jpeg]
Salvataggio in: ‘costruisciearreda-static/costruisciearreda.it/wp-content/uploads/2024/06/DSC06149-scaled.jpg’

     0K .......... .......... .......... .......... ..........  7%  586M 0s
    50K .......... .......... .......... .......... .......... 14% 8,53M 0s
   100K .......... .......... .......... .......... .......... 22% 16,0M 0s
   150K .......... .......... .......... .......... .......... 29%  552M 0s
   200K .......... .......... .......... .......... .......... 36%  591M 0s
   250K .......... .......... .......... .......... .......... 44% 92,5M 0s
   300K .......... .......... .......... .......... .......... 51% 8,41M 0s
   350K .......... .......... .......... .......... .......... 58% 5,53M 0s
   400K .......... .......... .......... .......... .......... 66% 17,5M 0s
   450K .......... .......... .......... .......... .......... 73% 5,47M 0s
   500K .......... .......... .......... .......... .......... 80% 4,60M 0s
   550K .......... .......... .......... .......... .......... 88%  717M 0s
   600K .......... .......... .......... .......... .......... 95%  662M 0s
   650K .......... .......... .........                       100%  739M=0,05s

2026-09-01 15:13:33 (14,2 MB/s) - ‘costruisciearreda-static/costruisciearreda.it/wp-content/uploads/2024/06/DSC06149-scaled.jpg’ salvato [696170/696170]

--2026-09-01 15:13:33--  https://costruisciearreda.it/wp-content/uploads/2024/06/DSC06152-scaled.jpg
Riutilizzo della connessione esistente a costruisciearreda.it:443.
Richiesta HTTP inviata, in attesa di risposta... 200 OK
Lunghezza: 496966 (485K) [image/jpeg]
Salvataggio in: ‘costruisciearreda-static/costruisciearreda.it/wp-content/uploads/2024/06/DSC06152-scaled.jpg’

     0K .......... .......... .......... .......... .......... 10%  612M 0s
    50K .......... .......... .......... .......... .......... 20% 17,6M 0s
   100K .......... .......... .......... .......... .......... 30% 16,6M 0s
   150K .......... .......... .......... .......... .......... 41% 16,6M 0s
   200K .......... .......... .......... .......... .......... 51%  384M 0s
   250K .......... .......... .......... .......... .......... 61%  522M 0s
   300K .......... .......... .......... .......... .......... 72% 4,35M 0s
   350K .......... .......... .......... .......... .......... 82%  454M 0s
   400K .......... .......... .......... .......... .......... 92% 50,9M 0s
   450K .......... .......... .......... .....                100% 13,0M=0,02s

2026-09-01 15:13:33 (19,8 MB/s) - ‘costruisciearreda-static/costruisciearreda.it/wp-content/uploads/2024/06/DSC06152-scaled.jpg’ salvato [496966/496966]

--2026-09-01 15:13:33--  https://costruisciearreda.it/wp-content/uploads/2024/06/DSC06153-scaled.jpg
Riutilizzo della connessione esistente a costruisciearreda.it:443.
Richiesta HTTP inviata, in attesa di risposta... 200 OK
Lunghezza: 391335 (382K) [image/jpeg]
Salvataggio in: ‘costruisciearreda-static/costruisciearreda.it/wp-content/uploads/2024/06/DSC06153-scaled.jpg’

     0K .......... .......... .......... .......... .......... 13%  389M 0s
    50K .......... .......... .......... .......... .......... 26% 18,7M 0s
   100K .......... .......... .......... .......... .......... 39%  614M 0s
   150K .......... .......... .......... .......... .......... 52% 12,1M 0s
   200K .......... .......... .......... .......... .......... 65%  602M 0s
   250K .......... .......... .......... .......... .......... 78% 6,76M 0s
   300K .......... .......... .......... .......... .......... 91%  539M 0s
   350K .......... .......... .......... ..                   100%  727M=0,01s

2026-09-01 15:13:33 (26,1 MB/s) - ‘costruisciearreda-static/costruisciearreda.it/wp-content/uploads/2024/06/DSC06153-scaled.jpg’ salvato [391335/391335]

--2026-09-01 15:13:33--  https://costruisciearreda.it/wp-content/uploads/2024/06/DSC06154-scaled.jpg
Riutilizzo della connessione esistente a costruisciearreda.it:443.
Richiesta HTTP inviata, in attesa di risposta... 200 OK
Lunghezza: 488031 (477K) [image/jpeg]
Salvataggio in: ‘costruisciearreda-static/costruisciearreda.it/wp-content/uploads/2024/06/DSC06154-scaled.jpg’

     0K .......... .......... .......... .......... .......... 10% 19,9M 0s
    50K .......... .......... .......... .......... .......... 20%  438M 0s
   100K .......... .......... .......... .......... .......... 31% 17,0M 0s
   150K .......... .......... .......... .......... .......... 41%  520M 0s
   200K .......... .......... .......... .......... .......... 52% 12,9M 0s
   250K .......... .......... .......... .......... .......... 62%  459M 0s
   300K .......... .......... .......... .......... .......... 73% 19,1M 0s
   350K .......... .......... .......... .......... .......... 83%  429M 0s
   400K .......... .......... .......... .......... .......... 94% 4,12M 0s
   450K .......... .......... ......                          100%  358M=0,02s

2026-09-01 15:13:33 (19,4 MB/s) - ‘costruisciearreda-static/costruisciearreda.it/wp-content/uploads/2024/06/DSC06154-scaled.jpg’ salvato [488031/488031]

--2026-09-01 15:13:33--  https://costruisciearreda.it/wp-content/uploads/2024/06/DSC06159-scaled.jpg
Riutilizzo della connessione esistente a costruisciearreda.it:443.
Richiesta HTTP inviata, in attesa di risposta... 200 OK
Lunghezza: 473299 (462K) [image/jpeg]
Salvataggio in: ‘costruisciearreda-static/costruisciearreda.it/wp-content/uploads/2024/06/DSC06159-scaled.jpg’

     0K .......... .......... .......... .......... .......... 10%  423M 0s
    50K .......... .......... .......... .......... .......... 21% 5,74M 0s
   100K .......... .......... .......... .......... .......... 32%  435M 0s
   150K .......... .......... .......... .......... .......... 43%  550M 0s
   200K .......... .......... .......... .......... .......... 54% 22,5M 0s
   250K .......... .......... .......... .......... .......... 64%  551M 0s
   300K .......... .......... .......... .......... .......... 75% 16,8M 0s
   350K .......... .......... .......... .......... .......... 86% 38,6M 0s
   400K .......... .......... .......... .......... .......... 97%  547M 0s
   450K .......... ..                                         100% 5,04M=0,02s

2026-09-01 15:13:33 (25,5 MB/s) - ‘costruisciearreda-static/costruisciearreda.it/wp-content/uploads/2024/06/DSC06159-scaled.jpg’ salvato [473299/473299]

--2026-09-01 15:13:33--  https://costruisciearreda.it/wp-content/uploads/2024/06/DSC06164-scaled.jpg
Riutilizzo della connessione esistente a costruisciearreda.it:443.
Richiesta HTTP inviata, in attesa di risposta... 200 OK
Lunghezza: 506051 (494K) [image/jpeg]
Salvataggio in: ‘costruisciearreda-static/costruisciearreda.it/wp-content/uploads/2024/06/DSC06164-scaled.jpg’

     0K .......... .......... .......... .......... .......... 10%  555M 0s
    50K .......... .......... .......... .......... .......... 20%  743M 0s
   100K .......... .......... .......... .......... .......... 30% 21,4M 0s
   150K .......... .......... .......... .......... .......... 40%  553M 0s
   200K .......... .......... .......... .......... .......... 50% 17,4M 0s
   250K .......... .......... .......... .......... .......... 60%  566M 0s
   300K .......... .......... .......... .......... .......... 70% 12,0M 0s
   350K .......... .......... .......... .......... .......... 80%  425M 0s
   400K .......... .......... .......... .......... .......... 91% 18,9M 0s
   450K .......... .......... .......... .......... ....      100% 3,75M=0,02s

2026-09-01 15:13:33 (20,4 MB/s) - ‘costruisciearreda-static/costruisciearreda.it/wp-content/uploads/2024/06/DSC06164-scaled.jpg’ salvato [506051/506051]

--2026-09-01 15:13:33--  https://costruisciearreda.it/wp-content/uploads/2024/06/DSC06170-scaled.jpg
Riutilizzo della connessione esistente a costruisciearreda.it:443.
Richiesta HTTP inviata, in attesa di risposta... 200 OK
Lunghezza: 369705 (361K) [image/jpeg]
Salvataggio in: ‘costruisciearreda-static/costruisciearreda.it/wp-content/uploads/2024/06/DSC06170-scaled.jpg’

     0K .......... .......... .......... .......... .......... 13%  409M 0s
    50K .......... .......... .......... .......... .......... 27% 6,20M 0s
   100K .......... .......... .......... .......... .......... 41%  384M 0s
   150K .......... .......... .......... .......... .......... 55% 10,6M 0s
   200K .......... .......... .......... .......... .......... 69% 22,7M 0s
   250K .......... .......... .......... .......... .......... 83%  707M 0s
   300K .......... .......... .......... .......... .......... 96%  811M 0s
   350K .......... .                                          100%  553M=0,02s

2026-09-01 15:13:33 (23,5 MB/s) - ‘costruisciearreda-static/costruisciearreda.it/wp-content/uploads/2024/06/DSC06170-scaled.jpg’ salvato [369705/369705]

--2026-09-01 15:13:33--  https://costruisciearreda.it/wp-content/uploads/2024/06/DSC06178-scaled.jpg
Riutilizzo della connessione esistente a costruisciearreda.it:443.
Richiesta HTTP inviata, in attesa di risposta... 200 OK
Lunghezza: 483255 (472K) [image/jpeg]
Salvataggio in: ‘costruisciearreda-static/costruisciearreda.it/wp-content/uploads/2024/06/DSC06178-scaled.jpg’

     0K .......... .......... .......... .......... .......... 10%  478M 0s
    50K .......... .......... .......... .......... .......... 21%  739M 0s
   100K .......... .......... .......... .......... .......... 31% 18,6M 0s
   150K .......... .......... .......... .......... .......... 42%  622M 0s
   200K .......... .......... .......... .......... .......... 52%  619M 0s
   250K .......... .......... .......... .......... .......... 63% 27,8M 0s
   300K .......... .......... .......... .......... .......... 74% 24,3M 0s
   350K .......... .......... .......... .......... .......... 84% 13,7M 0s
   400K .......... .......... .......... .......... .......... 95% 54,2M 0s
   450K .......... .......... .                               100%  661M=0,01s

2026-09-01 15:13:33 (41,1 MB/s) - ‘costruisciearreda-static/costruisciearreda.it/wp-content/uploads/2024/06/DSC06178-scaled.jpg’ salvato [483255/483255]

--2026-09-01 15:13:33--  https://costruisciearreda.it/wp-content/uploads/2024/06/DSC06181-scaled.jpg
Riutilizzo della connessione esistente a costruisciearreda.it:443.
Richiesta HTTP inviata, in attesa di risposta... 200 OK
Lunghezza: 486376 (475K) [image/jpeg]
Salvataggio in: ‘costruisciearreda-static/costruisciearreda.it/wp-content/uploads/2024/06/DSC06181-scaled.jpg’

     0K .......... .......... .......... .......... .......... 10% 23,2M 0s
    50K .......... .......... .......... .......... .......... 21% 5,46M 0s
   100K .......... .......... .......... .......... .......... 31%  642M 0s
   150K .......... .......... .......... .......... .......... 42% 16,7M 0s
   200K .......... .......... .......... .......... .......... 52%  674M 0s
   250K .......... .......... .......... .......... .......... 63% 6,22M 0s
   300K .......... .......... .......... .......... .......... 73%  790M 0s
   350K .......... .......... .......... .......... .......... 84%  695M 0s
   400K .......... .......... .......... .......... .......... 94%  789M 0s
   450K .......... .......... ....                            100% 88,8M=0,02s

2026-09-01 15:13:33 (20,7 MB/s) - ‘costruisciearreda-static/costruisciearreda.it/wp-content/uploads/2024/06/DSC06181-scaled.jpg’ salvato [486376/486376]

--2026-09-01 15:13:33--  https://costruisciearreda.it/wp-content/uploads/2024/06/DSC06190-scaled.jpg
Riutilizzo della connessione esistente a costruisciearreda.it:443.
Richiesta HTTP inviata, in attesa di risposta... 200 OK
Lunghezza: 824725 (805K) [image/jpeg]
Salvataggio in: ‘costruisciearreda-static/costruisciearreda.it/wp-content/uploads/2024/06/DSC06190-scaled.jpg’

     0K .......... .......... .......... .......... ..........  6% 18,7M 0s
    50K .......... .......... .......... .......... .......... 12%  856M 0s
   100K .......... .......... .......... .......... .......... 18% 9,39M 0s
   150K .......... .......... .......... .......... .......... 24% 17,7M 0s
   200K .......... .......... .......... .......... .......... 31%  179M 0s
   250K .......... .......... .......... .......... .......... 37%  541M 0s
   300K .......... .......... .......... .......... .......... 43% 10,7M 0s
   350K .......... .......... .......... .......... .......... 49% 28,2M 0s
   400K .......... .......... .......... .......... .......... 55%  561M 0s
   450K .......... .......... .......... .......... .......... 62% 1,59M 0s
   500K .......... .......... .......... .......... .......... 68%  494M 0s
   550K .......... .......... .......... .......... .......... 74%  563M 0s
   600K .......... .......... .......... .......... .......... 80%  486M 0s
   650K .......... .......... .......... .......... .......... 86%  592M 0s
   700K .......... .......... .......... .......... .......... 93%  525M 0s
   750K .......... .......... .......... .......... .......... 99%  593M 0s
   800K .....                                                 100%  355M=0,05s

2026-09-01 15:13:34 (16,1 MB/s) - ‘costruisciearreda-static/costruisciearreda.it/wp-content/uploads/2024/06/DSC06190-scaled.jpg’ salvato [824725/824725]

--2026-09-01 15:13:34--  https://costruisciearreda.it/wp-content/uploads/2024/06/DSC06194-scaled.jpg
Riutilizzo della connessione esistente a costruisciearreda.it:443.
Richiesta HTTP inviata, in attesa di risposta... 200 OK
Lunghezza: 358244 (350K) [image/jpeg]
Salvataggio in: ‘costruisciearreda-static/costruisciearreda.it/wp-content/uploads/2024/06/DSC06194-scaled.jpg’

     0K .......... .......... .......... .......... .......... 14%  429M 0s
    50K .......... .......... .......... .......... .......... 28% 15,1M 0s
   100K .......... .......... .......... .......... .......... 42% 18,0M 0s
   150K .......... .......... .......... .......... .......... 57%  471M 0s
   200K .......... .......... .......... .......... .......... 71%  505M 0s
   250K .......... .......... .......... .......... .......... 85% 17,7M 0s
   300K .......... .......... .......... .......... ......... 100%  449M=0,009s

2026-09-01 15:13:34 (37,5 MB/s) - ‘costruisciearreda-static/costruisciearreda.it/wp-content/uploads/2024/06/DSC06194-scaled.jpg’ salvato [358244/358244]

--2026-09-01 15:13:34--  https://costruisciearreda.it/wp-content/uploads/2024/06/DSC06197-scaled.jpg
Riutilizzo della connessione esistente a costruisciearreda.it:443.
Richiesta HTTP inviata, in attesa di risposta... 200 OK
Lunghezza: 569559 (556K) [image/jpeg]
Salvataggio in: ‘costruisciearreda-static/costruisciearreda.it/wp-content/uploads/2024/06/DSC06197-scaled.jpg’

     0K .......... .......... .......... .......... ..........  8%  405M 0s
    50K .......... .......... .......... .......... .......... 17% 17,2M 0s
   100K .......... .......... .......... .......... .......... 26% 15,6M 0s
   150K .......... .......... .......... .......... .......... 35%  687M 0s
   200K .......... .......... .......... .......... .......... 44%  664M 0s
   250K .......... .......... .......... .......... .......... 53%  777M 0s
   300K .......... .......... .......... .......... .......... 62% 5,86M 0s
   350K .......... .......... .......... .......... .......... 71% 6,37M 0s
   400K .......... .......... .......... .......... .......... 80% 14,0M 0s
   450K .......... .......... .......... .......... .......... 89% 68,9M 0s
   500K .......... .......... .......... .......... .......... 98% 33,6M 0s
   550K ......                                                100%  482M=0,03s

2026-09-01 15:13:34 (19,4 MB/s) - ‘costruisciearreda-static/costruisciearreda.it/wp-content/uploads/2024/06/DSC06197-scaled.jpg’ salvato [569559/569559]

--2026-09-01 15:13:34--  https://costruisciearreda.it/wp-content/uploads/2024/06/DSC06210-scaled.jpg
Riutilizzo della connessione esistente a costruisciearreda.it:443.
Richiesta HTTP inviata, in attesa di risposta... 200 OK
Lunghezza: 466765 (456K) [image/jpeg]
Salvataggio in: ‘costruisciearreda-static/costruisciearreda.it/wp-content/uploads/2024/06/DSC06210-scaled.jpg’

     0K .......... .......... .......... .......... .......... 10%  432M 0s
    50K .......... .......... .......... .......... .......... 21% 21,2M 0s
   100K .......... .......... .......... .......... .......... 32% 17,4M 0s
   150K .......... .......... .......... .......... .......... 43%  576M 0s
   200K .......... .......... .......... .......... .......... 54%  693M 0s
   250K .......... .......... .......... .......... .......... 65% 23,8M 0s
   300K .......... .......... .......... .......... .......... 76% 9,73M 0s
   350K .......... .......... .......... .......... .......... 87% 3,24M 0s
   400K .......... .......... .......... .......... .......... 98%  742M 0s
   450K .....                                                 100%  499M=0,03s

2026-09-01 15:13:34 (16,1 MB/s) - ‘costruisciearreda-static/costruisciearreda.it/wp-content/uploads/2024/06/DSC06210-scaled.jpg’ salvato [466765/466765]

--2026-09-01 15:13:34--  https://costruisciearreda.it/wp-content/uploads/2024/06/DSC06212-scaled.jpg
Riutilizzo della connessione esistente a costruisciearreda.it:443.
Richiesta HTTP inviata, in attesa di risposta... 200 OK
Lunghezza: 526853 (515K) [image/jpeg]
Salvataggio in: ‘costruisciearreda-static/costruisciearreda.it/wp-content/uploads/2024/06/DSC06212-scaled.jpg’

     0K .......... .......... .......... .......... ..........  9%  465M 0s
    50K .......... .......... .......... .......... .......... 19% 17,3M 0s
   100K .......... .......... .......... .......... .......... 29% 17,9M 0s
   150K .......... .......... .......... .......... .......... 38%  492M 0s
   200K .......... .......... .......... .......... .......... 48% 10,5M 0s
   250K .......... .......... .......... .......... .......... 58% 27,2M 0s
   300K .......... .......... .......... .......... .......... 68%  485M 0s
   350K .......... .......... .......... .......... .......... 77% 5,89M 0s
   400K .......... .......... .......... .......... .......... 87% 11,5M 0s
   450K .......... .......... .......... .......... .......... 97% 30,1M 0s
   500K .......... ....                                       100%  581M=0,03s

2026-09-01 15:13:34 (19,0 MB/s) - ‘costruisciearreda-static/costruisciearreda.it/wp-content/uploads/2024/06/DSC06212-scaled.jpg’ salvato [526853/526853]

--2026-09-01 15:13:34--  https://costruisciearreda.it/wp-content/uploads/2024/06/DSC06234-scaled.jpg
Riutilizzo della connessione esistente a costruisciearreda.it:443.
Richiesta HTTP inviata, in attesa di risposta... 200 OK
Lunghezza: 573670 (560K) [image/jpeg]
Salvataggio in: ‘costruisciearreda-static/costruisciearreda.it/wp-content/uploads/2024/06/DSC06234-scaled.jpg’

     0K .......... .......... .......... .......... ..........  8% 15,1M 0s
    50K .......... .......... .......... .......... .......... 17%  769M 0s
   100K .......... .......... .......... .......... .......... 26% 44,7M 0s
   150K .......... .......... .......... .......... .......... 35% 4,15M 0s
   200K .......... .......... .......... .......... .......... 44%  592M 0s
   250K .......... .......... .......... .......... .......... 53% 15,1M 0s
   300K .......... .......... .......... .......... .......... 62%  670M 0s
   350K .......... .......... .......... .......... .......... 71% 3,84M 0s
   400K .......... .......... .......... .......... .......... 80% 8,94M 0s
   450K .......... .......... .......... .......... .......... 89%  484M 0s
   500K .......... .......... .......... .......... .......... 98%  488M 0s
   550K ..........                                            100%  589M=0,04s

2026-09-01 15:13:34 (14,4 MB/s) - ‘costruisciearreda-static/costruisciearreda.it/wp-content/uploads/2024/06/DSC06234-scaled.jpg’ salvato [573670/573670]

--2026-09-01 15:13:34--  https://costruisciearreda.it/wp-content/uploads/2024/06/DSC06237-scaled.jpg
Riutilizzo della connessione esistente a costruisciearreda.it:443.
Richiesta HTTP inviata, in attesa di risposta... 200 OK
Lunghezza: 353359 (345K) [image/jpeg]
Salvataggio in: ‘costruisciearreda-static/costruisciearreda.it/wp-content/uploads/2024/06/DSC06237-scaled.jpg’

     0K .......... .......... .......... .......... .......... 14%  572M 0s
    50K .......... .......... .......... .......... .......... 28% 17,7M 0s
   100K .......... .......... .......... .......... .......... 43% 5,29M 0s
   150K .......... .......... .......... .......... .......... 57% 90,3M 0s
   200K .......... .......... .......... .......... .......... 72% 12,6M 0s
   250K .......... .......... .......... .......... .......... 86%  588M 0s
   300K .......... .......... .......... .......... .....     100%  252K=0,2s

2026-09-01 15:13:34 (1,72 MB/s) - ‘costruisciearreda-static/costruisciearreda.it/wp-content/uploads/2024/06/DSC06237-scaled.jpg’ salvato [353359/353359]

--2026-09-01 15:13:34--  https://costruisciearreda.it/wp-content/uploads/2024/06/DSC06240-scaled.jpg
Riutilizzo della connessione esistente a costruisciearreda.it:443.
Richiesta HTTP inviata, in attesa di risposta... 200 OK
Lunghezza: 288914 (282K) [image/jpeg]
Salvataggio in: ‘costruisciearreda-static/costruisciearreda.it/wp-content/uploads/2024/06/DSC06240-scaled.jpg’

     0K .......... .......... .......... .......... .......... 17% 64,0M 0s
    50K .......... .......... .......... .......... .......... 35% 13,9M 0s
   100K .......... .......... .......... .......... .......... 53% 32,1M 0s
   150K .......... .......... .......... .......... .......... 70% 22,9M 0s
   200K .......... .......... .......... .......... .......... 88% 2,81M 0s
   250K .......... .......... .......... ..                   100%  769M=0,03s

2026-09-01 15:13:34 (10,9 MB/s) - ‘costruisciearreda-static/costruisciearreda.it/wp-content/uploads/2024/06/DSC06240-scaled.jpg’ salvato [288914/288914]

--2026-09-01 15:13:34--  https://costruisciearreda.it/wp-content/uploads/2024/06/DSC06244-scaled.jpg
Riutilizzo della connessione esistente a costruisciearreda.it:443.
Richiesta HTTP inviata, in attesa di risposta... 200 OK
Lunghezza: 342781 (335K) [image/jpeg]
Salvataggio in: ‘costruisciearreda-static/costruisciearreda.it/wp-content/uploads/2024/06/DSC06244-scaled.jpg’

     0K .......... .......... .......... .......... .......... 14%  125M 0s
    50K .......... .......... .......... .......... .......... 29% 12,4M 0s
   100K .......... .......... .......... .......... .......... 44%  255M 0s
   150K .......... .......... .......... .......... .......... 59% 2,44M 0s
   200K .......... .......... .......... .......... .......... 74% 6,45M 0s
   250K .......... .......... .......... .......... .......... 89%  712M 0s
   300K .......... .......... .......... ....                 100%  817M=0,03s

2026-09-01 15:13:34 (10,2 MB/s) - ‘costruisciearreda-static/costruisciearreda.it/wp-content/uploads/2024/06/DSC06244-scaled.jpg’ salvato [342781/342781]

--2026-09-01 15:13:34--  https://costruisciearreda.it/wp-content/uploads/2024/06/DSC06245-scaled.jpg
Riutilizzo della connessione esistente a costruisciearreda.it:443.
Richiesta HTTP inviata, in attesa di risposta... 200 OK
Lunghezza: 403627 (394K) [image/jpeg]
Salvataggio in: ‘costruisciearreda-static/costruisciearreda.it/wp-content/uploads/2024/06/DSC06245-scaled.jpg’

     0K .......... .......... .......... .......... .......... 12% 53,8M 0s
    50K .......... .......... .......... .......... .......... 25% 31,3M 0s
   100K .......... .......... .......... .......... .......... 38% 22,2M 0s
   150K .......... .......... .......... .......... .......... 50% 2,65M 0s
   200K .......... .......... .......... .......... .......... 63% 48,4M 0s
   250K .......... .......... .......... .......... .......... 76% 15,4M 0s
   300K .......... .......... .......... .......... .......... 88% 21,0M 0s
   350K .......... .......... .......... .......... ....      100% 3,55M=0,04s

2026-09-01 15:13:34 (9,22 MB/s) - ‘costruisciearreda-static/costruisciearreda.it/wp-content/uploads/2024/06/DSC06245-scaled.jpg’ salvato [403627/403627]

--2026-09-01 15:13:34--  https://costruisciearreda.it/wp-content/uploads/2024/06/DSC06248-scaled.jpg
Riutilizzo della connessione esistente a costruisciearreda.it:443.
Richiesta HTTP inviata, in attesa di risposta... 200 OK
Lunghezza: 511172 (499K) [image/jpeg]
Salvataggio in: ‘costruisciearreda-static/costruisciearreda.it/wp-content/uploads/2024/06/DSC06248-scaled.jpg’

     0K .......... .......... .......... .......... .......... 10% 55,4M 0s
    50K .......... .......... .......... .......... .......... 20% 19,8M 0s
   100K .......... .......... .......... .......... .......... 30% 22,7M 0s
   150K .......... .......... .......... .......... .......... 40% 3,02M 0s
   200K .......... .......... .......... .......... .......... 50% 15,9M 0s
   250K .......... .......... .......... .......... .......... 60% 16,2M 0s
   300K .......... .......... .......... .......... .......... 70%  571M 0s
   350K .......... .......... .......... .......... .......... 80% 2,42M 0s
   400K .......... .......... .......... .......... .......... 90% 23,9M 0s
   450K .......... .......... .......... .......... ......... 100% 96,2M=0,05s

2026-09-01 15:13:34 (9,65 MB/s) - ‘costruisciearreda-static/costruisciearreda.it/wp-content/uploads/2024/06/DSC06248-scaled.jpg’ salvato [511172/511172]

--2026-09-01 15:13:34--  https://costruisciearreda.it/wp-content/uploads/2024/06/DSC06252-scaled.jpg
Riutilizzo della connessione esistente a costruisciearreda.it:443.
Richiesta HTTP inviata, in attesa di risposta... 200 OK
Lunghezza: 608830 (595K) [image/jpeg]
Salvataggio in: ‘costruisciearreda-static/costruisciearreda.it/wp-content/uploads/2024/06/DSC06252-scaled.jpg’

     0K .......... .......... .......... .......... ..........  8% 20,8M 0s
    50K .......... .......... .......... .......... .......... 16% 18,6M 0s
   100K .......... .......... .......... .......... .......... 25%  644M 0s
   150K .......... .......... .......... .......... .......... 33% 3,62M 0s
   200K .......... .......... .......... .......... .......... 42% 8,89M 0s
   250K .......... .......... .......... .......... .......... 50% 19,2M 0s
   300K .......... .......... .......... .......... .......... 58% 11,2M 0s
   350K .......... .......... .......... .......... .......... 67% 8,40M 0s
   400K .......... .......... .......... .......... .......... 75% 5,90M 0s
   450K .......... .......... .......... .......... .......... 84% 56,2M 0s
   500K .......... .......... .......... .......... .......... 92% 8,76M 0s
   550K .......... .......... .......... .......... ....      100% 81,7M=0,05s

2026-09-01 15:13:35 (11,2 MB/s) - ‘costruisciearreda-static/costruisciearreda.it/wp-content/uploads/2024/06/DSC06252-scaled.jpg’ salvato [608830/608830]

--2026-09-01 15:13:35--  https://costruisciearreda.it/wp-content/uploads/2024/06/DSC06255-scaled.jpg
Riutilizzo della connessione esistente a costruisciearreda.it:443.
Richiesta HTTP inviata, in attesa di risposta... 200 OK
Lunghezza: 523995 (512K) [image/jpeg]
Salvataggio in: ‘costruisciearreda-static/costruisciearreda.it/wp-content/uploads/2024/06/DSC06255-scaled.jpg’

     0K .......... .......... .......... .......... ..........  9%  203M 0s
    50K .......... .......... .......... .......... .......... 19% 17,1M 0s
   100K .......... .......... .......... .......... .......... 29% 29,9M 0s
   150K .......... .......... .......... .......... .......... 39% 3,66M 0s
   200K .......... .......... .......... .......... .......... 48% 6,77M 0s
   250K .......... .......... .......... .......... .......... 58% 15,2M 0s
   300K .......... .......... .......... .......... .......... 68%  719M 0s
   350K .......... .......... .......... .......... .......... 78% 6,00M 0s
   400K .......... .......... .......... .......... .......... 87% 7,77M 0s
   450K .......... .......... .......... .......... .......... 97% 10,5M 0s
   500K .......... .                                          100% 9,59M=0,05s

2026-09-01 15:13:35 (10,2 MB/s) - ‘costruisciearreda-static/costruisciearreda.it/wp-content/uploads/2024/06/DSC06255-scaled.jpg’ salvato [523995/523995]

--2026-09-01 15:13:35--  https://costruisciearreda.it/wp-content/uploads/2024/06/DSC06260-scaled.jpg
Riutilizzo della connessione esistente a costruisciearreda.it:443.
Richiesta HTTP inviata, in attesa di risposta... 200 OK
Lunghezza: 401268 (392K) [image/jpeg]
Salvataggio in: ‘costruisciearreda-static/costruisciearreda.it/wp-content/uploads/2024/06/DSC06260-scaled.jpg’

     0K .......... .......... .......... .......... .......... 12%  577M 0s
    50K .......... .......... .......... .......... .......... 25% 15,5M 0s
   100K .......... .......... .......... .......... .......... 38% 37,6M 0s
   150K .......... .......... .......... .......... .......... 51% 2,96M 0s
   200K .......... .......... .......... .......... .......... 63% 14,6M 0s
   250K .......... .......... .......... .......... .......... 76%  528M 0s
   300K .......... .......... .......... .......... .......... 89% 30,6M 0s
   350K .......... .......... .......... .......... .         100%  481M=0,03s

2026-09-01 15:13:35 (14,6 MB/s) - ‘costruisciearreda-static/costruisciearreda.it/wp-content/uploads/2024/06/DSC06260-scaled.jpg’ salvato [401268/401268]

--2026-09-01 15:13:35--  https://costruisciearreda.it/wp-content/uploads/2024/06/DSC06272-scaled.jpg
Riutilizzo della connessione esistente a costruisciearreda.it:443.
Richiesta HTTP inviata, in attesa di risposta... 200 OK
Lunghezza: 579676 (566K) [image/jpeg]
Salvataggio in: ‘costruisciearreda-static/costruisciearreda.it/wp-content/uploads/2024/06/DSC06272-scaled.jpg’

     0K .......... .......... .......... .......... ..........  8%  558M 0s
    50K .......... .......... .......... .......... .......... 17% 9,43M 0s
   100K .......... .......... .......... .......... .......... 26%  534M 0s
   150K .......... .......... .......... .......... .......... 35% 3,65M 0s
   200K .......... .......... .......... .......... .......... 44% 9,78M 0s
   250K .......... .......... .......... .......... .......... 52% 13,6M 0s
   300K .......... .......... .......... .......... .......... 61%  681M 0s
   350K .......... .......... .......... .......... .......... 70% 4,56M 0s
   400K .......... .......... .......... .......... .......... 79% 78,6M 0s
   450K .......... .......... .......... .......... .......... 88% 3,56M 0s
   500K .......... .......... .......... .......... .......... 97%  732M 0s
   550K .......... ......                                     100%  602M=0,05s

2026-09-01 15:13:35 (10,5 MB/s) - ‘costruisciearreda-static/costruisciearreda.it/wp-content/uploads/2024/06/DSC06272-scaled.jpg’ salvato [579676/579676]

--2026-09-01 15:13:35--  https://costruisciearreda.it/wp-content/uploads/2024/06/DSC06280-scaled.jpg
Riutilizzo della connessione esistente a costruisciearreda.it:443.
Richiesta HTTP inviata, in attesa di risposta... 200 OK
Lunghezza: 272661 (266K) [image/jpeg]
Salvataggio in: ‘costruisciearreda-static/costruisciearreda.it/wp-content/uploads/2024/06/DSC06280-scaled.jpg’

     0K .......... .......... .......... .......... .......... 18% 23,2M 0s
    50K .......... .......... .......... .......... .......... 37% 16,7M 0s
   100K .......... .......... .......... .......... .......... 56%  373M 0s
   150K .......... .......... .......... .......... .......... 75% 3,72M 0s
   200K .......... .......... .......... .......... .......... 93% 9,33M 0s
   250K .......... ......                                     100% 19,6M=0,02s

2026-09-01 15:13:35 (10,7 MB/s) - ‘costruisciearreda-static/costruisciearreda.it/wp-content/uploads/2024/06/DSC06280-scaled.jpg’ salvato [272661/272661]

--2026-09-01 15:13:35--  https://costruisciearreda.it/wp-content/uploads/2024/06/DSC06284-scaled.jpg
Riutilizzo della connessione esistente a costruisciearreda.it:443.
Richiesta HTTP inviata, in attesa di risposta... 200 OK
Lunghezza: 510962 (499K) [image/jpeg]
Salvataggio in: ‘costruisciearreda-static/costruisciearreda.it/wp-content/uploads/2024/06/DSC06284-scaled.jpg’

     0K .......... .......... .......... .......... .......... 10% 13,1M 0s
    50K .......... .......... .......... .......... .......... 20%  491M 0s
   100K .......... .......... .......... .......... .......... 30% 8,56M 0s
   150K .......... .......... .......... .......... .......... 40% 2,90M 0s
   200K .......... .......... .......... .......... .......... 50% 8,86M 0s
   250K .......... .......... .......... .......... .......... 60%  479M 0s
   300K .......... .......... .......... .......... .......... 70% 31,7M 0s
   350K .......... .......... .......... .......... .......... 80% 2,52M 0s
   400K .......... .......... .......... .......... .......... 90% 11,0M 0s
   450K .......... .......... .......... .......... ........  100%  359M=0,06s

2026-09-01 15:13:35 (8,49 MB/s) - ‘costruisciearreda-static/costruisciearreda.it/wp-content/uploads/2024/06/DSC06284-scaled.jpg’ salvato [510962/510962]

--2026-09-01 15:13:35--  https://costruisciearreda.it/wp-content/uploads/2024/06/DSC06291-scaled.jpg
Riutilizzo della connessione esistente a costruisciearreda.it:443.
Richiesta HTTP inviata, in attesa di risposta... 200 OK
Lunghezza: 481329 (470K) [image/jpeg]
Salvataggio in: ‘costruisciearreda-static/costruisciearreda.it/wp-content/uploads/2024/06/DSC06291-scaled.jpg’

     0K .......... .......... .......... .......... .......... 10% 23,7M 0s
    50K .......... .......... .......... .......... .......... 21% 3,74M 0s
   100K .......... .......... .......... .......... .......... 31%  673M 0s
   150K .......... .......... .......... .......... .......... 42% 5,61M 0s
   200K .......... .......... .......... .......... .......... 53% 6,55M 0s
   250K .......... .......... .......... .......... .......... 63% 19,7M 0s
   300K .......... .......... .......... .......... .......... 74% 27,9M 0s
   350K .......... .......... .......... .......... .......... 85% 23,0M 0s
   400K .......... .......... .......... .......... .......... 95% 2,64M 0s
   450K .......... ..........                                 100%  605M=0,06s

2026-09-01 15:13:35 (8,16 MB/s) - ‘costruisciearreda-static/costruisciearreda.it/wp-content/uploads/2024/06/DSC06291-scaled.jpg’ salvato [481329/481329]

--2026-09-01 15:13:35--  https://costruisciearreda.it/wp-content/uploads/2024/06/DSC06294-scaled.jpg
Riutilizzo della connessione esistente a costruisciearreda.it:443.
Richiesta HTTP inviata, in attesa di risposta... 200 OK
Lunghezza: 264069 (258K) [image/jpeg]
Salvataggio in: ‘costruisciearreda-static/costruisciearreda.it/wp-content/uploads/2024/06/DSC06294-scaled.jpg’

     0K .......... .......... .......... .......... .......... 19% 21,3M 0s
    50K .......... .......... .......... .......... .......... 38% 13,4M 0s
   100K .......... .......... .......... .......... .......... 58% 36,1M 0s
   150K .......... .......... .......... .......... .......... 77% 4,78M 0s
   200K .......... .......... .......... .......... .......... 96% 6,94M 0s
   250K .......                                               100%  387M=0,02s

2026-09-01 15:13:35 (10,2 MB/s) - ‘costruisciearreda-static/costruisciearreda.it/wp-content/uploads/2024/06/DSC06294-scaled.jpg’ salvato [264069/264069]

--2026-09-01 15:13:35--  https://costruisciearreda.it/wp-content/uploads/2024/06/DSC06296-scaled.jpg
Riutilizzo della connessione esistente a costruisciearreda.it:443.
Richiesta HTTP inviata, in attesa di risposta... 200 OK
Lunghezza: 328873 (321K) [image/jpeg]
Salvataggio in: ‘costruisciearreda-static/costruisciearreda.it/wp-content/uploads/2024/06/DSC06296-scaled.jpg’

     0K .......... .......... .......... .......... .......... 15%  429M 0s
    50K .......... .......... .......... .......... .......... 31%  623M 0s
   100K .......... .......... .......... .......... .......... 46% 18,7M 0s
   150K .......... .......... .......... .......... .......... 62% 3,03M 0s
   200K .......... .......... .......... .......... .......... 77% 16,9M 0s
   250K .......... .......... .......... .......... .......... 93% 42,8M 0s
   300K .......... .......... .                               100%  537M=0,02s

2026-09-01 15:13:35 (13,6 MB/s) - ‘costruisciearreda-static/costruisciearreda.it/wp-content/uploads/2024/06/DSC06296-scaled.jpg’ salvato [328873/328873]

--2026-09-01 15:13:35--  https://costruisciearreda.it/wp-content/uploads/2024/06/DSC06299-scaled.jpg
Riutilizzo della connessione esistente a costruisciearreda.it:443.
Richiesta HTTP inviata, in attesa di risposta... 200 OK
Lunghezza: 522351 (510K) [image/jpeg]
Salvataggio in: ‘costruisciearreda-static/costruisciearreda.it/wp-content/uploads/2024/06/DSC06299-scaled.jpg’

     0K .......... .......... .......... .......... ..........  9% 24,4M 0s
    50K .......... .......... .......... .......... .......... 19% 9,09M 0s
   100K .......... .......... .......... .......... .......... 29%  693M 0s
   150K .......... .......... .......... .......... .......... 39% 4,98M 0s
   200K .......... .......... .......... .......... .......... 49% 4,46M 0s
   250K .......... .......... .......... .......... .......... 58% 14,5M 0s
   300K .......... .......... .......... .......... .......... 68%  315M 0s
   350K .......... .......... .......... .......... .......... 78% 48,8M 0s
   400K .......... .......... .......... .......... .......... 88% 4,45M 0s
   450K .......... .......... .......... .......... .......... 98% 4,18M 0s
   500K ..........                                            100%  585M=0,06s

2026-09-01 15:13:35 (8,99 MB/s) - ‘costruisciearreda-static/costruisciearreda.it/wp-content/uploads/2024/06/DSC06299-scaled.jpg’ salvato [522351/522351]

--2026-09-01 15:13:35--  https://costruisciearreda.it/wp-content/uploads/2024/06/DSC06301-scaled.jpg
Riutilizzo della connessione esistente a costruisciearreda.it:443.
Richiesta HTTP inviata, in attesa di risposta... 200 OK
Lunghezza: 197044 (192K) [image/jpeg]
Salvataggio in: ‘costruisciearreda-static/costruisciearreda.it/wp-content/uploads/2024/06/DSC06301-scaled.jpg’

     0K .......... .......... .......... .......... .......... 25% 96,1M 0s
    50K .......... .......... .......... .......... .......... 51% 11,1M 0s
   100K .......... .......... .......... .......... .......... 77%  560M 0s
   150K .......... .......... .......... .......... ..        100%  636M=0,005s

2026-09-01 15:13:35 (37,3 MB/s) - ‘costruisciearreda-static/costruisciearreda.it/wp-content/uploads/2024/06/DSC06301-scaled.jpg’ salvato [197044/197044]

--2026-09-01 15:13:35--  https://costruisciearreda.it/wp-content/uploads/2024/06/DSC06312-scaled.jpg
Riutilizzo della connessione esistente a costruisciearreda.it:443.
Richiesta HTTP inviata, in attesa di risposta... 200 OK
Lunghezza: 416579 (407K) [image/jpeg]
Salvataggio in: ‘costruisciearreda-static/costruisciearreda.it/wp-content/uploads/2024/06/DSC06312-scaled.jpg’

     0K .......... .......... .......... .......... .......... 12% 8,43M 0s
    50K .......... .......... .......... .......... .......... 24%  806M 0s
   100K .......... .......... .......... .......... .......... 36%  679M 0s
   150K .......... .......... .......... .......... .......... 49% 4,04M 0s
   200K .......... .......... .......... .......... .......... 61% 4,78M 0s
   250K .......... .......... .......... .......... .......... 73% 8,49M 0s
   300K .......... .......... .......... .......... .......... 86% 24,4M 0s
   350K .......... .......... .......... .......... .......... 98% 65,6M 0s
   400K ......                                                100%  404M=0,04s

2026-09-01 15:13:35 (10,8 MB/s) - ‘costruisciearreda-static/costruisciearreda.it/wp-content/uploads/2024/06/DSC06312-scaled.jpg’ salvato [416579/416579]

--2026-09-01 15:13:35--  https://costruisciearreda.it/wp-content/uploads/2024/06/DSC06315-scaled.jpg
Riutilizzo della connessione esistente a costruisciearreda.it:443.
Richiesta HTTP inviata, in attesa di risposta... 200 OK
Lunghezza: 284006 (277K) [image/jpeg]
Salvataggio in: ‘costruisciearreda-static/costruisciearreda.it/wp-content/uploads/2024/06/DSC06315-scaled.jpg’

     0K .......... .......... .......... .......... .......... 18% 43,0M 0s
    50K .......... .......... .......... .......... .......... 36% 9,00M 0s
   100K .......... .......... .......... .......... .......... 54% 14,5M 0s
   150K .......... .......... .......... .......... .......... 72% 5,09M 0s
   200K .......... .......... .......... .......... .......... 90% 77,9M 0s
   250K .......... .......... .......                         100% 17,5M=0,02s

2026-09-01 15:13:35 (12,5 MB/s) - ‘costruisciearreda-static/costruisciearreda.it/wp-content/uploads/2024/06/DSC06315-scaled.jpg’ salvato [284006/284006]

--2026-09-01 15:13:35--  https://costruisciearreda.it/wp-content/uploads/2024/06/DSC06318-scaled.jpg
Riutilizzo della connessione esistente a costruisciearreda.it:443.
Richiesta HTTP inviata, in attesa di risposta... 200 OK
Lunghezza: 478561 (467K) [image/jpeg]
Salvataggio in: ‘costruisciearreda-static/costruisciearreda.it/wp-content/uploads/2024/06/DSC06318-scaled.jpg’

     0K .......... .......... .......... .......... .......... 10% 18,6M 0s
    50K .......... .......... .......... .......... .......... 21% 14,5M 0s
   100K .......... .......... .......... .......... .......... 32%  647M 0s
   150K .......... .......... .......... .......... .......... 42%  838M 0s
   200K .......... .......... .......... .......... .......... 53% 2,75M 0s
   250K .......... .......... .......... .......... .......... 64% 4,82M 0s
   300K .......... .......... .......... .......... .......... 74% 18,6M 0s
   350K .......... .......... .......... .......... .......... 85% 12,6M 0s
   400K .......... .......... .......... .......... .......... 96%  534M 0s
   450K .......... .......                                    100% 81,3M=0,04s

2026-09-01 15:13:35 (11,2 MB/s) - ‘costruisciearreda-static/costruisciearreda.it/wp-content/uploads/2024/06/DSC06318-scaled.jpg’ salvato [478561/478561]

--2026-09-01 15:13:35--  https://costruisciearreda.it/wp-content/uploads/2024/06/DSC06321-scaled.jpg
Riutilizzo della connessione esistente a costruisciearreda.it:443.
Richiesta HTTP inviata, in attesa di risposta... 200 OK
Lunghezza: 391015 (382K) [image/jpeg]
Salvataggio in: ‘costruisciearreda-static/costruisciearreda.it/wp-content/uploads/2024/06/DSC06321-scaled.jpg’

     0K .......... .......... .......... .......... .......... 13%  165M 0s
    50K .......... .......... .......... .......... .......... 26% 29,9M 0s
   100K .......... .......... .......... .......... .......... 39% 15,5M 0s
   150K .......... .......... .......... .......... .......... 52%  519M 0s
   200K .......... .......... .......... .......... .......... 65% 2,44M 0s
   250K .......... .......... .......... .......... .......... 78% 16,6M 0s
   300K .......... .......... .......... .......... .......... 91%  404M 0s
   350K .......... .......... .......... .                    100%  538M=0,03s

2026-09-01 15:13:36 (13,2 MB/s) - ‘costruisciearreda-static/costruisciearreda.it/wp-content/uploads/2024/06/DSC06321-scaled.jpg’ salvato [391015/391015]

--2026-09-01 15:13:36--  https://costruisciearreda.it/wp-content/uploads/2024/06/DSC06331-scaled.jpg
Riutilizzo della connessione esistente a costruisciearreda.it:443.
Richiesta HTTP inviata, in attesa di risposta... 200 OK
Lunghezza: 260567 (254K) [image/jpeg]
Salvataggio in: ‘costruisciearreda-static/costruisciearreda.it/wp-content/uploads/2024/06/DSC06331-scaled.jpg’

     0K .......... .......... .......... .......... .......... 19% 12,5M 0s
    50K .......... .......... .......... .......... .......... 39%  484M 0s
   100K .......... .......... .......... .......... .......... 58%  489M 0s
   150K .......... .......... .......... .......... .......... 78% 19,3M 0s
   200K .......... .......... .......... .......... .......... 98% 2,58M 0s
   250K ....                                                  100% 8,31T=0,03s

2026-09-01 15:13:36 (9,71 MB/s) - ‘costruisciearreda-static/costruisciearreda.it/wp-content/uploads/2024/06/DSC06331-scaled.jpg’ salvato [260567/260567]

--2026-09-01 15:13:36--  https://costruisciearreda.it/wp-content/uploads/2024/06/DSC06335-scaled.jpg
Riutilizzo della connessione esistente a costruisciearreda.it:443.
Richiesta HTTP inviata, in attesa di risposta... 200 OK
Lunghezza: 466170 (455K) [image/jpeg]
Salvataggio in: ‘costruisciearreda-static/costruisciearreda.it/wp-content/uploads/2024/06/DSC06335-scaled.jpg’

     0K .......... .......... .......... .......... .......... 10% 13,7M 0s
    50K .......... .......... .......... .......... .......... 21%  483M 0s
   100K .......... .......... .......... .......... .......... 32% 11,9M 0s
   150K .......... .......... .......... .......... .......... 43%  683M 0s
   200K .......... .......... .......... .......... .......... 54% 1,91M 0s
   250K .......... .......... .......... .......... .......... 65%  501M 0s
   300K .......... .......... .......... .......... .......... 76% 7,81M 0s
   350K .......... .......... .......... .......... .......... 87%  720M 0s
   400K .......... .......... .......... .......... .......... 98% 5,34M 0s
   450K .....                                                 100%  289M=0,05s

2026-09-01 15:13:36 (9,08 MB/s) - ‘costruisciearreda-static/costruisciearreda.it/wp-content/uploads/2024/06/DSC06335-scaled.jpg’ salvato [466170/466170]

--2026-09-01 15:13:36--  https://costruisciearreda.it/wp-content/uploads/2024/06/DSC06346-scaled.jpg
Riutilizzo della connessione esistente a costruisciearreda.it:443.
Richiesta HTTP inviata, in attesa di risposta... 200 OK
Lunghezza: 246541 (241K) [image/jpeg]
Salvataggio in: ‘costruisciearreda-static/costruisciearreda.it/wp-content/uploads/2024/06/DSC06346-scaled.jpg’

     0K .......... .......... .......... .......... .......... 20% 8,36M 0s
    50K .......... .......... .......... .......... .......... 41% 24,8M 0s
   100K .......... .......... .......... .......... .......... 62%  341M 0s
   150K .......... .......... .......... .......... .......... 83%  511M 0s
   200K .......... .......... .......... ..........           100% 2,22M=0,03s

2026-09-01 15:13:36 (9,06 MB/s) - ‘costruisciearreda-static/costruisciearreda.it/wp-content/uploads/2024/06/DSC06346-scaled.jpg’ salvato [246541/246541]

--2026-09-01 15:13:36--  https://costruisciearreda.it/wp-content/uploads/2024/06/DSC06347-scaled.jpg
Riutilizzo della connessione esistente a costruisciearreda.it:443.
Richiesta HTTP inviata, in attesa di risposta... 200 OK
Lunghezza: 420170 (410K) [image/jpeg]
Salvataggio in: ‘costruisciearreda-static/costruisciearreda.it/wp-content/uploads/2024/06/DSC06347-scaled.jpg’

     0K .......... .......... .......... .......... .......... 12% 8,68M 0s
    50K .......... .......... .......... .......... .......... 24% 13,5M 0s
   100K .......... .......... .......... .......... .......... 36%  427M 0s
   150K .......... .......... .......... .......... .......... 48%  554M 0s
   200K .......... .......... .......... .......... .......... 60% 2,45M 0s
   250K .......... .......... .......... .......... .......... 73%  750M 0s
   300K .......... .......... .......... .......... .......... 85% 30,2M 0s
   350K .......... .......... .......... .......... .......... 97% 22,7M 0s
   400K ..........                                            100%  718M=0,03s

2026-09-01 15:13:36 (12,1 MB/s) - ‘costruisciearreda-static/costruisciearreda.it/wp-content/uploads/2024/06/DSC06347-scaled.jpg’ salvato [420170/420170]

--2026-09-01 15:13:36--  https://costruisciearreda.it/wp-content/uploads/2024/06/DSC06371-scaled.jpg
Riutilizzo della connessione esistente a costruisciearreda.it:443.
Richiesta HTTP inviata, in attesa di risposta... 200 OK
Lunghezza: 264547 (258K) [image/jpeg]
Salvataggio in: ‘costruisciearreda-static/costruisciearreda.it/wp-content/uploads/2024/06/DSC06371-scaled.jpg’

     0K .......... .......... .......... .......... .......... 19% 23,6M 0s
    50K .......... .......... .......... .......... .......... 38% 10,4M 0s
   100K .......... .......... .......... .......... .......... 58%  305M 0s
   150K .......... .......... .......... .......... .......... 77%  585M 0s
   200K .......... .......... .......... .......... .......... 96% 2,78M 0s
   250K ........                                              100%  245M=0,02s

2026-09-01 15:13:36 (10,3 MB/s) - ‘costruisciearreda-static/costruisciearreda.it/wp-content/uploads/2024/06/DSC06371-scaled.jpg’ salvato [264547/264547]

--2026-09-01 15:13:36--  https://costruisciearreda.it/wp-content/uploads/2024/06/DSC06374-scaled.jpg
Riutilizzo della connessione esistente a costruisciearreda.it:443.
Richiesta HTTP inviata, in attesa di risposta... 200 OK
Lunghezza: 395868 (387K) [image/jpeg]
Salvataggio in: ‘costruisciearreda-static/costruisciearreda.it/wp-content/uploads/2024/06/DSC06374-scaled.jpg’

     0K .......... .......... .......... .......... .......... 12% 19,4M 0s
    50K .......... .......... .......... .......... .......... 25% 13,8M 0s
   100K .......... .......... .......... .......... .......... 38%  409M 0s
   150K .......... .......... .......... .......... .......... 51%  588M 0s
   200K .......... .......... .......... .......... .......... 64% 2,59M 0s
   250K .......... .......... .......... .......... .......... 77%  129M 0s
   300K .......... .......... .......... .......... .......... 90% 29,1M 0s
   350K .......... .......... .......... ......               100% 32,9M=0,03s

2026-09-01 15:13:36 (13,4 MB/s) - ‘costruisciearreda-static/costruisciearreda.it/wp-content/uploads/2024/06/DSC06374-scaled.jpg’ salvato [395868/395868]

--2026-09-01 15:13:36--  https://costruisciearreda.it/wp-content/uploads/2024/06/DSC06382-scaled.jpg
Riutilizzo della connessione esistente a costruisciearreda.it:443.
Richiesta HTTP inviata, in attesa di risposta... 200 OK
Lunghezza: 275657 (269K) [image/jpeg]
Salvataggio in: ‘costruisciearreda-static/costruisciearreda.it/wp-content/uploads/2024/06/DSC06382-scaled.jpg’

     0K .......... .......... .......... .......... .......... 18% 12,6M 0s
    50K .......... .......... .......... .......... .......... 37% 12,1M 0s
   100K .......... .......... .......... .......... .......... 55%  416M 0s
   150K .......... .......... .......... .......... .......... 74%  786M 0s
   200K .......... .......... .......... .......... .......... 92% 4,35M 0s
   250K .......... .........                                  100% 2,72M=0,03s

2026-09-01 15:13:36 (10,0 MB/s) - ‘costruisciearreda-static/costruisciearreda.it/wp-content/uploads/2024/06/DSC06382-scaled.jpg’ salvato [275657/275657]

--2026-09-01 15:13:36--  https://costruisciearreda.it/wp-content/uploads/2024/06/DSC06402-scaled.jpg
Riutilizzo della connessione esistente a costruisciearreda.it:443.
Richiesta HTTP inviata, in attesa di risposta... 200 OK
Lunghezza: 496236 (485K) [image/jpeg]
Salvataggio in: ‘costruisciearreda-static/costruisciearreda.it/wp-content/uploads/2024/06/DSC06402-scaled.jpg’

     0K .......... .......... .......... .......... .......... 10%  526M 0s
    50K .......... .......... .......... .......... .......... 20%  800M 0s
   100K .......... .......... .......... .......... .......... 30%  466M 0s
   150K .......... .......... .......... .......... .......... 41% 25,9M 0s
   200K .......... .......... .......... .......... .......... 51% 2,25M 0s
   250K .......... .......... .......... .......... .......... 61% 12,5M 0s
   300K .......... .......... .......... .......... .......... 72%  724M 0s
   350K .......... .......... .......... .......... .......... 82% 26,5M 0s
   400K .......... .......... .......... .......... .......... 92% 2,71M 0s
   450K .......... .......... .......... ....                 100%  397M=0,05s

2026-09-01 15:13:36 (9,91 MB/s) - ‘costruisciearreda-static/costruisciearreda.it/wp-content/uploads/2024/06/DSC06402-scaled.jpg’ salvato [496236/496236]

--2026-09-01 15:13:36--  https://costruisciearreda.it/wp-content/uploads/2024/06/DSC06409-scaled.jpg
Riutilizzo della connessione esistente a costruisciearreda.it:443.
Richiesta HTTP inviata, in attesa di risposta... 200 OK
Lunghezza: 664508 (649K) [image/jpeg]
Salvataggio in: ‘costruisciearreda-static/costruisciearreda.it/wp-content/uploads/2024/06/DSC06409-scaled.jpg’

     0K .......... .......... .......... .......... ..........  7% 32,6M 0s
    50K .......... .......... .......... .......... .......... 15% 35,6M 0s
   100K .......... .......... .......... .......... .......... 23% 19,8M 0s
   150K .......... .......... .......... .......... .......... 30%  262M 0s
   200K .......... .......... .......... .......... .......... 38% 2,49M 0s
   250K .......... .......... .......... .......... .......... 46% 65,5M 0s
   300K .......... .......... .......... .......... .......... 53% 23,1M 0s
   350K .......... .......... .......... .......... .......... 61% 17,9M 0s
   400K .......... .......... .......... .......... .......... 69% 4,83M 0s
   450K .......... .......... .......... .......... .......... 77% 9,65M 0s
   500K .......... .......... .......... .......... .......... 84% 30,8M 0s
   550K .......... .......... .......... .......... .......... 92% 28,7M 0s
   600K .......... .......... .......... .......... ........  100% 23,9M=0,05s

2026-09-01 15:13:36 (12,4 MB/s) - ‘costruisciearreda-static/costruisciearreda.it/wp-content/uploads/2024/06/DSC06409-scaled.jpg’ salvato [664508/664508]

--2026-09-01 15:13:36--  https://costruisciearreda.it/wp-content/themes/costruisciarreda-child/images/prev.png
Riutilizzo della connessione esistente a costruisciearreda.it:443.
Richiesta HTTP inviata, in attesa di risposta... 200 OK
Lunghezza: 598 [image/png]
Salvataggio in: ‘costruisciearreda-static/costruisciearreda.it/wp-content/themes/costruisciarreda-child/images/prev.png’

     0K                                                       100% 1,51G=0s

2026-09-01 15:13:36 (1,51 GB/s) - ‘costruisciearreda-static/costruisciearreda.it/wp-content/themes/costruisciarreda-child/images/prev.png’ salvato [598/598]

--2026-09-01 15:13:36--  https://costruisciearreda.it/wp-content/themes/costruisciarreda-child/images/next.png
Riutilizzo della connessione esistente a costruisciearreda.it:443.
Richiesta HTTP inviata, in attesa di risposta... 200 OK
Lunghezza: 568 [image/png]
Salvataggio in: ‘costruisciearreda-static/costruisciearreda.it/wp-content/themes/costruisciarreda-child/images/next.png’

     0K                                                       100% 1,18G=0s

2026-09-01 15:13:36 (1,18 GB/s) - ‘costruisciearreda-static/costruisciearreda.it/wp-content/themes/costruisciarreda-child/images/next.png’ salvato [568/568]

--2026-09-01 15:13:36--  https://costruisciearreda.it/type_stores/rivendita-edile/feed/
Riutilizzo della connessione esistente a costruisciearreda.it:443.
Richiesta HTTP inviata, in attesa di risposta... 200 OK
Lunghezza: non specificato [application/rss+xml]
Salvataggio in: ‘costruisciearreda-static/costruisciearreda.it/type_stores/rivendita-edile/feed/index.html’

     0K .                                                      1,25G=0s

2026-09-01 15:13:37 (1,25 GB/s) - ‘costruisciearreda-static/costruisciearreda.it/type_stores/rivendita-edile/feed/index.html’ salvato [1843]

--2026-09-01 15:13:37--  https://costruisciearreda.it/wp-content/cache/wpo-minify/1788241814/assets/wpo-minify-header-fb2da3ce.min.css
Riutilizzo della connessione esistente a costruisciearreda.it:443.
Richiesta HTTP inviata, in attesa di risposta... 200 OK
Lunghezza: 725472 (708K) [text/css]
Salvataggio in: ‘costruisciearreda-static/costruisciearreda.it/wp-content/cache/wpo-minify/1788241814/assets/wpo-minify-header-fb2da3ce.min.css’

     0K .......... .......... .......... .......... ..........  7% 25,5M 0s
    50K .......... .......... .......... .......... .......... 14%  720M 0s
   100K .......... .......... .......... .......... .......... 21% 2,08M 0s
   150K .......... .......... .......... .......... .......... 28% 14,9M 0s
   200K .......... .......... .......... .......... .......... 35%  257M 0s
   250K .......... .......... .......... .......... .......... 42%  556M 0s
   300K .......... .......... .......... .......... .......... 49% 2,68M 0s
   350K .......... .......... .......... .......... .......... 56% 14,9M 0s
   400K .......... .......... .......... .......... .......... 63% 21,3M 0s
   450K .......... .......... .......... .......... .......... 70%  328M 0s
   500K .......... .......... .......... .......... .......... 77% 52,0M 0s
   550K .......... .......... .......... .......... .......... 84% 2,41M 0s
   600K .......... .......... .......... .......... .......... 91%  632M 0s
   650K .......... .......... .......... .......... .......... 98%  809M 0s
   700K ........                                              100%  717M=0,07s

2026-09-01 15:13:37 (9,31 MB/s) - ‘costruisciearreda-static/costruisciearreda.it/wp-content/cache/wpo-minify/1788241814/assets/wpo-minify-header-fb2da3ce.min.css’ salvato [725472/725472]

--2026-09-01 15:13:37--  https://costruisciearreda.it/wp-content/uploads/2024/06/Raggruppa-1646.jpg
Riutilizzo della connessione esistente a costruisciearreda.it:443.
Richiesta HTTP inviata, in attesa di risposta... 200 OK
Lunghezza: 418184 (408K) [image/jpeg]
Salvataggio in: ‘costruisciearreda-static/costruisciearreda.it/wp-content/uploads/2024/06/Raggruppa-1646.jpg’

     0K .......... .......... .......... .......... .......... 12% 17,6M 0s
    50K .......... .......... .......... .......... .......... 24%  442M 0s
   100K .......... .......... .......... .......... .......... 36% 20,6M 0s
   150K .......... .......... .......... .......... .......... 48%  665M 0s
   200K .......... .......... .......... .......... .......... 61% 2,66M 0s
   250K .......... .......... .......... .......... .......... 73% 16,5M 0s
   300K .......... .......... .......... .......... .......... 85%  515M 0s
   350K .......... .......... .......... .......... .......... 97% 14,3M 0s
   400K ........                                              100%  396M=0,03s

2026-09-01 15:13:37 (13,2 MB/s) - ‘costruisciearreda-static/costruisciearreda.it/wp-content/uploads/2024/06/Raggruppa-1646.jpg’ salvato [418184/418184]

--2026-09-01 15:13:37--  https://costruisciearreda.it/wp-content/uploads/2024/07/RivenditaEdile-1024x781.jpg
Riutilizzo della connessione esistente a costruisciearreda.it:443.
Richiesta HTTP inviata, in attesa di risposta... 200 OK
Lunghezza: 65270 (64K) [image/jpeg]
Salvataggio in: ‘costruisciearreda-static/costruisciearreda.it/wp-content/uploads/2024/07/RivenditaEdile-1024x781.jpg’

     0K .......... .......... .......... .......... .......... 78% 21,7M 0s
    50K .......... ...                                        100%  648M=0,002s

2026-09-01 15:13:37 (27,4 MB/s) - ‘costruisciearreda-static/costruisciearreda.it/wp-content/uploads/2024/07/RivenditaEdile-1024x781.jpg’ salvato [65270/65270]

--2026-09-01 15:13:37--  https://costruisciearreda.it/wp-content/uploads/2024/07/RivenditaEdile-300x229.jpg
Riutilizzo della connessione esistente a costruisciearreda.it:443.
Richiesta HTTP inviata, in attesa di risposta... 200 OK
Lunghezza: 8658 (8,5K) [image/jpeg]
Salvataggio in: ‘costruisciearreda-static/costruisciearreda.it/wp-content/uploads/2024/07/RivenditaEdile-300x229.jpg’

     0K ........                                              100%  160M=0s

2026-09-01 15:13:37 (160 MB/s) - ‘costruisciearreda-static/costruisciearreda.it/wp-content/uploads/2024/07/RivenditaEdile-300x229.jpg’ salvato [8658/8658]

--2026-09-01 15:13:37--  https://costruisciearreda.it/wp-content/uploads/2024/07/RivenditaEdile-768x586.jpg
Riutilizzo della connessione esistente a costruisciearreda.it:443.
Richiesta HTTP inviata, in attesa di risposta... 200 OK
Lunghezza: 40175 (39K) [image/jpeg]
Salvataggio in: ‘costruisciearreda-static/costruisciearreda.it/wp-content/uploads/2024/07/RivenditaEdile-768x586.jpg’

     0K .......... .......... .......... .........            100% 30,9M=0,001s

2026-09-01 15:13:37 (30,9 MB/s) - ‘costruisciearreda-static/costruisciearreda.it/wp-content/uploads/2024/07/RivenditaEdile-768x586.jpg’ salvato [40175/40175]

--2026-09-01 15:13:37--  https://costruisciearreda.it/wp-content/uploads/2024/07/RivenditaEdile-1536x1172.jpg
Riutilizzo della connessione esistente a costruisciearreda.it:443.
Richiesta HTTP inviata, in attesa di risposta... 200 OK
Lunghezza: 130546 (127K) [image/jpeg]
Salvataggio in: ‘costruisciearreda-static/costruisciearreda.it/wp-content/uploads/2024/07/RivenditaEdile-1536x1172.jpg’

     0K .......... .......... .......... .......... .......... 39% 9,02M 0s
    50K .......... .......... .......... .......... .......... 78%  739M 0s
   100K .......... .......... .......                         100%  699M=0,006s

2026-09-01 15:13:37 (22,6 MB/s) - ‘costruisciearreda-static/costruisciearreda.it/wp-content/uploads/2024/07/RivenditaEdile-1536x1172.jpg’ salvato [130546/130546]

--2026-09-01 15:13:37--  https://costruisciearreda.it/wp-content/uploads/2024/07/RivenditaEdile.jpg
Riutilizzo della connessione esistente a costruisciearreda.it:443.
Richiesta HTTP inviata, in attesa di risposta... 200 OK
Lunghezza: 861492 (841K) [image/jpeg]
Salvataggio in: ‘costruisciearreda-static/costruisciearreda.it/wp-content/uploads/2024/07/RivenditaEdile.jpg’

     0K .......... .......... .......... .......... ..........  5% 18,7M 0s
    50K .......... .......... .......... .......... .......... 11%  723M 0s
   100K .......... .......... .......... .......... .......... 17% 19,9M 0s
   150K .......... .......... .......... .......... .......... 23%  877M 0s
   200K .......... .......... .......... .......... .......... 29% 2,40M 0s
   250K .......... .......... .......... .......... .......... 35%  649M 0s
   300K .......... .......... .......... .......... .......... 41% 15,0M 0s
   350K .......... .......... .......... .......... .......... 47%  458M 0s
   400K .......... .......... .......... .......... .......... 53% 61,8M 0s
   450K .......... .......... .......... .......... .......... 59% 3,42M 0s
   500K .......... .......... .......... .......... .......... 65% 24,3M 0s
   550K .......... .......... .......... .......... .......... 71% 14,6M 0s
   600K .......... .......... .......... .......... .......... 77% 78,5M 0s
   650K .......... .......... .......... .......... .......... 83% 3,47M 0s
   700K .......... .......... .......... .......... .......... 89% 25,6M 0s
   750K .......... .......... .......... .......... .......... 95%  586M 0s
   800K .......... .......... .......... .......... .         100% 11,4M=0,07s

2026-09-01 15:13:37 (11,8 MB/s) - ‘costruisciearreda-static/costruisciearreda.it/wp-content/uploads/2024/07/RivenditaEdile.jpg’ salvato [861492/861492]

--2026-09-01 15:13:37--  https://costruisciearreda.it/wp-content/uploads/2024/06/0000_vetroasfalto-150x150.png
Riutilizzo della connessione esistente a costruisciearreda.it:443.
Richiesta HTTP inviata, in attesa di risposta... 200 OK
Lunghezza: 3195 (3,1K) [image/png]
Salvataggio in: ‘costruisciearreda-static/costruisciearreda.it/wp-content/uploads/2024/06/0000_vetroasfalto-150x150.png’

     0K ...                                                   100% 6,95G=0s

2026-09-01 15:13:37 (6,95 GB/s) - ‘costruisciearreda-static/costruisciearreda.it/wp-content/uploads/2024/06/0000_vetroasfalto-150x150.png’ salvato [3195/3195]

--2026-09-01 15:13:37--  https://costruisciearreda.it/wp-content/uploads/2024/06/Polymerbit-150x150.png
Riutilizzo della connessione esistente a costruisciearreda.it:443.
Richiesta HTTP inviata, in attesa di risposta... 200 OK
Lunghezza: 3981 (3,9K) [image/png]
Salvataggio in: ‘costruisciearreda-static/costruisciearreda.it/wp-content/uploads/2024/06/Polymerbit-150x150.png’

     0K ...                                                   100% 4,84G=0s

2026-09-01 15:13:37 (4,84 GB/s) - ‘costruisciearreda-static/costruisciearreda.it/wp-content/uploads/2024/06/Polymerbit-150x150.png’ salvato [3981/3981]

--2026-09-01 15:13:37--  https://costruisciearreda.it/wp-content/uploads/2024/06/Mapei-150x150.png
Riutilizzo della connessione esistente a costruisciearreda.it:443.
Richiesta HTTP inviata, in attesa di risposta... 200 OK
Lunghezza: 3220 (3,1K) [image/png]
Salvataggio in: ‘costruisciearreda-static/costruisciearreda.it/wp-content/uploads/2024/06/Mapei-150x150.png’

     0K ...                                                   100% 6,11G=0s

2026-09-01 15:13:37 (6,11 GB/s) - ‘costruisciearreda-static/costruisciearreda.it/wp-content/uploads/2024/06/Mapei-150x150.png’ salvato [3220/3220]

--2026-09-01 15:13:37--  https://costruisciearreda.it/wp-content/uploads/2024/06/Isolmant-150x150.png
Riutilizzo della connessione esistente a costruisciearreda.it:443.
Richiesta HTTP inviata, in attesa di risposta... 200 OK
Lunghezza: 2441 (2,4K) [image/png]
Salvataggio in: ‘costruisciearreda-static/costruisciearreda.it/wp-content/uploads/2024/06/Isolmant-150x150.png’

     0K ..                                                    100% 5,07G=0s

2026-09-01 15:13:37 (5,07 GB/s) - ‘costruisciearreda-static/costruisciearreda.it/wp-content/uploads/2024/06/Isolmant-150x150.png’ salvato [2441/2441]

--2026-09-01 15:13:37--  https://costruisciearreda.it/wp-content/uploads/2024/06/0014_CVR-150x150.png
Riutilizzo della connessione esistente a costruisciearreda.it:443.
Richiesta HTTP inviata, in attesa di risposta... 200 OK
Lunghezza: 2494 (2,4K) [image/png]
Salvataggio in: ‘costruisciearreda-static/costruisciearreda.it/wp-content/uploads/2024/06/0014_CVR-150x150.png’

     0K ..                                                    100% 4,22G=0s

2026-09-01 15:13:37 (4,22 GB/s) - ‘costruisciearreda-static/costruisciearreda.it/wp-content/uploads/2024/06/0014_CVR-150x150.png’ salvato [2494/2494]

--2026-09-01 15:13:37--  https://costruisciearreda.it/wp-content/uploads/2024/06/0013_ECLISSE-150x150.png
Riutilizzo della connessione esistente a costruisciearreda.it:443.
Richiesta HTTP inviata, in attesa di risposta... 200 OK
Lunghezza: 3113 (3,0K) [image/png]
Salvataggio in: ‘costruisciearreda-static/costruisciearreda.it/wp-content/uploads/2024/06/0013_ECLISSE-150x150.png’

     0K ...                                                   100% 2,66G=0s

2026-09-01 15:13:37 (2,66 GB/s) - ‘costruisciearreda-static/costruisciearreda.it/wp-content/uploads/2024/06/0013_ECLISSE-150x150.png’ salvato [3113/3113]

--2026-09-01 15:13:37--  https://costruisciearreda.it/wp-content/uploads/2024/06/0012_schluter-systems-150x150.png
Riutilizzo della connessione esistente a costruisciearreda.it:443.
Richiesta HTTP inviata, in attesa di risposta... 200 OK
Lunghezza: 3395 (3,3K) [image/png]
Salvataggio in: ‘costruisciearreda-static/costruisciearreda.it/wp-content/uploads/2024/06/0012_schluter-systems-150x150.png’

     0K ...                                                   100% 3,49G=0s

2026-09-01 15:13:37 (3,49 GB/s) - ‘costruisciearreda-static/costruisciearreda.it/wp-content/uploads/2024/06/0012_schluter-systems-150x150.png’ salvato [3395/3395]

--2026-09-01 15:13:37--  https://costruisciearreda.it/wp-content/uploads/2024/06/0011_gasbeton-150x150.png
Riutilizzo della connessione esistente a costruisciearreda.it:443.
Richiesta HTTP inviata, in attesa di risposta... 200 OK
Lunghezza: 2700 (2,6K) [image/png]
Salvataggio in: ‘costruisciearreda-static/costruisciearreda.it/wp-content/uploads/2024/06/0011_gasbeton-150x150.png’

     0K ..                                                    100% 5,42G=0s

2026-09-01 15:13:37 (5,42 GB/s) - ‘costruisciearreda-static/costruisciearreda.it/wp-content/uploads/2024/06/0011_gasbeton-150x150.png’ salvato [2700/2700]

--2026-09-01 15:13:37--  https://costruisciearreda.it/wp-content/uploads/2024/06/0010_five-150x150.png
Riutilizzo della connessione esistente a costruisciearreda.it:443.
Richiesta HTTP inviata, in attesa di risposta... 200 OK
Lunghezza: 2979 (2,9K) [image/png]
Salvataggio in: ‘costruisciearreda-static/costruisciearreda.it/wp-content/uploads/2024/06/0010_five-150x150.png’

     0K ..                                                    100% 5,10G=0s

2026-09-01 15:13:37 (5,10 GB/s) - ‘costruisciearreda-static/costruisciearreda.it/wp-content/uploads/2024/06/0010_five-150x150.png’ salvato [2979/2979]

--2026-09-01 15:13:37--  https://costruisciearreda.it/wp-content/uploads/2024/06/0009_calceforte-150x150.png
Riutilizzo della connessione esistente a costruisciearreda.it:443.
Richiesta HTTP inviata, in attesa di risposta... 200 OK
Lunghezza: 5109 (5,0K) [image/png]
Salvataggio in: ‘costruisciearreda-static/costruisciearreda.it/wp-content/uploads/2024/06/0009_calceforte-150x150.png’

     0K ....                                                  100% 4,90G=0s

2026-09-01 15:13:37 (4,90 GB/s) - ‘costruisciearreda-static/costruisciearreda.it/wp-content/uploads/2024/06/0009_calceforte-150x150.png’ salvato [5109/5109]

--2026-09-01 15:13:37--  https://costruisciearreda.it/wp-content/uploads/2024/06/0008_Ellisse-1-150x150.png
Riutilizzo della connessione esistente a costruisciearreda.it:443.
Richiesta HTTP inviata, in attesa di risposta... 200 OK
Lunghezza: 4787 (4,7K) [image/png]
Salvataggio in: ‘costruisciearreda-static/costruisciearreda.it/wp-content/uploads/2024/06/0008_Ellisse-1-150x150.png’

     0K ....                                                  100% 5,93G=0s

2026-09-01 15:13:37 (5,93 GB/s) - ‘costruisciearreda-static/costruisciearreda.it/wp-content/uploads/2024/06/0008_Ellisse-1-150x150.png’ salvato [4787/4787]

--2026-09-01 15:13:37--  https://costruisciearreda.it/wp-content/uploads/2024/06/0007_linvea-150x150.png
Riutilizzo della connessione esistente a costruisciearreda.it:443.
Richiesta HTTP inviata, in attesa di risposta... 200 OK
Lunghezza: 2636 (2,6K) [image/png]
Salvataggio in: ‘costruisciearreda-static/costruisciearreda.it/wp-content/uploads/2024/06/0007_linvea-150x150.png’

     0K ..                                                    100% 3,68G=0s

2026-09-01 15:13:37 (3,68 GB/s) - ‘costruisciearreda-static/costruisciearreda.it/wp-content/uploads/2024/06/0007_linvea-150x150.png’ salvato [2636/2636]

--2026-09-01 15:13:37--  https://costruisciearreda.it/wp-content/uploads/2024/06/0006_marmorinotools_logo-150x150.png
Riutilizzo della connessione esistente a costruisciearreda.it:443.
Richiesta HTTP inviata, in attesa di risposta... 200 OK
Lunghezza: 3578 (3,5K) [image/png]
Salvataggio in: ‘costruisciearreda-static/costruisciearreda.it/wp-content/uploads/2024/06/0006_marmorinotools_logo-150x150.png’

     0K ...                                                   100% 4,37G=0s

2026-09-01 15:13:37 (4,37 GB/s) - ‘costruisciearreda-static/costruisciearreda.it/wp-content/uploads/2024/06/0006_marmorinotools_logo-150x150.png’ salvato [3578/3578]

--2026-09-01 15:13:37--  https://costruisciearreda.it/wp-content/uploads/2024/06/0005_Gyproc_Logo_RGB-150x150.png
Riutilizzo della connessione esistente a costruisciearreda.it:443.
Richiesta HTTP inviata, in attesa di risposta... 200 OK
Lunghezza: 3428 (3,3K) [image/png]
Salvataggio in: ‘costruisciearreda-static/costruisciearreda.it/wp-content/uploads/2024/06/0005_Gyproc_Logo_RGB-150x150.png’

     0K ...                                                   100% 6,78G=0s

2026-09-01 15:13:37 (6,78 GB/s) - ‘costruisciearreda-static/costruisciearreda.it/wp-content/uploads/2024/06/0005_Gyproc_Logo_RGB-150x150.png’ salvato [3428/3428]

--2026-09-01 15:13:37--  https://costruisciearreda.it/wp-content/uploads/2024/06/0004_fornaci-dcb-150x150.png
Riutilizzo della connessione esistente a costruisciearreda.it:443.
Richiesta HTTP inviata, in attesa di risposta... 200 OK
Lunghezza: 3749 (3,7K) [image/png]
Salvataggio in: ‘costruisciearreda-static/costruisciearreda.it/wp-content/uploads/2024/06/0004_fornaci-dcb-150x150.png’

     0K ...                                                   100% 3,12G=0s

2026-09-01 15:13:37 (3,12 GB/s) - ‘costruisciearreda-static/costruisciearreda.it/wp-content/uploads/2024/06/0004_fornaci-dcb-150x150.png’ salvato [3749/3749]

--2026-09-01 15:13:37--  https://costruisciearreda.it/wp-content/uploads/2024/06/0003_moccia-150x150.png
Riutilizzo della connessione esistente a costruisciearreda.it:443.
Richiesta HTTP inviata, in attesa di risposta... 200 OK
Lunghezza: 2193 (2,1K) [image/png]
Salvataggio in: ‘costruisciearreda-static/costruisciearreda.it/wp-content/uploads/2024/06/0003_moccia-150x150.png’

     0K ..                                                    100% 1,18G=0s

2026-09-01 15:13:37 (1,18 GB/s) - ‘costruisciearreda-static/costruisciearreda.it/wp-content/uploads/2024/06/0003_moccia-150x150.png’ salvato [2193/2193]

--2026-09-01 15:13:37--  https://costruisciearreda.it/wp-content/uploads/2024/06/0002_montolit-logo-150x150.png
Riutilizzo della connessione esistente a costruisciearreda.it:443.
Richiesta HTTP inviata, in attesa di risposta... 200 OK
Lunghezza: 4125 (4,0K) [image/png]
Salvataggio in: ‘costruisciearreda-static/costruisciearreda.it/wp-content/uploads/2024/06/0002_montolit-logo-150x150.png’

     0K ....                                                  100% 2,55G=0s

2026-09-01 15:13:37 (2,55 GB/s) - ‘costruisciearreda-static/costruisciearreda.it/wp-content/uploads/2024/06/0002_montolit-logo-150x150.png’ salvato [4125/4125]

--2026-09-01 15:13:37--  https://costruisciearreda.it/wp-content/uploads/2024/06/0001_adesivi-makita-logo-150x150.png
Riutilizzo della connessione esistente a costruisciearreda.it:443.
Richiesta HTTP inviata, in attesa di risposta... 200 OK
Lunghezza: 2771 (2,7K) [image/png]
Salvataggio in: ‘costruisciearreda-static/costruisciearreda.it/wp-content/uploads/2024/06/0001_adesivi-makita-logo-150x150.png’

     0K ..                                                    100% 4,45G=0s

2026-09-01 15:13:37 (4,45 GB/s) - ‘costruisciearreda-static/costruisciearreda.it/wp-content/uploads/2024/06/0001_adesivi-makita-logo-150x150.png’ salvato [2771/2771]

--2026-09-01 15:13:37--  https://costruisciearreda.it/wp-content/uploads/2024/06/0000_vetroasfalto.png
Riutilizzo della connessione esistente a costruisciearreda.it:443.
Richiesta HTTP inviata, in attesa di risposta... 200 OK
Lunghezza: 12361 (12K) [image/png]
Salvataggio in: ‘costruisciearreda-static/costruisciearreda.it/wp-content/uploads/2024/06/0000_vetroasfalto.png’

     0K .......... ..                                         100%  261M=0s

2026-09-01 15:13:38 (261 MB/s) - ‘costruisciearreda-static/costruisciearreda.it/wp-content/uploads/2024/06/0000_vetroasfalto.png’ salvato [12361/12361]

--2026-09-01 15:13:38--  https://costruisciearreda.it/wp-content/uploads/2024/06/0001_adesivi-makita-logo.png
Riutilizzo della connessione esistente a costruisciearreda.it:443.
Richiesta HTTP inviata, in attesa di risposta... 200 OK
Lunghezza: 9989 (9,8K) [image/png]
Salvataggio in: ‘costruisciearreda-static/costruisciearreda.it/wp-content/uploads/2024/06/0001_adesivi-makita-logo.png’

     0K .........                                             100%  316M=0s

2026-09-01 15:13:38 (316 MB/s) - ‘costruisciearreda-static/costruisciearreda.it/wp-content/uploads/2024/06/0001_adesivi-makita-logo.png’ salvato [9989/9989]

--2026-09-01 15:13:38--  https://costruisciearreda.it/wp-content/uploads/2024/06/0002_montolit-logo.png
Riutilizzo della connessione esistente a costruisciearreda.it:443.
Richiesta HTTP inviata, in attesa di risposta... 200 OK
Lunghezza: 15091 (15K) [image/png]
Salvataggio in: ‘costruisciearreda-static/costruisciearreda.it/wp-content/uploads/2024/06/0002_montolit-logo.png’

     0K .......... ....                                       100%  357M=0s

2026-09-01 15:13:38 (357 MB/s) - ‘costruisciearreda-static/costruisciearreda.it/wp-content/uploads/2024/06/0002_montolit-logo.png’ salvato [15091/15091]

--2026-09-01 15:13:38--  https://costruisciearreda.it/wp-content/uploads/2024/06/0003_moccia.png
Riutilizzo della connessione esistente a costruisciearreda.it:443.
Richiesta HTTP inviata, in attesa di risposta... 200 OK
Lunghezza: 8241 (8,0K) [image/png]
Salvataggio in: ‘costruisciearreda-static/costruisciearreda.it/wp-content/uploads/2024/06/0003_moccia.png’

     0K ........                                              100%  202M=0s

2026-09-01 15:13:38 (202 MB/s) - ‘costruisciearreda-static/costruisciearreda.it/wp-content/uploads/2024/06/0003_moccia.png’ salvato [8241/8241]

--2026-09-01 15:13:38--  https://costruisciearreda.it/wp-content/uploads/2024/06/0004_fornaci-dcb.png
Riutilizzo della connessione esistente a costruisciearreda.it:443.
Richiesta HTTP inviata, in attesa di risposta... 200 OK
Lunghezza: 12000 (12K) [image/png]
Salvataggio in: ‘costruisciearreda-static/costruisciearreda.it/wp-content/uploads/2024/06/0004_fornaci-dcb.png’

     0K .......... .                                          100%  365M=0s

2026-09-01 15:13:38 (365 MB/s) - ‘costruisciearreda-static/costruisciearreda.it/wp-content/uploads/2024/06/0004_fornaci-dcb.png’ salvato [12000/12000]

--2026-09-01 15:13:38--  https://costruisciearreda.it/wp-content/uploads/2024/06/0005_Gyproc_Logo_RGB.png
Riutilizzo della connessione esistente a costruisciearreda.it:443.
Richiesta HTTP inviata, in attesa di risposta... 200 OK
Lunghezza: 10705 (10K) [image/png]
Salvataggio in: ‘costruisciearreda-static/costruisciearreda.it/wp-content/uploads/2024/06/0005_Gyproc_Logo_RGB.png’

     0K ..........                                            100%  216M=0s

2026-09-01 15:13:38 (216 MB/s) - ‘costruisciearreda-static/costruisciearreda.it/wp-content/uploads/2024/06/0005_Gyproc_Logo_RGB.png’ salvato [10705/10705]

--2026-09-01 15:13:38--  https://costruisciearreda.it/wp-content/uploads/2024/06/0006_marmorinotools_logo.png
Riutilizzo della connessione esistente a costruisciearreda.it:443.
Richiesta HTTP inviata, in attesa di risposta... 200 OK
Lunghezza: 14486 (14K) [image/png]
Salvataggio in: ‘costruisciearreda-static/costruisciearreda.it/wp-content/uploads/2024/06/0006_marmorinotools_logo.png’

     0K .......... ....                                       100%  333M=0s

2026-09-01 15:13:38 (333 MB/s) - ‘costruisciearreda-static/costruisciearreda.it/wp-content/uploads/2024/06/0006_marmorinotools_logo.png’ salvato [14486/14486]

--2026-09-01 15:13:38--  https://costruisciearreda.it/wp-content/uploads/2024/06/0007_linvea.png
Riutilizzo della connessione esistente a costruisciearreda.it:443.
Richiesta HTTP inviata, in attesa di risposta... 200 OK
Lunghezza: 9052 (8,8K) [image/png]
Salvataggio in: ‘costruisciearreda-static/costruisciearreda.it/wp-content/uploads/2024/06/0007_linvea.png’

     0K ........                                              100%  282M=0s

2026-09-01 15:13:38 (282 MB/s) - ‘costruisciearreda-static/costruisciearreda.it/wp-content/uploads/2024/06/0007_linvea.png’ salvato [9052/9052]

--2026-09-01 15:13:38--  https://costruisciearreda.it/wp-content/uploads/2024/06/0008_Ellisse-1.png
Riutilizzo della connessione esistente a costruisciearreda.it:443.
Richiesta HTTP inviata, in attesa di risposta... 200 OK
Lunghezza: 13973 (14K) [image/png]
Salvataggio in: ‘costruisciearreda-static/costruisciearreda.it/wp-content/uploads/2024/06/0008_Ellisse-1.png’

     0K .......... ...                                        100%  350M=0s

2026-09-01 15:13:38 (350 MB/s) - ‘costruisciearreda-static/costruisciearreda.it/wp-content/uploads/2024/06/0008_Ellisse-1.png’ salvato [13973/13973]

--2026-09-01 15:13:38--  https://costruisciearreda.it/wp-content/uploads/2024/06/0009_calceforte.png
Riutilizzo della connessione esistente a costruisciearreda.it:443.
Richiesta HTTP inviata, in attesa di risposta... 200 OK
Lunghezza: 25748 (25K) [image/png]
Salvataggio in: ‘costruisciearreda-static/costruisciearreda.it/wp-content/uploads/2024/06/0009_calceforte.png’

     0K .......... .......... .....                           100%  315M=0s

2026-09-01 15:13:38 (315 MB/s) - ‘costruisciearreda-static/costruisciearreda.it/wp-content/uploads/2024/06/0009_calceforte.png’ salvato [25748/25748]

--2026-09-01 15:13:38--  https://costruisciearreda.it/wp-content/uploads/2024/06/0010_five.png
Riutilizzo della connessione esistente a costruisciearreda.it:443.
Richiesta HTTP inviata, in attesa di risposta... 200 OK
Lunghezza: 7519 (7,3K) [image/png]
Salvataggio in: ‘costruisciearreda-static/costruisciearreda.it/wp-content/uploads/2024/06/0010_five.png’

     0K .......                                               100% 11,1G=0s

2026-09-01 15:13:38 (11,1 GB/s) - ‘costruisciearreda-static/costruisciearreda.it/wp-content/uploads/2024/06/0010_five.png’ salvato [7519/7519]

--2026-09-01 15:13:38--  https://costruisciearreda.it/wp-content/uploads/2024/06/0011_gasbeton.png
Riutilizzo della connessione esistente a costruisciearreda.it:443.
Richiesta HTTP inviata, in attesa di risposta... 200 OK
Lunghezza: 8917 (8,7K) [image/png]
Salvataggio in: ‘costruisciearreda-static/costruisciearreda.it/wp-content/uploads/2024/06/0011_gasbeton.png’

     0K ........                                              100%  276M=0s

2026-09-01 15:13:38 (276 MB/s) - ‘costruisciearreda-static/costruisciearreda.it/wp-content/uploads/2024/06/0011_gasbeton.png’ salvato [8917/8917]

--2026-09-01 15:13:38--  https://costruisciearreda.it/wp-content/uploads/2024/06/0012_schluter-systems.png
Riutilizzo della connessione esistente a costruisciearreda.it:443.
Richiesta HTTP inviata, in attesa di risposta... 200 OK
Lunghezza: 11034 (11K) [image/png]
Salvataggio in: ‘costruisciearreda-static/costruisciearreda.it/wp-content/uploads/2024/06/0012_schluter-systems.png’

     0K ..........                                            100%  316M=0s

2026-09-01 15:13:38 (316 MB/s) - ‘costruisciearreda-static/costruisciearreda.it/wp-content/uploads/2024/06/0012_schluter-systems.png’ salvato [11034/11034]

--2026-09-01 15:13:38--  https://costruisciearreda.it/wp-content/uploads/2024/06/0013_ECLISSE.png
Riutilizzo della connessione esistente a costruisciearreda.it:443.
Richiesta HTTP inviata, in attesa di risposta... 200 OK
Lunghezza: 10535 (10K) [image/png]
Salvataggio in: ‘costruisciearreda-static/costruisciearreda.it/wp-content/uploads/2024/06/0013_ECLISSE.png’

     0K ..........                                            100%  322M=0s

2026-09-01 15:13:38 (322 MB/s) - ‘costruisciearreda-static/costruisciearreda.it/wp-content/uploads/2024/06/0013_ECLISSE.png’ salvato [10535/10535]

--2026-09-01 15:13:38--  https://costruisciearreda.it/wp-content/uploads/2024/06/0014_CVR.png
Riutilizzo della connessione esistente a costruisciearreda.it:443.
Richiesta HTTP inviata, in attesa di risposta... 200 OK
Lunghezza: 9571 (9,3K) [image/png]
Salvataggio in: ‘costruisciearreda-static/costruisciearreda.it/wp-content/uploads/2024/06/0014_CVR.png’

     0K .........                                             100%  167M=0s

2026-09-01 15:13:38 (167 MB/s) - ‘costruisciearreda-static/costruisciearreda.it/wp-content/uploads/2024/06/0014_CVR.png’ salvato [9571/9571]

--2026-09-01 15:13:38--  https://costruisciearreda.it/wp-content/uploads/2024/06/Isolmant.png
Riutilizzo della connessione esistente a costruisciearreda.it:443.
Richiesta HTTP inviata, in attesa di risposta... 200 OK
Lunghezza: 4500 (4,4K) [image/png]
Salvataggio in: ‘costruisciearreda-static/costruisciearreda.it/wp-content/uploads/2024/06/Isolmant.png’

     0K ....                                                  100% 7,47G=0s

2026-09-01 15:13:38 (7,47 GB/s) - ‘costruisciearreda-static/costruisciearreda.it/wp-content/uploads/2024/06/Isolmant.png’ salvato [4500/4500]

--2026-09-01 15:13:38--  https://costruisciearreda.it/wp-content/uploads/2024/06/Mapei.png
Riutilizzo della connessione esistente a costruisciearreda.it:443.
Richiesta HTTP inviata, in attesa di risposta... 200 OK
Lunghezza: 6455 (6,3K) [image/png]
Salvataggio in: ‘costruisciearreda-static/costruisciearreda.it/wp-content/uploads/2024/06/Mapei.png’

     0K ......                                                100% 11,0G=0s

2026-09-01 15:13:38 (11,0 GB/s) - ‘costruisciearreda-static/costruisciearreda.it/wp-content/uploads/2024/06/Mapei.png’ salvato [6455/6455]

--2026-09-01 15:13:38--  https://costruisciearreda.it/wp-content/uploads/2024/06/Polymerbit.png
Riutilizzo della connessione esistente a costruisciearreda.it:443.
Richiesta HTTP inviata, in attesa di risposta... 200 OK
Lunghezza: 12032 (12K) [image/png]
Salvataggio in: ‘costruisciearreda-static/costruisciearreda.it/wp-content/uploads/2024/06/Polymerbit.png’

     0K .......... .                                          100%  390M=0s

2026-09-01 15:13:38 (390 MB/s) - ‘costruisciearreda-static/costruisciearreda.it/wp-content/uploads/2024/06/Polymerbit.png’ salvato [12032/12032]

--2026-09-01 15:13:38--  https://costruisciearreda.it/type_stores/ferramenta/feed/
Riutilizzo della connessione esistente a costruisciearreda.it:443.
Richiesta HTTP inviata, in attesa di risposta... 200 OK
Lunghezza: non specificato [application/rss+xml]
Salvataggio in: ‘costruisciearreda-static/costruisciearreda.it/type_stores/ferramenta/feed/index.html’

     0K                                                         530M=0s

2026-09-01 15:13:38 (530 MB/s) - ‘costruisciearreda-static/costruisciearreda.it/type_stores/ferramenta/feed/index.html’ salvato [944]

--2026-09-01 15:13:38--  https://costruisciearreda.it/wp-content/cache/wpo-minify/1788241814/assets/wpo-minify-header-0626a3db.min.css
Riutilizzo della connessione esistente a costruisciearreda.it:443.
Richiesta HTTP inviata, in attesa di risposta... 200 OK
Lunghezza: 725197 (708K) [text/css]
Salvataggio in: ‘costruisciearreda-static/costruisciearreda.it/wp-content/cache/wpo-minify/1788241814/assets/wpo-minify-header-0626a3db.min.css’

     0K .......... .......... .......... .......... ..........  7% 21,6M 0s
    50K .......... .......... .......... .......... .......... 14% 32,0M 0s
   100K .......... .......... .......... .......... .......... 21% 2,84M 0s
   150K .......... .......... .......... .......... .......... 28% 17,9M 0s
   200K .......... .......... .......... .......... .......... 35% 20,8M 0s
   250K .......... .......... .......... .......... .......... 42% 49,3M 0s
   300K .......... .......... .......... .......... .......... 49% 5,32M 0s
   350K .......... .......... .......... .......... .......... 56% 5,22M 0s
   400K .......... .......... .......... .......... .......... 63% 13,9M 0s
   450K .......... .......... .......... .......... .......... 70% 22,1M 0s
   500K .......... .......... .......... .......... .......... 77% 21,0M 0s
   550K .......... .......... .......... .......... .......... 84% 5,04M 0s
   600K .......... .......... .......... .......... .......... 91% 8,78M 0s
   650K .......... .......... .......... .......... .......... 98% 23,0M 0s
   700K ........                                              100%  422M=0,07s

2026-09-01 15:13:38 (9,74 MB/s) - ‘costruisciearreda-static/costruisciearreda.it/wp-content/cache/wpo-minify/1788241814/assets/wpo-minify-header-0626a3db.min.css’ salvato [725197/725197]

--2026-09-01 15:13:38--  https://costruisciearreda.it/wp-content/uploads/2024/06/Raggruppa-1647-3.jpg
Riutilizzo della connessione esistente a costruisciearreda.it:443.
Richiesta HTTP inviata, in attesa di risposta... 200 OK
Lunghezza: 520608 (508K) [image/jpeg]
Salvataggio in: ‘costruisciearreda-static/costruisciearreda.it/wp-content/uploads/2024/06/Raggruppa-1647-3.jpg’

     0K .......... .......... .......... .......... ..........  9%  445M 0s
    50K .......... .......... .......... .......... .......... 19% 17,4M 0s
   100K .......... .......... .......... .......... .......... 29%  461M 0s
   150K .......... .......... .......... .......... .......... 39% 24,1M 0s
   200K .......... .......... .......... .......... .......... 49% 2,59M 0s
   250K .......... .......... .......... .......... .......... 59%  566M 0s
   300K .......... .......... .......... .......... .......... 68% 17,5M 0s
   350K .......... .......... .......... .......... .......... 78%  537M 0s
   400K .......... .......... .......... .......... .......... 88% 20,0M 0s
   450K .......... .......... .......... .......... .......... 98% 3,15M 0s
   500K ........                                              100%  374M=0,04s

2026-09-01 15:13:39 (11,1 MB/s) - ‘costruisciearreda-static/costruisciearreda.it/wp-content/uploads/2024/06/Raggruppa-1647-3.jpg’ salvato [520608/520608]

--2026-09-01 15:13:39--  https://costruisciearreda.it/wp-content/uploads/2024/08/Ferramenta2-1024x781.jpg
Riutilizzo della connessione esistente a costruisciearreda.it:443.
Richiesta HTTP inviata, in attesa di risposta... 200 OK
Lunghezza: 150677 (147K) [image/jpeg]
Salvataggio in: ‘costruisciearreda-static/costruisciearreda.it/wp-content/uploads/2024/08/Ferramenta2-1024x781.jpg’

     0K .......... .......... .......... .......... .......... 33%  432M 0s
    50K .......... .......... .......... .......... .......... 67% 29,0M 0s
   100K .......... .......... .......... .......... .......   100%  425M=0,002s

2026-09-01 15:13:39 (75,5 MB/s) - ‘costruisciearreda-static/costruisciearreda.it/wp-content/uploads/2024/08/Ferramenta2-1024x781.jpg’ salvato [150677/150677]

--2026-09-01 15:13:39--  https://costruisciearreda.it/wp-content/uploads/2024/08/Ferramenta2-300x229.jpg
Riutilizzo della connessione esistente a costruisciearreda.it:443.
Richiesta HTTP inviata, in attesa di risposta... 200 OK
Lunghezza: 10710 (10K) [image/jpeg]
Salvataggio in: ‘costruisciearreda-static/costruisciearreda.it/wp-content/uploads/2024/08/Ferramenta2-300x229.jpg’

     0K ..........                                            100%  264M=0s

2026-09-01 15:13:39 (264 MB/s) - ‘costruisciearreda-static/costruisciearreda.it/wp-content/uploads/2024/08/Ferramenta2-300x229.jpg’ salvato [10710/10710]

--2026-09-01 15:13:39--  https://costruisciearreda.it/wp-content/uploads/2024/08/Ferramenta2-768x586.jpg
Riutilizzo della connessione esistente a costruisciearreda.it:443.
Richiesta HTTP inviata, in attesa di risposta... 200 OK
Lunghezza: 81242 (79K) [image/jpeg]
Salvataggio in: ‘costruisciearreda-static/costruisciearreda.it/wp-content/uploads/2024/08/Ferramenta2-768x586.jpg’

     0K .......... .......... .......... .......... .......... 63% 30,5M 0s
    50K .......... .......... .........                       100%  467M=0,002s

2026-09-01 15:13:39 (46,6 MB/s) - ‘costruisciearreda-static/costruisciearreda.it/wp-content/uploads/2024/08/Ferramenta2-768x586.jpg’ salvato [81242/81242]

--2026-09-01 15:13:39--  https://costruisciearreda.it/wp-content/uploads/2024/08/Ferramenta2-1536x1172.jpg
Riutilizzo della connessione esistente a costruisciearreda.it:443.
Richiesta HTTP inviata, in attesa di risposta... 200 OK
Lunghezza: 333535 (326K) [image/jpeg]
Salvataggio in: ‘costruisciearreda-static/costruisciearreda.it/wp-content/uploads/2024/08/Ferramenta2-1536x1172.jpg’

     0K .......... .......... .......... .......... .......... 15%  621M 0s
    50K .......... .......... .......... .......... .......... 30% 4,58M 0s
   100K .......... .......... .......... .......... .......... 46%  658M 0s
   150K .......... .......... .......... .......... .......... 61% 7,64M 0s
   200K .......... .......... .......... .......... .......... 76% 25,4M 0s
   250K .......... .......... .......... .......... .......... 92% 6,25M 0s
   300K .......... .......... .....                           100% 8,54M=0,03s

2026-09-01 15:13:39 (10,6 MB/s) - ‘costruisciearreda-static/costruisciearreda.it/wp-content/uploads/2024/08/Ferramenta2-1536x1172.jpg’ salvato [333535/333535]

--2026-09-01 15:13:39--  https://costruisciearreda.it/wp-content/uploads/2024/08/Ferramenta2.jpg
Riutilizzo della connessione esistente a costruisciearreda.it:443.
Richiesta HTTP inviata, in attesa di risposta... 200 OK
Lunghezza: 1507187 (1,4M) [image/jpeg]
Salvataggio in: ‘costruisciearreda-static/costruisciearreda.it/wp-content/uploads/2024/08/Ferramenta2.jpg’

     0K .......... .......... .......... .......... ..........  3% 31,3M 0s
    50K .......... .......... .......... .......... ..........  6% 19,3M 0s
   100K .......... .......... .......... .......... .......... 10% 7,72M 0s
   150K .......... .......... .......... .......... .......... 13% 16,6M 0s
   200K .......... .......... .......... .......... .......... 16% 9,78M 0s
   250K .......... .......... .......... .......... .......... 20% 3,43M 0s
   300K .......... .......... .......... .......... .......... 23%  383M 0s
   350K .......... .......... .......... .......... .......... 27% 8,06M 0s
   400K .......... .......... .......... .......... .......... 30% 17,4M 0s
   450K .......... .......... .......... .......... .......... 33%  586M 0s
   500K .......... .......... .......... .......... .......... 37% 2,67M 0s
   550K .......... .......... .......... .......... .......... 40% 4,21M 0s
   600K .......... .......... .......... .......... .......... 44%  407M 0s
   650K .......... .......... .......... .......... .......... 47%  518M 0s
   700K .......... .......... .......... .......... .......... 50% 24,8M 0s
   750K .......... .......... .......... .......... .......... 54% 2,78M 0s
   800K .......... .......... .......... .......... .......... 57%  636M 0s
   850K .......... .......... .......... .......... .......... 61% 8,63M 0s
   900K .......... .......... .......... .......... .......... 64%  441M 0s
   950K .......... .......... .......... .......... .......... 67%  228M 0s
  1000K .......... .......... .......... .......... .......... 71% 3,98M 0s
  1050K .......... .......... .......... .......... .......... 74% 26,1M 0s
  1100K .......... .......... .......... .......... .......... 78% 11,2M 0s
  1150K .......... .......... .......... .......... .......... 81% 23,3M 0s
  1200K .......... .......... .......... .......... .......... 84% 20,7M 0s
  1250K .......... .......... .......... .......... .......... 88% 6,42M 0s
  1300K .......... .......... .......... .......... .......... 91% 4,63M 0s
  1350K .......... .......... .......... .......... .......... 95% 22,4M 0s
  1400K .......... .......... .......... .......... .......... 98% 51,3M 0s
  1450K .......... .......... .                               100%  453M=0,1s

2026-09-01 15:13:39 (10,1 MB/s) - ‘costruisciearreda-static/costruisciearreda.it/wp-content/uploads/2024/08/Ferramenta2.jpg’ salvato [1507187/1507187]

--2026-09-01 15:13:39--  https://costruisciearreda.it/wp-content/uploads/2024/06/arcansas-150x150.png
Riutilizzo della connessione esistente a costruisciearreda.it:443.
Richiesta HTTP inviata, in attesa di risposta... 200 OK
Lunghezza: 2317 (2,3K) [image/png]
Salvataggio in: ‘costruisciearreda-static/costruisciearreda.it/wp-content/uploads/2024/06/arcansas-150x150.png’

     0K ..                                                    100% 3,04G=0s

2026-09-01 15:13:39 (3,04 GB/s) - ‘costruisciearreda-static/costruisciearreda.it/wp-content/uploads/2024/06/arcansas-150x150.png’ salvato [2317/2317]

--2026-09-01 15:13:39--  https://costruisciearreda.it/wp-content/uploads/2024/06/AUX_logo.png-150x150.png
Riutilizzo della connessione esistente a costruisciearreda.it:443.
Richiesta HTTP inviata, in attesa di risposta... 200 OK
Lunghezza: 1897 (1,9K) [image/png]
Salvataggio in: ‘costruisciearreda-static/costruisciearreda.it/wp-content/uploads/2024/06/AUX_logo.png-150x150.png’

     0K .                                                     100% 1,83G=0s

2026-09-01 15:13:39 (1,83 GB/s) - ‘costruisciearreda-static/costruisciearreda.it/wp-content/uploads/2024/06/AUX_logo.png-150x150.png’ salvato [1897/1897]

--2026-09-01 15:13:39--  https://costruisciearreda.it/wp-content/uploads/2024/06/bostik-150x150.png
Riutilizzo della connessione esistente a costruisciearreda.it:443.
Richiesta HTTP inviata, in attesa di risposta... 200 OK
Lunghezza: 4876 (4,8K) [image/png]
Salvataggio in: ‘costruisciearreda-static/costruisciearreda.it/wp-content/uploads/2024/06/bostik-150x150.png’

     0K ....                                                  100% 4,01G=0s

2026-09-01 15:13:39 (4,01 GB/s) - ‘costruisciearreda-static/costruisciearreda.it/wp-content/uploads/2024/06/bostik-150x150.png’ salvato [4876/4876]

--2026-09-01 15:13:39--  https://costruisciearreda.it/wp-content/uploads/2024/06/Carson-150x150.png
Riutilizzo della connessione esistente a costruisciearreda.it:443.
Richiesta HTTP inviata, in attesa di risposta... 200 OK
Lunghezza: 2858 (2,8K) [image/png]
Salvataggio in: ‘costruisciearreda-static/costruisciearreda.it/wp-content/uploads/2024/06/Carson-150x150.png’

     0K ..                                                    100% 3,92G=0s

2026-09-01 15:13:39 (3,92 GB/s) - ‘costruisciearreda-static/costruisciearreda.it/wp-content/uploads/2024/06/Carson-150x150.png’ salvato [2858/2858]

--2026-09-01 15:13:39--  https://costruisciearreda.it/wp-content/uploads/2024/06/Castoro-150x150.png
Riutilizzo della connessione esistente a costruisciearreda.it:443.
Richiesta HTTP inviata, in attesa di risposta... 200 OK
Lunghezza: 2944 (2,9K) [image/png]
Salvataggio in: ‘costruisciearreda-static/costruisciearreda.it/wp-content/uploads/2024/06/Castoro-150x150.png’

     0K ..                                                    100% 2,63G=0s

2026-09-01 15:13:39 (2,63 GB/s) - ‘costruisciearreda-static/costruisciearreda.it/wp-content/uploads/2024/06/Castoro-150x150.png’ salvato [2944/2944]

--2026-09-01 15:13:39--  https://costruisciearreda.it/wp-content/uploads/2024/06/Catis-150x150.png
Riutilizzo della connessione esistente a costruisciearreda.it:443.
Richiesta HTTP inviata, in attesa di risposta... 200 OK
Lunghezza: 2735 (2,7K) [image/png]
Salvataggio in: ‘costruisciearreda-static/costruisciearreda.it/wp-content/uploads/2024/06/Catis-150x150.png’

     0K ..                                                    100% 4,67G=0s

2026-09-01 15:13:39 (4,67 GB/s) - ‘costruisciearreda-static/costruisciearreda.it/wp-content/uploads/2024/06/Catis-150x150.png’ salvato [2735/2735]

--2026-09-01 15:13:39--  https://costruisciearreda.it/wp-content/uploads/2024/06/Chaffoteaux-150x150.png
Riutilizzo della connessione esistente a costruisciearreda.it:443.
Richiesta HTTP inviata, in attesa di risposta... 200 OK
Lunghezza: 3179 (3,1K) [image/png]
Salvataggio in: ‘costruisciearreda-static/costruisciearreda.it/wp-content/uploads/2024/06/Chaffoteaux-150x150.png’

     0K ...                                                   100% 4,32G=0s

2026-09-01 15:13:39 (4,32 GB/s) - ‘costruisciearreda-static/costruisciearreda.it/wp-content/uploads/2024/06/Chaffoteaux-150x150.png’ salvato [3179/3179]

--2026-09-01 15:13:39--  https://costruisciearreda.it/wp-content/uploads/2024/06/CISA-150x150.png
Riutilizzo della connessione esistente a costruisciearreda.it:443.
Richiesta HTTP inviata, in attesa di risposta... 200 OK
Lunghezza: 2360 (2,3K) [image/png]
Salvataggio in: ‘costruisciearreda-static/costruisciearreda.it/wp-content/uploads/2024/06/CISA-150x150.png’

     0K ..                                                    100% 1,93G=0s

2026-09-01 15:13:39 (1,93 GB/s) - ‘costruisciearreda-static/costruisciearreda.it/wp-content/uploads/2024/06/CISA-150x150.png’ salvato [2360/2360]

--2026-09-01 15:13:39--  https://costruisciearreda.it/wp-content/uploads/2024/06/comisa.png-150x150.png
Riutilizzo della connessione esistente a costruisciearreda.it:443.
Richiesta HTTP inviata, in attesa di risposta... 200 OK
Lunghezza: 3041 (3,0K) [image/png]
Salvataggio in: ‘costruisciearreda-static/costruisciearreda.it/wp-content/uploads/2024/06/comisa.png-150x150.png’

     0K ..                                                    100% 4,02G=0s

2026-09-01 15:13:39 (4,02 GB/s) - ‘costruisciearreda-static/costruisciearreda.it/wp-content/uploads/2024/06/comisa.png-150x150.png’ salvato [3041/3041]

--2026-09-01 15:13:39--  https://costruisciearreda.it/wp-content/uploads/2024/06/Far-150x150.png
Riutilizzo della connessione esistente a costruisciearreda.it:443.
Richiesta HTTP inviata, in attesa di risposta... 200 OK
Lunghezza: 5905 (5,8K) [image/png]
Salvataggio in: ‘costruisciearreda-static/costruisciearreda.it/wp-content/uploads/2024/06/Far-150x150.png’

     0K .....                                                 100% 11,6G=0s

2026-09-01 15:13:39 (11,6 GB/s) - ‘costruisciearreda-static/costruisciearreda.it/wp-content/uploads/2024/06/Far-150x150.png’ salvato [5905/5905]

--2026-09-01 15:13:39--  https://costruisciearreda.it/wp-content/uploads/2024/06/Fischer-150x150.png
Riutilizzo della connessione esistente a costruisciearreda.it:443.
Richiesta HTTP inviata, in attesa di risposta... 200 OK
Lunghezza: 3012 (2,9K) [image/png]
Salvataggio in: ‘costruisciearreda-static/costruisciearreda.it/wp-content/uploads/2024/06/Fischer-150x150.png’

     0K ..                                                    100% 3,12G=0s

2026-09-01 15:13:39 (3,12 GB/s) - ‘costruisciearreda-static/costruisciearreda.it/wp-content/uploads/2024/06/Fischer-150x150.png’ salvato [3012/3012]

--2026-09-01 15:13:39--  https://costruisciearreda.it/wp-content/uploads/2024/06/GROHEpng-150x150.png
Riutilizzo della connessione esistente a costruisciearreda.it:443.
Richiesta HTTP inviata, in attesa di risposta... 200 OK
Lunghezza: 5073 (5,0K) [image/png]
Salvataggio in: ‘costruisciearreda-static/costruisciearreda.it/wp-content/uploads/2024/06/GROHEpng-150x150.png’

     0K ....                                                  100% 3,86G=0s

2026-09-01 15:13:39 (3,86 GB/s) - ‘costruisciearreda-static/costruisciearreda.it/wp-content/uploads/2024/06/GROHEpng-150x150.png’ salvato [5073/5073]

--2026-09-01 15:13:39--  https://costruisciearreda.it/wp-content/uploads/2024/06/Impercot-150x150.png
Riutilizzo della connessione esistente a costruisciearreda.it:443.
Richiesta HTTP inviata, in attesa di risposta... 200 OK
Lunghezza: 3582 (3,5K) [image/png]
Salvataggio in: ‘costruisciearreda-static/costruisciearreda.it/wp-content/uploads/2024/06/Impercot-150x150.png’

     0K ...                                                   100% 2,56G=0s

2026-09-01 15:13:39 (2,56 GB/s) - ‘costruisciearreda-static/costruisciearreda.it/wp-content/uploads/2024/06/Impercot-150x150.png’ salvato [3582/3582]

--2026-09-01 15:13:39--  https://costruisciearreda.it/wp-content/uploads/2024/06/ITALKALI-150x150.png
Riutilizzo della connessione esistente a costruisciearreda.it:443.
Richiesta HTTP inviata, in attesa di risposta... 200 OK
Lunghezza: 2224 (2,2K) [image/png]
Salvataggio in: ‘costruisciearreda-static/costruisciearreda.it/wp-content/uploads/2024/06/ITALKALI-150x150.png’

     0K ..                                                    100% 2,85G=0s

2026-09-01 15:13:39 (2,85 GB/s) - ‘costruisciearreda-static/costruisciearreda.it/wp-content/uploads/2024/06/ITALKALI-150x150.png’ salvato [2224/2224]

--2026-09-01 15:13:39--  https://costruisciearreda.it/wp-content/uploads/2024/06/silca-150x150.png
Riutilizzo della connessione esistente a costruisciearreda.it:443.
Richiesta HTTP inviata, in attesa di risposta... 200 OK
Lunghezza: 5127 (5,0K) [image/png]
Salvataggio in: ‘costruisciearreda-static/costruisciearreda.it/wp-content/uploads/2024/06/silca-150x150.png’

     0K .....                                                 100% 6,95G=0s

2026-09-01 15:13:39 (6,95 GB/s) - ‘costruisciearreda-static/costruisciearreda.it/wp-content/uploads/2024/06/silca-150x150.png’ salvato [5127/5127]

--2026-09-01 15:13:39--  https://costruisciearreda.it/wp-content/uploads/2024/06/Spadeitalia-150x150.png
Riutilizzo della connessione esistente a costruisciearreda.it:443.
Richiesta HTTP inviata, in attesa di risposta... 200 OK
Lunghezza: 3556 (3,5K) [image/png]
Salvataggio in: ‘costruisciearreda-static/costruisciearreda.it/wp-content/uploads/2024/06/Spadeitalia-150x150.png’

     0K ...                                                   100% 5,55G=0s

2026-09-01 15:13:39 (5,55 GB/s) - ‘costruisciearreda-static/costruisciearreda.it/wp-content/uploads/2024/06/Spadeitalia-150x150.png’ salvato [3556/3556]

--2026-09-01 15:13:39--  https://costruisciearreda.it/wp-content/uploads/2024/06/Teorema-150x150.png
Riutilizzo della connessione esistente a costruisciearreda.it:443.
Richiesta HTTP inviata, in attesa di risposta... 200 OK
Lunghezza: 2867 (2,8K) [image/png]
Salvataggio in: ‘costruisciearreda-static/costruisciearreda.it/wp-content/uploads/2024/06/Teorema-150x150.png’

     0K ..                                                    100% 4,00G=0s

2026-09-01 15:13:39 (4,00 GB/s) - ‘costruisciearreda-static/costruisciearreda.it/wp-content/uploads/2024/06/Teorema-150x150.png’ salvato [2867/2867]

--2026-09-01 15:13:39--  https://costruisciearreda.it/wp-content/uploads/2024/06/Total-150x150.png
Riutilizzo della connessione esistente a costruisciearreda.it:443.
Richiesta HTTP inviata, in attesa di risposta... 200 OK
Lunghezza: 4040 (3,9K) [image/png]
Salvataggio in: ‘costruisciearreda-static/costruisciearreda.it/wp-content/uploads/2024/06/Total-150x150.png’

     0K ...                                                   100% 6,55G=0s

2026-09-01 15:13:40 (6,55 GB/s) - ‘costruisciearreda-static/costruisciearreda.it/wp-content/uploads/2024/06/Total-150x150.png’ salvato [4040/4040]

--2026-09-01 15:13:40--  https://costruisciearreda.it/wp-content/uploads/2024/06/Tremolada-150x150.png
Riutilizzo della connessione esistente a costruisciearreda.it:443.
Richiesta HTTP inviata, in attesa di risposta... 200 OK
Lunghezza: 2604 (2,5K) [image/png]
Salvataggio in: ‘costruisciearreda-static/costruisciearreda.it/wp-content/uploads/2024/06/Tremolada-150x150.png’

     0K ..                                                    100% 5,22G=0s

2026-09-01 15:13:40 (5,22 GB/s) - ‘costruisciearreda-static/costruisciearreda.it/wp-content/uploads/2024/06/Tremolada-150x150.png’ salvato [2604/2604]

--2026-09-01 15:13:40--  https://costruisciearreda.it/wp-content/uploads/2024/06/Upower-150x150.png
Riutilizzo della connessione esistente a costruisciearreda.it:443.
Richiesta HTTP inviata, in attesa di risposta... 200 OK
Lunghezza: 4118 (4,0K) [image/png]
Salvataggio in: ‘costruisciearreda-static/costruisciearreda.it/wp-content/uploads/2024/06/Upower-150x150.png’

     0K ....                                                  100% 7,08G=0s

2026-09-01 15:13:40 (7,08 GB/s) - ‘costruisciearreda-static/costruisciearreda.it/wp-content/uploads/2024/06/Upower-150x150.png’ salvato [4118/4118]

--2026-09-01 15:13:40--  https://costruisciearreda.it/wp-content/uploads/2024/06/well-done-150x150.png
Riutilizzo della connessione esistente a costruisciearreda.it:443.
Richiesta HTTP inviata, in attesa di risposta... 200 OK
Lunghezza: 2696 (2,6K) [image/png]
Salvataggio in: ‘costruisciearreda-static/costruisciearreda.it/wp-content/uploads/2024/06/well-done-150x150.png’

     0K ..                                                    100% 4,75G=0s

2026-09-01 15:13:40 (4,75 GB/s) - ‘costruisciearreda-static/costruisciearreda.it/wp-content/uploads/2024/06/well-done-150x150.png’ salvato [2696/2696]

--2026-09-01 15:13:40--  https://costruisciearreda.it/wp-content/uploads/2024/06/well-done.png
Riutilizzo della connessione esistente a costruisciearreda.it:443.
Richiesta HTTP inviata, in attesa di risposta... 200 OK
Lunghezza: 9293 (9,1K) [image/png]
Salvataggio in: ‘costruisciearreda-static/costruisciearreda.it/wp-content/uploads/2024/06/well-done.png’

     0K .........                                             100%  185M=0s

2026-09-01 15:13:40 (185 MB/s) - ‘costruisciearreda-static/costruisciearreda.it/wp-content/uploads/2024/06/well-done.png’ salvato [9293/9293]

--2026-09-01 15:13:40--  https://costruisciearreda.it/wp-content/uploads/2024/06/Upower.png
Riutilizzo della connessione esistente a costruisciearreda.it:443.
Richiesta HTTP inviata, in attesa di risposta... 200 OK
Lunghezza: 12648 (12K) [image/png]
Salvataggio in: ‘costruisciearreda-static/costruisciearreda.it/wp-content/uploads/2024/06/Upower.png’

     0K .......... ..                                         100%  305M=0s

2026-09-01 15:13:40 (305 MB/s) - ‘costruisciearreda-static/costruisciearreda.it/wp-content/uploads/2024/06/Upower.png’ salvato [12648/12648]

--2026-09-01 15:13:40--  https://costruisciearreda.it/wp-content/uploads/2024/06/Tremolada.png
Riutilizzo della connessione esistente a costruisciearreda.it:443.
Richiesta HTTP inviata, in attesa di risposta... 200 OK
Lunghezza: 11604 (11K) [image/png]
Salvataggio in: ‘costruisciearreda-static/costruisciearreda.it/wp-content/uploads/2024/06/Tremolada.png’

     0K .......... .                                          100%  233M=0s

2026-09-01 15:13:40 (233 MB/s) - ‘costruisciearreda-static/costruisciearreda.it/wp-content/uploads/2024/06/Tremolada.png’ salvato [11604/11604]

--2026-09-01 15:13:40--  https://costruisciearreda.it/wp-content/uploads/2024/06/Total.png
Riutilizzo della connessione esistente a costruisciearreda.it:443.
Richiesta HTTP inviata, in attesa di risposta... 200 OK
Lunghezza: 13508 (13K) [image/png]
Salvataggio in: ‘costruisciearreda-static/costruisciearreda.it/wp-content/uploads/2024/06/Total.png’

     0K .......... ...                                        100% 15,3M=0,001s

2026-09-01 15:13:40 (15,3 MB/s) - ‘costruisciearreda-static/costruisciearreda.it/wp-content/uploads/2024/06/Total.png’ salvato [13508/13508]

--2026-09-01 15:13:40--  https://costruisciearreda.it/wp-content/uploads/2024/06/Teorema.png
Riutilizzo della connessione esistente a costruisciearreda.it:443.
Richiesta HTTP inviata, in attesa di risposta... 200 OK
Lunghezza: 5620 (5,5K) [image/png]
Salvataggio in: ‘costruisciearreda-static/costruisciearreda.it/wp-content/uploads/2024/06/Teorema.png’

     0K .....                                                 100% 8,43G=0s

2026-09-01 15:13:40 (8,43 GB/s) - ‘costruisciearreda-static/costruisciearreda.it/wp-content/uploads/2024/06/Teorema.png’ salvato [5620/5620]

--2026-09-01 15:13:40--  https://costruisciearreda.it/wp-content/uploads/2024/06/Spadeitalia.png
Riutilizzo della connessione esistente a costruisciearreda.it:443.
Richiesta HTTP inviata, in attesa di risposta... 200 OK
Lunghezza: 12379 (12K) [image/png]
Salvataggio in: ‘costruisciearreda-static/costruisciearreda.it/wp-content/uploads/2024/06/Spadeitalia.png’

     0K .......... ..                                         100%  362M=0s

2026-09-01 15:13:40 (362 MB/s) - ‘costruisciearreda-static/costruisciearreda.it/wp-content/uploads/2024/06/Spadeitalia.png’ salvato [12379/12379]

--2026-09-01 15:13:40--  https://costruisciearreda.it/wp-content/uploads/2024/06/silca.png
Riutilizzo della connessione esistente a costruisciearreda.it:443.
Richiesta HTTP inviata, in attesa di risposta... 200 OK
Lunghezza: 17988 (18K) [image/png]
Salvataggio in: ‘costruisciearreda-static/costruisciearreda.it/wp-content/uploads/2024/06/silca.png’

     0K .......... .......                                    100% 17,3M=0,001s

2026-09-01 15:13:40 (17,3 MB/s) - ‘costruisciearreda-static/costruisciearreda.it/wp-content/uploads/2024/06/silca.png’ salvato [17988/17988]

--2026-09-01 15:13:40--  https://costruisciearreda.it/wp-content/uploads/2024/06/ITALKALI.png
Riutilizzo della connessione esistente a costruisciearreda.it:443.
Richiesta HTTP inviata, in attesa di risposta... 200 OK
Lunghezza: 7460 (7,3K) [image/png]
Salvataggio in: ‘costruisciearreda-static/costruisciearreda.it/wp-content/uploads/2024/06/ITALKALI.png’

     0K .......                                               100% 9,87G=0s

2026-09-01 15:13:40 (9,87 GB/s) - ‘costruisciearreda-static/costruisciearreda.it/wp-content/uploads/2024/06/ITALKALI.png’ salvato [7460/7460]

--2026-09-01 15:13:40--  https://costruisciearreda.it/wp-content/uploads/2024/06/Impercot.png
Riutilizzo della connessione esistente a costruisciearreda.it:443.
Richiesta HTTP inviata, in attesa di risposta... 200 OK
Lunghezza: 13439 (13K) [image/png]
Salvataggio in: ‘costruisciearreda-static/costruisciearreda.it/wp-content/uploads/2024/06/Impercot.png’

     0K .......... ...                                        100%  245M=0s

2026-09-01 15:13:40 (245 MB/s) - ‘costruisciearreda-static/costruisciearreda.it/wp-content/uploads/2024/06/Impercot.png’ salvato [13439/13439]

--2026-09-01 15:13:40--  https://costruisciearreda.it/wp-content/uploads/2024/06/GROHEpng.png
Riutilizzo della connessione esistente a costruisciearreda.it:443.
Richiesta HTTP inviata, in attesa di risposta... 200 OK
Lunghezza: 15421 (15K) [image/png]
Salvataggio in: ‘costruisciearreda-static/costruisciearreda.it/wp-content/uploads/2024/06/GROHEpng.png’

     0K .......... .....                                      100%  304M=0s

2026-09-01 15:13:40 (304 MB/s) - ‘costruisciearreda-static/costruisciearreda.it/wp-content/uploads/2024/06/GROHEpng.png’ salvato [15421/15421]

--2026-09-01 15:13:40--  https://costruisciearreda.it/wp-content/uploads/2024/06/Fischer.png
Riutilizzo della connessione esistente a costruisciearreda.it:443.
Richiesta HTTP inviata, in attesa di risposta... 200 OK
Lunghezza: 12592 (12K) [image/png]
Salvataggio in: ‘costruisciearreda-static/costruisciearreda.it/wp-content/uploads/2024/06/Fischer.png’

     0K .......... ..                                         100% 15,5M=0,001s

2026-09-01 15:13:40 (15,5 MB/s) - ‘costruisciearreda-static/costruisciearreda.it/wp-content/uploads/2024/06/Fischer.png’ salvato [12592/12592]

--2026-09-01 15:13:40--  https://costruisciearreda.it/wp-content/uploads/2024/06/Far.png
Riutilizzo della connessione esistente a costruisciearreda.it:443.
Richiesta HTTP inviata, in attesa di risposta... 200 OK
Lunghezza: 15205 (15K) [image/png]
Salvataggio in: ‘costruisciearreda-static/costruisciearreda.it/wp-content/uploads/2024/06/Far.png’

     0K .......... ....                                       100%  323M=0s

2026-09-01 15:13:40 (323 MB/s) - ‘costruisciearreda-static/costruisciearreda.it/wp-content/uploads/2024/06/Far.png’ salvato [15205/15205]

--2026-09-01 15:13:40--  https://costruisciearreda.it/wp-content/uploads/2024/06/comisa.png.png
Riutilizzo della connessione esistente a costruisciearreda.it:443.
Richiesta HTTP inviata, in attesa di risposta... 200 OK
Lunghezza: 12048 (12K) [image/png]
Salvataggio in: ‘costruisciearreda-static/costruisciearreda.it/wp-content/uploads/2024/06/comisa.png.png’

     0K .......... .                                          100%  285M=0s

2026-09-01 15:13:40 (285 MB/s) - ‘costruisciearreda-static/costruisciearreda.it/wp-content/uploads/2024/06/comisa.png.png’ salvato [12048/12048]

--2026-09-01 15:13:40--  https://costruisciearreda.it/wp-content/uploads/2024/06/CISA.png
Riutilizzo della connessione esistente a costruisciearreda.it:443.
Richiesta HTTP inviata, in attesa di risposta... 200 OK
Lunghezza: 9215 (9,0K) [image/png]
Salvataggio in: ‘costruisciearreda-static/costruisciearreda.it/wp-content/uploads/2024/06/CISA.png’

     0K ........                                              100%  244M=0s

2026-09-01 15:13:40 (244 MB/s) - ‘costruisciearreda-static/costruisciearreda.it/wp-content/uploads/2024/06/CISA.png’ salvato [9215/9215]

--2026-09-01 15:13:40--  https://costruisciearreda.it/wp-content/uploads/2024/06/Chaffoteaux.png
Riutilizzo della connessione esistente a costruisciearreda.it:443.
Richiesta HTTP inviata, in attesa di risposta... 200 OK
Lunghezza: 12919 (13K) [image/png]
Salvataggio in: ‘costruisciearreda-static/costruisciearreda.it/wp-content/uploads/2024/06/Chaffoteaux.png’

     0K .......... ..                                         100%  245M=0s

2026-09-01 15:13:40 (245 MB/s) - ‘costruisciearreda-static/costruisciearreda.it/wp-content/uploads/2024/06/Chaffoteaux.png’ salvato [12919/12919]

--2026-09-01 15:13:40--  https://costruisciearreda.it/wp-content/uploads/2024/06/Catis.png
Riutilizzo della connessione esistente a costruisciearreda.it:443.
Richiesta HTTP inviata, in attesa di risposta... 200 OK
Lunghezza: 10552 (10K) [image/png]
Salvataggio in: ‘costruisciearreda-static/costruisciearreda.it/wp-content/uploads/2024/06/Catis.png’

     0K ..........                                            100%  154M=0s

2026-09-01 15:13:40 (154 MB/s) - ‘costruisciearreda-static/costruisciearreda.it/wp-content/uploads/2024/06/Catis.png’ salvato [10552/10552]

--2026-09-01 15:13:40--  https://costruisciearreda.it/wp-content/uploads/2024/06/Castoro.png
Riutilizzo della connessione esistente a costruisciearreda.it:443.
Richiesta HTTP inviata, in attesa di risposta... 200 OK
Lunghezza: 9863 (9,6K) [image/png]
Salvataggio in: ‘costruisciearreda-static/costruisciearreda.it/wp-content/uploads/2024/06/Castoro.png’

     0K .........                                             100%  246M=0s

2026-09-01 15:13:40 (246 MB/s) - ‘costruisciearreda-static/costruisciearreda.it/wp-content/uploads/2024/06/Castoro.png’ salvato [9863/9863]

--2026-09-01 15:13:40--  https://costruisciearreda.it/wp-content/uploads/2024/06/Carson.png
Riutilizzo della connessione esistente a costruisciearreda.it:443.
Richiesta HTTP inviata, in attesa di risposta... 200 OK
Lunghezza: 10012 (9,8K) [image/png]
Salvataggio in: ‘costruisciearreda-static/costruisciearreda.it/wp-content/uploads/2024/06/Carson.png’

     0K .........                                             100%  241M=0s

2026-09-01 15:13:40 (241 MB/s) - ‘costruisciearreda-static/costruisciearreda.it/wp-content/uploads/2024/06/Carson.png’ salvato [10012/10012]

--2026-09-01 15:13:40--  https://costruisciearreda.it/wp-content/uploads/2024/06/bostik.png
Riutilizzo della connessione esistente a costruisciearreda.it:443.
Richiesta HTTP inviata, in attesa di risposta... 200 OK
Lunghezza: 17743 (17K) [image/png]
Salvataggio in: ‘costruisciearreda-static/costruisciearreda.it/wp-content/uploads/2024/06/bostik.png’

     0K .......... .......                                    100%  283M=0s

2026-09-01 15:13:40 (283 MB/s) - ‘costruisciearreda-static/costruisciearreda.it/wp-content/uploads/2024/06/bostik.png’ salvato [17743/17743]

--2026-09-01 15:13:40--  https://costruisciearreda.it/wp-content/uploads/2024/06/AUX_logo.png.png
Riutilizzo della connessione esistente a costruisciearreda.it:443.
Richiesta HTTP inviata, in attesa di risposta... 200 OK
Lunghezza: 6979 (6,8K) [image/png]
Salvataggio in: ‘costruisciearreda-static/costruisciearreda.it/wp-content/uploads/2024/06/AUX_logo.png.png’

     0K ......                                                100% 9,46G=0s

2026-09-01 15:13:40 (9,46 GB/s) - ‘costruisciearreda-static/costruisciearreda.it/wp-content/uploads/2024/06/AUX_logo.png.png’ salvato [6979/6979]

--2026-09-01 15:13:40--  https://costruisciearreda.it/wp-content/uploads/2024/06/arcansas.png
Riutilizzo della connessione esistente a costruisciearreda.it:443.
Richiesta HTTP inviata, in attesa di risposta... 200 OK
Lunghezza: 10156 (9,9K) [image/png]
Salvataggio in: ‘costruisciearreda-static/costruisciearreda.it/wp-content/uploads/2024/06/arcansas.png’

     0K .........                                             100%  302M=0s

2026-09-01 15:13:40 (302 MB/s) - ‘costruisciearreda-static/costruisciearreda.it/wp-content/uploads/2024/06/arcansas.png’ salvato [10156/10156]

--2026-09-01 15:13:40--  https://costruisciearreda.it/type_stores/progettazione-e-ristrutturazione-edile/feed/
Riutilizzo della connessione esistente a costruisciearreda.it:443.
Richiesta HTTP inviata, in attesa di risposta... 200 OK
Lunghezza: non specificato [application/rss+xml]
Salvataggio in: ‘costruisciearreda-static/costruisciearreda.it/type_stores/progettazione-e-ristrutturazione-edile/feed/index.html’

     0K ..                                                     1,60G=0s

2026-09-01 15:13:41 (1,60 GB/s) - ‘costruisciearreda-static/costruisciearreda.it/type_stores/progettazione-e-ristrutturazione-edile/feed/index.html’ salvato [2456]

--2026-09-01 15:13:41--  https://costruisciearreda.it/wp-content/cache/wpo-minify/1788241814/assets/wpo-minify-header-a4a18fae.min.css
Riutilizzo della connessione esistente a costruisciearreda.it:443.
Richiesta HTTP inviata, in attesa di risposta... 200 OK
Lunghezza: 702515 (686K) [text/css]
Salvataggio in: ‘costruisciearreda-static/costruisciearreda.it/wp-content/cache/wpo-minify/1788241814/assets/wpo-minify-header-a4a18fae.min.css’

     0K .......... .......... .......... .......... ..........  7% 23,6M 0s
    50K .......... .......... .......... .......... .......... 14% 3,02M 0s
   100K .......... .......... .......... .......... .......... 21% 19,2M 0s
   150K .......... .......... .......... .......... .......... 29% 2,60M 0s
   200K .......... .......... .......... .......... .......... 36% 22,8M 0s
   250K .......... .......... .......... .......... .......... 43% 10,5M 0s
   300K .......... .......... .......... .......... .......... 51% 45,1M 0s
   350K .......... .......... .......... .......... .......... 58% 4,77M 0s
   400K .......... .......... .......... .......... .......... 65% 9,11M 0s
   450K .......... .......... .......... .......... .......... 72% 14,6M 0s
   500K .......... .......... .......... .......... .......... 80%  703M 0s
   550K .......... .......... .......... .......... .......... 87% 26,3M 0s
   600K .......... .......... .......... .......... .......... 94% 6,43M 0s
   650K .......... .......... .......... ......               100% 8,17M=0,08s

2026-09-01 15:13:41 (8,35 MB/s) - ‘costruisciearreda-static/costruisciearreda.it/wp-content/cache/wpo-minify/1788241814/assets/wpo-minify-header-a4a18fae.min.css’ salvato [702515/702515]

--2026-09-01 15:13:41--  https://costruisciearreda.it/wp-content/uploads/2024/06/Raggruppa-1647-1.jpg
Riutilizzo della connessione esistente a costruisciearreda.it:443.
Richiesta HTTP inviata, in attesa di risposta... 200 OK
Lunghezza: 256111 (250K) [image/jpeg]
Salvataggio in: ‘costruisciearreda-static/costruisciearreda.it/wp-content/uploads/2024/06/Raggruppa-1647-1.jpg’

     0K .......... .......... .......... .......... .......... 19% 20,4M 0s
    50K .......... .......... .......... .......... .......... 39%  799M 0s
   100K .......... .......... .......... .......... .......... 59% 20,5M 0s
   150K .......... .......... .......... .......... .......... 79% 67,1M 0s
   200K .......... .......... .......... .......... .......... 99% 2,79M 0s
   250K                                                       100%  207G=0,02s

2026-09-01 15:13:41 (10,6 MB/s) - ‘costruisciearreda-static/costruisciearreda.it/wp-content/uploads/2024/06/Raggruppa-1647-1.jpg’ salvato [256111/256111]

--2026-09-01 15:13:41--  https://costruisciearreda.it/type_stores/marchi/feed/
Riutilizzo della connessione esistente a costruisciearreda.it:443.
Richiesta HTTP inviata, in attesa di risposta... 200 OK
Lunghezza: non specificato [application/rss+xml]
Salvataggio in: ‘costruisciearreda-static/costruisciearreda.it/type_stores/marchi/feed/index.html’

     0K                                                         391M=0s

2026-09-01 15:13:41 (391 MB/s) - ‘costruisciearreda-static/costruisciearreda.it/type_stores/marchi/feed/index.html’ salvato [932]

--2026-09-01 15:13:41--  https://costruisciearreda.it/wp-content/cache/wpo-minify/1788241814/assets/wpo-minify-header-72c29b87.min.css
Riutilizzo della connessione esistente a costruisciearreda.it:443.
Richiesta HTTP inviata, in attesa di risposta... 200 OK
Lunghezza: 753556 (736K) [text/css]
Salvataggio in: ‘costruisciearreda-static/costruisciearreda.it/wp-content/cache/wpo-minify/1788241814/assets/wpo-minify-header-72c29b87.min.css’

     0K .......... .......... .......... .......... ..........  6%  564M 0s
    50K .......... .......... .......... .......... .......... 13% 41,1M 0s
   100K .......... .......... .......... .......... .......... 20% 1,94M 0s
   150K .......... .......... .......... .......... .......... 27%  820M 0s
   200K .......... .......... .......... .......... .......... 33% 47,4M 0s
   250K .......... .......... .......... .......... .......... 40%  694M 0s
   300K .......... .......... .......... .......... .......... 47% 3,67M 0s
   350K .......... .......... .......... .......... .......... 54% 7,21M 0s
   400K .......... .......... .......... .......... .......... 61%  558M 0s
   450K .......... .......... .......... .......... .......... 67% 24,9M 0s
   500K .......... .......... .......... .......... .......... 74%  719M 0s
   550K .......... .......... .......... .......... .......... 81% 2,38M 0s
   600K .......... .......... .......... .......... .......... 88% 19,2M 0s
   650K .......... .......... .......... .......... .......... 95%  184M 0s
   700K .......... .......... .......... .....                100%  403M=0,07s

2026-09-01 15:13:41 (9,81 MB/s) - ‘costruisciearreda-static/costruisciearreda.it/wp-content/cache/wpo-minify/1788241814/assets/wpo-minify-header-72c29b87.min.css’ salvato [753556/753556]

--2026-09-01 15:13:41--  https://costruisciearreda.it/wp-content/uploads/2024/06/0000_Atlas-concorde-150x150.png
Riutilizzo della connessione esistente a costruisciearreda.it:443.
Richiesta HTTP inviata, in attesa di risposta... 200 OK
Lunghezza: 2510 (2,5K) [image/png]
Salvataggio in: ‘costruisciearreda-static/costruisciearreda.it/wp-content/uploads/2024/06/0000_Atlas-concorde-150x150.png’

     0K ..                                                    100% 4,90G=0s

2026-09-01 15:13:41 (4,90 GB/s) - ‘costruisciearreda-static/costruisciearreda.it/wp-content/uploads/2024/06/0000_Atlas-concorde-150x150.png’ salvato [2510/2510]

--2026-09-01 15:13:41--  https://costruisciearreda.it/wp-content/uploads/2024/06/0007_Laminam-150x150.png
Riutilizzo della connessione esistente a costruisciearreda.it:443.
Richiesta HTTP inviata, in attesa di risposta... 200 OK
Lunghezza: 1911 (1,9K) [image/png]
Salvataggio in: ‘costruisciearreda-static/costruisciearreda.it/wp-content/uploads/2024/06/0007_Laminam-150x150.png’

     0K .                                                     100% 2,53G=0s

2026-09-01 15:13:41 (2,53 GB/s) - ‘costruisciearreda-static/costruisciearreda.it/wp-content/uploads/2024/06/0007_Laminam-150x150.png’ salvato [1911/1911]

--2026-09-01 15:13:41--  https://costruisciearreda.it/wp-content/uploads/2024/06/0006_CASALGRANDE-PADANA-150x150.png
Riutilizzo della connessione esistente a costruisciearreda.it:443.
Richiesta HTTP inviata, in attesa di risposta... 200 OK
Lunghezza: 4525 (4,4K) [image/png]
Salvataggio in: ‘costruisciearreda-static/costruisciearreda.it/wp-content/uploads/2024/06/0006_CASALGRANDE-PADANA-150x150.png’

     0K ....                                                  100% 9,49G=0s

2026-09-01 15:13:41 (9,49 GB/s) - ‘costruisciearreda-static/costruisciearreda.it/wp-content/uploads/2024/06/0006_CASALGRANDE-PADANA-150x150.png’ salvato [4525/4525]

--2026-09-01 15:13:41--  https://costruisciearreda.it/wp-content/uploads/2024/06/0005_Tonalite-150x150.png
Riutilizzo della connessione esistente a costruisciearreda.it:443.
Richiesta HTTP inviata, in attesa di risposta... 200 OK
Lunghezza: 1957 (1,9K) [image/png]
Salvataggio in: ‘costruisciearreda-static/costruisciearreda.it/wp-content/uploads/2024/06/0005_Tonalite-150x150.png’

     0K .                                                     100% 3,90G=0s

2026-09-01 15:13:41 (3,90 GB/s) - ‘costruisciearreda-static/costruisciearreda.it/wp-content/uploads/2024/06/0005_Tonalite-150x150.png’ salvato [1957/1957]

--2026-09-01 15:13:41--  https://costruisciearreda.it/wp-content/uploads/2024/06/0004_AVA--150x150.png
Riutilizzo della connessione esistente a costruisciearreda.it:443.
Richiesta HTTP inviata, in attesa di risposta... 200 OK
Lunghezza: 2865 (2,8K) [image/png]
Salvataggio in: ‘costruisciearreda-static/costruisciearreda.it/wp-content/uploads/2024/06/0004_AVA--150x150.png’

     0K ..                                                    100% 3,14G=0s

2026-09-01 15:13:41 (3,14 GB/s) - ‘costruisciearreda-static/costruisciearreda.it/wp-content/uploads/2024/06/0004_AVA--150x150.png’ salvato [2865/2865]

--2026-09-01 15:13:41--  https://costruisciearreda.it/wp-content/uploads/2024/06/0003_FIORANESE-150x150.png
Riutilizzo della connessione esistente a costruisciearreda.it:443.
Richiesta HTTP inviata, in attesa di risposta... 200 OK
Lunghezza: 2423 (2,4K) [image/png]
Salvataggio in: ‘costruisciearreda-static/costruisciearreda.it/wp-content/uploads/2024/06/0003_FIORANESE-150x150.png’

     0K ..                                                    100% 3,38G=0s

2026-09-01 15:13:41 (3,38 GB/s) - ‘costruisciearreda-static/costruisciearreda.it/wp-content/uploads/2024/06/0003_FIORANESE-150x150.png’ salvato [2423/2423]

--2026-09-01 15:13:41--  https://costruisciearreda.it/wp-content/uploads/2024/06/0002_DUNE-150x150.png
Riutilizzo della connessione esistente a costruisciearreda.it:443.
Richiesta HTTP inviata, in attesa di risposta... 200 OK
Lunghezza: 3408 (3,3K) [image/png]
Salvataggio in: ‘costruisciearreda-static/costruisciearreda.it/wp-content/uploads/2024/06/0002_DUNE-150x150.png’

     0K ...                                                   100% 4,03G=0s

2026-09-01 15:13:41 (4,03 GB/s) - ‘costruisciearreda-static/costruisciearreda.it/wp-content/uploads/2024/06/0002_DUNE-150x150.png’ salvato [3408/3408]

--2026-09-01 15:13:41--  https://costruisciearreda.it/wp-content/uploads/2024/06/0001_Navarti-150x150.png
Riutilizzo della connessione esistente a costruisciearreda.it:443.
Richiesta HTTP inviata, in attesa di risposta... 200 OK
Lunghezza: 3693 (3,6K) [image/png]
Salvataggio in: ‘costruisciearreda-static/costruisciearreda.it/wp-content/uploads/2024/06/0001_Navarti-150x150.png’

     0K ...                                                   100% 4,06G=0s

2026-09-01 15:13:41 (4,06 GB/s) - ‘costruisciearreda-static/costruisciearreda.it/wp-content/uploads/2024/06/0001_Navarti-150x150.png’ salvato [3693/3693]

--2026-09-01 15:13:41--  https://costruisciearreda.it/wp-content/uploads/2024/06/0008_Fap-ceramiche-150x150.png
Riutilizzo della connessione esistente a costruisciearreda.it:443.
Richiesta HTTP inviata, in attesa di risposta... 200 OK
Lunghezza: 3637 (3,6K) [image/png]
Salvataggio in: ‘costruisciearreda-static/costruisciearreda.it/wp-content/uploads/2024/06/0008_Fap-ceramiche-150x150.png’

     0K ...                                                   100% 2,57G=0s

2026-09-01 15:13:42 (2,57 GB/s) - ‘costruisciearreda-static/costruisciearreda.it/wp-content/uploads/2024/06/0008_Fap-ceramiche-150x150.png’ salvato [3637/3637]

--2026-09-01 15:13:42--  https://costruisciearreda.it/wp-content/uploads/2024/06/bongio-150x150.png
Riutilizzo della connessione esistente a costruisciearreda.it:443.
Richiesta HTTP inviata, in attesa di risposta... 200 OK
Lunghezza: 2711 (2,6K) [image/png]
Salvataggio in: ‘costruisciearreda-static/costruisciearreda.it/wp-content/uploads/2024/06/bongio-150x150.png’

     0K ..                                                    100% 4,22G=0s

2026-09-01 15:13:42 (4,22 GB/s) - ‘costruisciearreda-static/costruisciearreda.it/wp-content/uploads/2024/06/bongio-150x150.png’ salvato [2711/2711]

--2026-09-01 15:13:42--  https://costruisciearreda.it/wp-content/uploads/2024/06/treemme-150x150.png
Riutilizzo della connessione esistente a costruisciearreda.it:443.
Richiesta HTTP inviata, in attesa di risposta... 200 OK
Lunghezza: 2982 (2,9K) [image/png]
Salvataggio in: ‘costruisciearreda-static/costruisciearreda.it/wp-content/uploads/2024/06/treemme-150x150.png’

     0K ..                                                    100% 5,93G=0s

2026-09-01 15:13:42 (5,93 GB/s) - ‘costruisciearreda-static/costruisciearreda.it/wp-content/uploads/2024/06/treemme-150x150.png’ salvato [2982/2982]

--2026-09-01 15:13:42--  https://costruisciearreda.it/wp-content/uploads/2024/06/teorema-1-150x150.png
Riutilizzo della connessione esistente a costruisciearreda.it:443.
Richiesta HTTP inviata, in attesa di risposta... 200 OK
Lunghezza: 2003 (2,0K) [image/png]
Salvataggio in: ‘costruisciearreda-static/costruisciearreda.it/wp-content/uploads/2024/06/teorema-1-150x150.png’

     0K .                                                     100% 3,23G=0s

2026-09-01 15:13:42 (3,23 GB/s) - ‘costruisciearreda-static/costruisciearreda.it/wp-content/uploads/2024/06/teorema-1-150x150.png’ salvato [2003/2003]

--2026-09-01 15:13:42--  https://costruisciearreda.it/wp-content/uploads/2024/06/fir-150x150.png
Riutilizzo della connessione esistente a costruisciearreda.it:443.
Richiesta HTTP inviata, in attesa di risposta... 200 OK
Lunghezza: 1882 (1,8K) [image/png]
Salvataggio in: ‘costruisciearreda-static/costruisciearreda.it/wp-content/uploads/2024/06/fir-150x150.png’

     0K .                                                     100% 1,71G=0s

2026-09-01 15:13:42 (1,71 GB/s) - ‘costruisciearreda-static/costruisciearreda.it/wp-content/uploads/2024/06/fir-150x150.png’ salvato [1882/1882]

--2026-09-01 15:13:42--  https://costruisciearreda.it/wp-content/uploads/2024/06/cielo-150x150.png
Riutilizzo della connessione esistente a costruisciearreda.it:443.
Richiesta HTTP inviata, in attesa di risposta... 200 OK
Lunghezza: 2570 (2,5K) [image/png]
Salvataggio in: ‘costruisciearreda-static/costruisciearreda.it/wp-content/uploads/2024/06/cielo-150x150.png’

     0K ..                                                    100% 2,88G=0s

2026-09-01 15:13:42 (2,88 GB/s) - ‘costruisciearreda-static/costruisciearreda.it/wp-content/uploads/2024/06/cielo-150x150.png’ salvato [2570/2570]

--2026-09-01 15:13:42--  https://costruisciearreda.it/wp-content/uploads/2024/06/hatria-150x150.png
Riutilizzo della connessione esistente a costruisciearreda.it:443.
Richiesta HTTP inviata, in attesa di risposta... 200 OK
Lunghezza: 1338 (1,3K) [image/png]
Salvataggio in: ‘costruisciearreda-static/costruisciearreda.it/wp-content/uploads/2024/06/hatria-150x150.png’

     0K .                                                     100% 2,34G=0s

2026-09-01 15:13:42 (2,34 GB/s) - ‘costruisciearreda-static/costruisciearreda.it/wp-content/uploads/2024/06/hatria-150x150.png’ salvato [1338/1338]

--2026-09-01 15:13:42--  https://costruisciearreda.it/wp-content/uploads/2024/06/grohe-150x150.png
Riutilizzo della connessione esistente a costruisciearreda.it:443.
Richiesta HTTP inviata, in attesa di risposta... 200 OK
Lunghezza: 4409 (4,3K) [image/png]
Salvataggio in: ‘costruisciearreda-static/costruisciearreda.it/wp-content/uploads/2024/06/grohe-150x150.png’

     0K ....                                                  100% 4,96G=0s

2026-09-01 15:13:42 (4,96 GB/s) - ‘costruisciearreda-static/costruisciearreda.it/wp-content/uploads/2024/06/grohe-150x150.png’ salvato [4409/4409]

--2026-09-01 15:13:42--  https://costruisciearreda.it/wp-content/uploads/2024/06/albatros-150x150.png
Riutilizzo della connessione esistente a costruisciearreda.it:443.
Richiesta HTTP inviata, in attesa di risposta... 200 OK
Lunghezza: 3410 (3,3K) [image/png]
Salvataggio in: ‘costruisciearreda-static/costruisciearreda.it/wp-content/uploads/2024/06/albatros-150x150.png’

     0K ...                                                   100% 3,87G=0s

2026-09-01 15:13:42 (3,87 GB/s) - ‘costruisciearreda-static/costruisciearreda.it/wp-content/uploads/2024/06/albatros-150x150.png’ salvato [3410/3410]

--2026-09-01 15:13:42--  https://costruisciearreda.it/wp-content/uploads/2024/06/spring-150x150.png
Riutilizzo della connessione esistente a costruisciearreda.it:443.
Richiesta HTTP inviata, in attesa di risposta... 200 OK
Lunghezza: 3041 (3,0K) [image/png]
Salvataggio in: ‘costruisciearreda-static/costruisciearreda.it/wp-content/uploads/2024/06/spring-150x150.png’

     0K ..                                                    100% 4,85G=0s

2026-09-01 15:13:42 (4,85 GB/s) - ‘costruisciearreda-static/costruisciearreda.it/wp-content/uploads/2024/06/spring-150x150.png’ salvato [3041/3041]

--2026-09-01 15:13:42--  https://costruisciearreda.it/wp-content/uploads/2024/06/relaxdesign-150x150.png
Riutilizzo della connessione esistente a costruisciearreda.it:443.
Richiesta HTTP inviata, in attesa di risposta... 200 OK
Lunghezza: 2542 (2,5K) [image/png]
Salvataggio in: ‘costruisciearreda-static/costruisciearreda.it/wp-content/uploads/2024/06/relaxdesign-150x150.png’

     0K ..                                                    100% 3,12G=0s

2026-09-01 15:13:42 (3,12 GB/s) - ‘costruisciearreda-static/costruisciearreda.it/wp-content/uploads/2024/06/relaxdesign-150x150.png’ salvato [2542/2542]

--2026-09-01 15:13:42--  https://costruisciearreda.it/wp-content/uploads/2024/06/relax-150x150.png
Riutilizzo della connessione esistente a costruisciearreda.it:443.
Richiesta HTTP inviata, in attesa di risposta... 200 OK
Lunghezza: 2115 (2,1K) [image/png]
Salvataggio in: ‘costruisciearreda-static/costruisciearreda.it/wp-content/uploads/2024/06/relax-150x150.png’

     0K ..                                                    100% 3,68G=0s

2026-09-01 15:13:42 (3,68 GB/s) - ‘costruisciearreda-static/costruisciearreda.it/wp-content/uploads/2024/06/relax-150x150.png’ salvato [2115/2115]

--2026-09-01 15:13:42--  https://costruisciearreda.it/wp-content/uploads/2024/06/megius-150x150.png
Riutilizzo della connessione esistente a costruisciearreda.it:443.
Richiesta HTTP inviata, in attesa di risposta... 200 OK
Lunghezza: 2800 (2,7K) [image/png]
Salvataggio in: ‘costruisciearreda-static/costruisciearreda.it/wp-content/uploads/2024/06/megius-150x150.png’

     0K ..                                                    100% 5,98G=0s

2026-09-01 15:13:42 (5,98 GB/s) - ‘costruisciearreda-static/costruisciearreda.it/wp-content/uploads/2024/06/megius-150x150.png’ salvato [2800/2800]

--2026-09-01 15:13:42--  https://costruisciearreda.it/wp-content/uploads/2024/06/hafro-150x150.png
Riutilizzo della connessione esistente a costruisciearreda.it:443.
Richiesta HTTP inviata, in attesa di risposta... 200 OK
Lunghezza: 2371 (2,3K) [image/png]
Salvataggio in: ‘costruisciearreda-static/costruisciearreda.it/wp-content/uploads/2024/06/hafro-150x150.png’

     0K ..                                                    100% 1,55G=0s

2026-09-01 15:13:42 (1,55 GB/s) - ‘costruisciearreda-static/costruisciearreda.it/wp-content/uploads/2024/06/hafro-150x150.png’ salvato [2371/2371]

--2026-09-01 15:13:42--  https://costruisciearreda.it/wp-content/uploads/2024/06/calibe-150x150.png
Riutilizzo della connessione esistente a costruisciearreda.it:443.
Richiesta HTTP inviata, in attesa di risposta... 200 OK
Lunghezza: 1493 (1,5K) [image/png]
Salvataggio in: ‘costruisciearreda-static/costruisciearreda.it/wp-content/uploads/2024/06/calibe-150x150.png’

     0K .                                                     100% 1,41G=0s

2026-09-01 15:13:42 (1,41 GB/s) - ‘costruisciearreda-static/costruisciearreda.it/wp-content/uploads/2024/06/calibe-150x150.png’ salvato [1493/1493]

--2026-09-01 15:13:42--  https://costruisciearreda.it/wp-content/uploads/2024/06/ardeco-150x150.png
Riutilizzo della connessione esistente a costruisciearreda.it:443.
Richiesta HTTP inviata, in attesa di risposta... 200 OK
Lunghezza: 2656 (2,6K) [image/png]
Salvataggio in: ‘costruisciearreda-static/costruisciearreda.it/wp-content/uploads/2024/06/ardeco-150x150.png’

     0K ..                                                    100% 2,42G=0s

2026-09-01 15:13:42 (2,42 GB/s) - ‘costruisciearreda-static/costruisciearreda.it/wp-content/uploads/2024/06/ardeco-150x150.png’ salvato [2656/2656]

--2026-09-01 15:13:42--  https://costruisciearreda.it/wp-content/uploads/2024/06/puntotre-150x150.png
Riutilizzo della connessione esistente a costruisciearreda.it:443.
Richiesta HTTP inviata, in attesa di risposta... 200 OK
Lunghezza: 2996 (2,9K) [image/png]
Salvataggio in: ‘costruisciearreda-static/costruisciearreda.it/wp-content/uploads/2024/06/puntotre-150x150.png’

     0K ..                                                    100% 2,91G=0s

2026-09-01 15:13:42 (2,91 GB/s) - ‘costruisciearreda-static/costruisciearreda.it/wp-content/uploads/2024/06/puntotre-150x150.png’ salvato [2996/2996]

--2026-09-01 15:13:42--  https://costruisciearreda.it/wp-content/uploads/2024/06/mobilcrab-150x150.png
Riutilizzo della connessione esistente a costruisciearreda.it:443.
Richiesta HTTP inviata, in attesa di risposta... 200 OK
Lunghezza: 2630 (2,6K) [image/png]
Salvataggio in: ‘costruisciearreda-static/costruisciearreda.it/wp-content/uploads/2024/06/mobilcrab-150x150.png’

     0K ..                                                    100% 6,53G=0s

2026-09-01 15:13:42 (6,53 GB/s) - ‘costruisciearreda-static/costruisciearreda.it/wp-content/uploads/2024/06/mobilcrab-150x150.png’ salvato [2630/2630]

--2026-09-01 15:13:42--  https://costruisciearreda.it/wp-content/uploads/2024/06/azzurra-150x150.png
Riutilizzo della connessione esistente a costruisciearreda.it:443.
Richiesta HTTP inviata, in attesa di risposta... 200 OK
Lunghezza: 2569 (2,5K) [image/png]
Salvataggio in: ‘costruisciearreda-static/costruisciearreda.it/wp-content/uploads/2024/06/azzurra-150x150.png’

     0K ..                                                    100% 3,90G=0s

2026-09-01 15:13:42 (3,90 GB/s) - ‘costruisciearreda-static/costruisciearreda.it/wp-content/uploads/2024/06/azzurra-150x150.png’ salvato [2569/2569]

--2026-09-01 15:13:42--  https://costruisciearreda.it/wp-content/uploads/2024/06/artesi-150x150.png
Riutilizzo della connessione esistente a costruisciearreda.it:443.
Richiesta HTTP inviata, in attesa di risposta... 200 OK
Lunghezza: 2902 (2,8K) [image/png]
Salvataggio in: ‘costruisciearreda-static/costruisciearreda.it/wp-content/uploads/2024/06/artesi-150x150.png’

     0K ..                                                    100% 4,30G=0s

2026-09-01 15:13:42 (4,30 GB/s) - ‘costruisciearreda-static/costruisciearreda.it/wp-content/uploads/2024/06/artesi-150x150.png’ salvato [2902/2902]

--2026-09-01 15:13:42--  https://costruisciearreda.it/wp-content/uploads/2024/06/antrax-150x150.png
Riutilizzo della connessione esistente a costruisciearreda.it:443.
Richiesta HTTP inviata, in attesa di risposta... 200 OK
Lunghezza: 2027 (2,0K) [image/png]
Salvataggio in: ‘costruisciearreda-static/costruisciearreda.it/wp-content/uploads/2024/06/antrax-150x150.png’

     0K .                                                     100% 5,12G=0s

2026-09-01 15:13:42 (5,12 GB/s) - ‘costruisciearreda-static/costruisciearreda.it/wp-content/uploads/2024/06/antrax-150x150.png’ salvato [2027/2027]

--2026-09-01 15:13:42--  https://costruisciearreda.it/wp-content/uploads/2024/06/irsap-150x150.png
Riutilizzo della connessione esistente a costruisciearreda.it:443.
Richiesta HTTP inviata, in attesa di risposta... 200 OK
Lunghezza: 3173 (3,1K) [image/png]
Salvataggio in: ‘costruisciearreda-static/costruisciearreda.it/wp-content/uploads/2024/06/irsap-150x150.png’

     0K ...                                                   100% 5,58G=0s

2026-09-01 15:13:42 (5,58 GB/s) - ‘costruisciearreda-static/costruisciearreda.it/wp-content/uploads/2024/06/irsap-150x150.png’ salvato [3173/3173]

--2026-09-01 15:13:42--  https://costruisciearreda.it/wp-content/uploads/2024/06/globalradiator-150x150.png
Riutilizzo della connessione esistente a costruisciearreda.it:443.
Richiesta HTTP inviata, in attesa di risposta... 200 OK
Lunghezza: 3477 (3,4K) [image/png]
Salvataggio in: ‘costruisciearreda-static/costruisciearreda.it/wp-content/uploads/2024/06/globalradiator-150x150.png’

     0K ...                                                   100% 4,47G=0s

2026-09-01 15:13:42 (4,47 GB/s) - ‘costruisciearreda-static/costruisciearreda.it/wp-content/uploads/2024/06/globalradiator-150x150.png’ salvato [3477/3477]

--2026-09-01 15:13:42--  https://costruisciearreda.it/wp-content/uploads/2024/06/cordivari-150x150.png
Riutilizzo della connessione esistente a costruisciearreda.it:443.
Richiesta HTTP inviata, in attesa di risposta... 200 OK
Lunghezza: 3326 (3,2K) [image/png]
Salvataggio in: ‘costruisciearreda-static/costruisciearreda.it/wp-content/uploads/2024/06/cordivari-150x150.png’

     0K ...                                                   100% 7,63G=0s

2026-09-01 15:13:42 (7,63 GB/s) - ‘costruisciearreda-static/costruisciearreda.it/wp-content/uploads/2024/06/cordivari-150x150.png’ salvato [3326/3326]

--2026-09-01 15:13:42--  https://costruisciearreda.it/wp-content/uploads/2024/06/ferrerolegno-150x150.png
Riutilizzo della connessione esistente a costruisciearreda.it:443.
Richiesta HTTP inviata, in attesa di risposta... 200 OK
Lunghezza: 3862 (3,8K) [image/png]
Salvataggio in: ‘costruisciearreda-static/costruisciearreda.it/wp-content/uploads/2024/06/ferrerolegno-150x150.png’

     0K ...                                                   100% 4,17G=0s

2026-09-01 15:13:42 (4,17 GB/s) - ‘costruisciearreda-static/costruisciearreda.it/wp-content/uploads/2024/06/ferrerolegno-150x150.png’ salvato [3862/3862]

--2026-09-01 15:13:42--  https://costruisciearreda.it/wp-content/uploads/2024/06/fossati-150x150.png
Riutilizzo della connessione esistente a costruisciearreda.it:443.
Richiesta HTTP inviata, in attesa di risposta... 200 OK
Lunghezza: 4555 (4,4K) [image/png]
Salvataggio in: ‘costruisciearreda-static/costruisciearreda.it/wp-content/uploads/2024/06/fossati-150x150.png’

     0K ....                                                  100% 7,06G=0s

2026-09-01 15:13:42 (7,06 GB/s) - ‘costruisciearreda-static/costruisciearreda.it/wp-content/uploads/2024/06/fossati-150x150.png’ salvato [4555/4555]

--2026-09-01 15:13:42--  https://costruisciearreda.it/wp-content/uploads/2024/06/Cristalrecord-1-150x150.png
Riutilizzo della connessione esistente a costruisciearreda.it:443.
Richiesta HTTP inviata, in attesa di risposta... 200 OK
Lunghezza: 2971 (2,9K) [image/png]
Salvataggio in: ‘costruisciearreda-static/costruisciearreda.it/wp-content/uploads/2024/06/Cristalrecord-1-150x150.png’

     0K ..                                                    100% 6,26G=0s

2026-09-01 15:13:42 (6,26 GB/s) - ‘costruisciearreda-static/costruisciearreda.it/wp-content/uploads/2024/06/Cristalrecord-1-150x150.png’ salvato [2971/2971]

--2026-09-01 15:13:42--  https://costruisciearreda.it/wp-content/uploads/2024/06/Nowodvorski-1-150x150.png
Riutilizzo della connessione esistente a costruisciearreda.it:443.
Richiesta HTTP inviata, in attesa di risposta... 200 OK
Lunghezza: 3492 (3,4K) [image/png]
Salvataggio in: ‘costruisciearreda-static/costruisciearreda.it/wp-content/uploads/2024/06/Nowodvorski-1-150x150.png’

     0K ...                                                   100% 3,28G=0s

2026-09-01 15:13:42 (3,28 GB/s) - ‘costruisciearreda-static/costruisciearreda.it/wp-content/uploads/2024/06/Nowodvorski-1-150x150.png’ salvato [3492/3492]

--2026-09-01 15:13:42--  https://costruisciearreda.it/wp-content/uploads/2024/06/sforzin-1-150x150.png
Riutilizzo della connessione esistente a costruisciearreda.it:443.
Richiesta HTTP inviata, in attesa di risposta... 200 OK
Lunghezza: 4026 (3,9K) [image/png]
Salvataggio in: ‘costruisciearreda-static/costruisciearreda.it/wp-content/uploads/2024/06/sforzin-1-150x150.png’

     0K ...                                                   100% 7,27G=0s

2026-09-01 15:13:42 (7,27 GB/s) - ‘costruisciearreda-static/costruisciearreda.it/wp-content/uploads/2024/06/sforzin-1-150x150.png’ salvato [4026/4026]

--2026-09-01 15:13:42--  https://costruisciearreda.it/wp-content/uploads/2024/06/slamp-1-150x150.png
Riutilizzo della connessione esistente a costruisciearreda.it:443.
Richiesta HTTP inviata, in attesa di risposta... 200 OK
Lunghezza: 3291 (3,2K) [image/png]
Salvataggio in: ‘costruisciearreda-static/costruisciearreda.it/wp-content/uploads/2024/06/slamp-1-150x150.png’

     0K ...                                                   100% 6,63G=0s

2026-09-01 15:13:42 (6,63 GB/s) - ‘costruisciearreda-static/costruisciearreda.it/wp-content/uploads/2024/06/slamp-1-150x150.png’ salvato [3291/3291]

--2026-09-01 15:13:42--  https://costruisciearreda.it/wp-content/uploads/2024/06/zumaline-1-150x150.png
Riutilizzo della connessione esistente a costruisciearreda.it:443.
Richiesta HTTP inviata, in attesa di risposta... 200 OK
Lunghezza: 1665 (1,6K) [image/png]
Salvataggio in: ‘costruisciearreda-static/costruisciearreda.it/wp-content/uploads/2024/06/zumaline-1-150x150.png’

     0K .                                                     100% 1,53G=0s

2026-09-01 15:13:43 (1,53 GB/s) - ‘costruisciearreda-static/costruisciearreda.it/wp-content/uploads/2024/06/zumaline-1-150x150.png’ salvato [1665/1665]

--2026-09-01 15:13:43--  https://costruisciearreda.it/wp-content/uploads/2024/06/edg-150x150.png
Riutilizzo della connessione esistente a costruisciearreda.it:443.
Richiesta HTTP inviata, in attesa di risposta... 200 OK
Lunghezza: 3754 (3,7K) [image/png]
Salvataggio in: ‘costruisciearreda-static/costruisciearreda.it/wp-content/uploads/2024/06/edg-150x150.png’

     0K ...                                                   100% 6,12G=0s

2026-09-01 15:13:43 (6,12 GB/s) - ‘costruisciearreda-static/costruisciearreda.it/wp-content/uploads/2024/06/edg-150x150.png’ salvato [3754/3754]

--2026-09-01 15:13:43--  https://costruisciearreda.it/wp-content/uploads/2024/06/verus-150x150.png
Riutilizzo della connessione esistente a costruisciearreda.it:443.
Richiesta HTTP inviata, in attesa di risposta... 200 OK
Lunghezza: 6448 (6,3K) [image/png]
Salvataggio in: ‘costruisciearreda-static/costruisciearreda.it/wp-content/uploads/2024/06/verus-150x150.png’

     0K ......                                                100% 8,22G=0s

2026-09-01 15:13:43 (8,22 GB/s) - ‘costruisciearreda-static/costruisciearreda.it/wp-content/uploads/2024/06/verus-150x150.png’ salvato [6448/6448]

--2026-09-01 15:13:43--  https://costruisciearreda.it/wp-content/uploads/2024/06/qeeboo-150x150.png
Riutilizzo della connessione esistente a costruisciearreda.it:443.
Richiesta HTTP inviata, in attesa di risposta... 200 OK
Lunghezza: 3415 (3,3K) [image/png]
Salvataggio in: ‘costruisciearreda-static/costruisciearreda.it/wp-content/uploads/2024/06/qeeboo-150x150.png’

     0K ...                                                   100% 4,99G=0s

2026-09-01 15:13:43 (4,99 GB/s) - ‘costruisciearreda-static/costruisciearreda.it/wp-content/uploads/2024/06/qeeboo-150x150.png’ salvato [3415/3415]

--2026-09-01 15:13:43--  https://costruisciearreda.it/wp-content/uploads/2024/06/karedesign-150x150.png
Riutilizzo della connessione esistente a costruisciearreda.it:443.
Richiesta HTTP inviata, in attesa di risposta... 200 OK
Lunghezza: 2401 (2,3K) [image/png]
Salvataggio in: ‘costruisciearreda-static/costruisciearreda.it/wp-content/uploads/2024/06/karedesign-150x150.png’

     0K ..                                                    100% 4,91G=0s

2026-09-01 15:13:43 (4,91 GB/s) - ‘costruisciearreda-static/costruisciearreda.it/wp-content/uploads/2024/06/karedesign-150x150.png’ salvato [2401/2401]

--2026-09-01 15:13:43--  https://costruisciearreda.it/wp-content/uploads/2024/06/garpe-150x150.png
Riutilizzo della connessione esistente a costruisciearreda.it:443.
Richiesta HTTP inviata, in attesa di risposta... 200 OK
Lunghezza: 3580 (3,5K) [image/png]
Salvataggio in: ‘costruisciearreda-static/costruisciearreda.it/wp-content/uploads/2024/06/garpe-150x150.png’

     0K ...                                                   100% 3,46G=0s

2026-09-01 15:13:43 (3,46 GB/s) - ‘costruisciearreda-static/costruisciearreda.it/wp-content/uploads/2024/06/garpe-150x150.png’ salvato [3580/3580]

--2026-09-01 15:13:43--  https://costruisciearreda.it/wp-content/uploads/2024/06/ethancloe-150x150.png
Riutilizzo della connessione esistente a costruisciearreda.it:443.
Richiesta HTTP inviata, in attesa di risposta... 200 OK
Lunghezza: 7486 (7,3K) [image/png]
Salvataggio in: ‘costruisciearreda-static/costruisciearreda.it/wp-content/uploads/2024/06/ethancloe-150x150.png’

     0K .......                                               100% 5,20G=0s

2026-09-01 15:13:43 (5,20 GB/s) - ‘costruisciearreda-static/costruisciearreda.it/wp-content/uploads/2024/06/ethancloe-150x150.png’ salvato [7486/7486]

--2026-09-01 15:13:43--  https://costruisciearreda.it/wp-content/uploads/2024/06/Casadeco-150x150.png
Riutilizzo della connessione esistente a costruisciearreda.it:443.
Richiesta HTTP inviata, in attesa di risposta... 200 OK
Lunghezza: 2630 (2,6K) [image/png]
Salvataggio in: ‘costruisciearreda-static/costruisciearreda.it/wp-content/uploads/2024/06/Casadeco-150x150.png’

     0K ..                                                    100% 2,79G=0s

2026-09-01 15:13:43 (2,79 GB/s) - ‘costruisciearreda-static/costruisciearreda.it/wp-content/uploads/2024/06/Casadeco-150x150.png’ salvato [2630/2630]

--2026-09-01 15:13:43--  https://costruisciearreda.it/wp-content/uploads/2024/06/Zambaiti-150x150.png
Riutilizzo della connessione esistente a costruisciearreda.it:443.
Richiesta HTTP inviata, in attesa di risposta... 200 OK
Lunghezza: 3089 (3,0K) [image/png]
Salvataggio in: ‘costruisciearreda-static/costruisciearreda.it/wp-content/uploads/2024/06/Zambaiti-150x150.png’

     0K ...                                                   100% 3,21G=0s

2026-09-01 15:13:43 (3,21 GB/s) - ‘costruisciearreda-static/costruisciearreda.it/wp-content/uploads/2024/06/Zambaiti-150x150.png’ salvato [3089/3089]

--2026-09-01 15:13:43--  https://costruisciearreda.it/wp-content/uploads/2024/06/Versace-150x150.png
Riutilizzo della connessione esistente a costruisciearreda.it:443.
Richiesta HTTP inviata, in attesa di risposta... 200 OK
Lunghezza: 4381 (4,3K) [image/png]
Salvataggio in: ‘costruisciearreda-static/costruisciearreda.it/wp-content/uploads/2024/06/Versace-150x150.png’

     0K ....                                                  100% 4,58G=0s

2026-09-01 15:13:43 (4,58 GB/s) - ‘costruisciearreda-static/costruisciearreda.it/wp-content/uploads/2024/06/Versace-150x150.png’ salvato [4381/4381]

--2026-09-01 15:13:43--  https://costruisciearreda.it/wp-content/uploads/2024/06/Trussardi-150x150.png
Riutilizzo della connessione esistente a costruisciearreda.it:443.
Richiesta HTTP inviata, in attesa di risposta... 200 OK
Lunghezza: 2063 (2,0K) [image/png]
Salvataggio in: ‘costruisciearreda-static/costruisciearreda.it/wp-content/uploads/2024/06/Trussardi-150x150.png’

     0K ..                                                    100% 2,19G=0s

2026-09-01 15:13:43 (2,19 GB/s) - ‘costruisciearreda-static/costruisciearreda.it/wp-content/uploads/2024/06/Trussardi-150x150.png’ salvato [2063/2063]

--2026-09-01 15:13:43--  https://costruisciearreda.it/wp-content/uploads/2024/06/PhilippPlain-150x150.png
Riutilizzo della connessione esistente a costruisciearreda.it:443.
Richiesta HTTP inviata, in attesa di risposta... 200 OK
Lunghezza: 1847 (1,8K) [image/png]
Salvataggio in: ‘costruisciearreda-static/costruisciearreda.it/wp-content/uploads/2024/06/PhilippPlain-150x150.png’

     0K .                                                     100% 1,63G=0s

2026-09-01 15:13:43 (1,63 GB/s) - ‘costruisciearreda-static/costruisciearreda.it/wp-content/uploads/2024/06/PhilippPlain-150x150.png’ salvato [1847/1847]

--2026-09-01 15:13:43--  https://costruisciearreda.it/wp-content/uploads/2024/06/Missoni-150x150.png
Riutilizzo della connessione esistente a costruisciearreda.it:443.
Richiesta HTTP inviata, in attesa di risposta... 200 OK
Lunghezza: 2440 (2,4K) [image/png]
Salvataggio in: ‘costruisciearreda-static/costruisciearreda.it/wp-content/uploads/2024/06/Missoni-150x150.png’

     0K ..                                                    100% 1,61G=0s

2026-09-01 15:13:43 (1,61 GB/s) - ‘costruisciearreda-static/costruisciearreda.it/wp-content/uploads/2024/06/Missoni-150x150.png’ salvato [2440/2440]

--2026-09-01 15:13:43--  https://costruisciearreda.it/wp-content/uploads/2024/06/Lamborghini-150x150.png
Riutilizzo della connessione esistente a costruisciearreda.it:443.
Richiesta HTTP inviata, in attesa di risposta... 200 OK
Lunghezza: 5773 (5,6K) [image/png]
Salvataggio in: ‘costruisciearreda-static/costruisciearreda.it/wp-content/uploads/2024/06/Lamborghini-150x150.png’

     0K .....                                                 100% 7,71G=0s

2026-09-01 15:13:43 (7,71 GB/s) - ‘costruisciearreda-static/costruisciearreda.it/wp-content/uploads/2024/06/Lamborghini-150x150.png’ salvato [5773/5773]

--2026-09-01 15:13:43--  https://costruisciearreda.it/wp-content/uploads/2024/06/JannelliVolpi-150x150.png
Riutilizzo della connessione esistente a costruisciearreda.it:443.
Richiesta HTTP inviata, in attesa di risposta... 200 OK
Lunghezza: 3020 (2,9K) [image/png]
Salvataggio in: ‘costruisciearreda-static/costruisciearreda.it/wp-content/uploads/2024/06/JannelliVolpi-150x150.png’

     0K ..                                                    100% 2,15G=0s

2026-09-01 15:13:43 (2,15 GB/s) - ‘costruisciearreda-static/costruisciearreda.it/wp-content/uploads/2024/06/JannelliVolpi-150x150.png’ salvato [3020/3020]

--2026-09-01 15:13:43--  https://costruisciearreda.it/wp-content/uploads/2024/06/inkiostrobianco-150x150.png
Riutilizzo della connessione esistente a costruisciearreda.it:443.
Richiesta HTTP inviata, in attesa di risposta... 200 OK
Lunghezza: 2747 (2,7K) [image/png]
Salvataggio in: ‘costruisciearreda-static/costruisciearreda.it/wp-content/uploads/2024/06/inkiostrobianco-150x150.png’

     0K ..                                                    100% 4,07G=0s

2026-09-01 15:13:43 (4,07 GB/s) - ‘costruisciearreda-static/costruisciearreda.it/wp-content/uploads/2024/06/inkiostrobianco-150x150.png’ salvato [2747/2747]

--2026-09-01 15:13:43--  https://costruisciearreda.it/wp-content/uploads/2024/06/IndustriaEmiliana-150x150.png
Riutilizzo della connessione esistente a costruisciearreda.it:443.
Richiesta HTTP inviata, in attesa di risposta... 200 OK
Lunghezza: 4490 (4,4K) [image/png]
Salvataggio in: ‘costruisciearreda-static/costruisciearreda.it/wp-content/uploads/2024/06/IndustriaEmiliana-150x150.png’

     0K ....                                                  100% 8,94G=0s

2026-09-01 15:13:43 (8,94 GB/s) - ‘costruisciearreda-static/costruisciearreda.it/wp-content/uploads/2024/06/IndustriaEmiliana-150x150.png’ salvato [4490/4490]

--2026-09-01 15:13:43--  https://costruisciearreda.it/wp-content/uploads/2024/06/Ideco-150x150.png
Riutilizzo della connessione esistente a costruisciearreda.it:443.
Richiesta HTTP inviata, in attesa di risposta... 200 OK
Lunghezza: 6320 (6,2K) [image/png]
Salvataggio in: ‘costruisciearreda-static/costruisciearreda.it/wp-content/uploads/2024/06/Ideco-150x150.png’

     0K ......                                                100% 7,83G=0s

2026-09-01 15:13:43 (7,83 GB/s) - ‘costruisciearreda-static/costruisciearreda.it/wp-content/uploads/2024/06/Ideco-150x150.png’ salvato [6320/6320]

--2026-09-01 15:13:43--  https://costruisciearreda.it/wp-content/uploads/2024/06/ferre%C2%A6C-150x150.png
Riutilizzo della connessione esistente a costruisciearreda.it:443.
Richiesta HTTP inviata, in attesa di risposta... 200 OK
Lunghezza: 4929 (4,8K) [image/png]
Salvataggio in: ‘costruisciearreda-static/costruisciearreda.it/wp-content/uploads/2024/06/ferre¦C-150x150.png’

     0K ....                                                  100% 2,60G=0s

2026-09-01 15:13:43 (2,60 GB/s) - ‘costruisciearreda-static/costruisciearreda.it/wp-content/uploads/2024/06/ferre¦C-150x150.png’ salvato [4929/4929]

--2026-09-01 15:13:43--  https://costruisciearreda.it/wp-content/uploads/2024/06/DolceeGabbana-150x150.png
Riutilizzo della connessione esistente a costruisciearreda.it:443.
Richiesta HTTP inviata, in attesa di risposta... 200 OK
Lunghezza: 2970 (2,9K) [image/png]
Salvataggio in: ‘costruisciearreda-static/costruisciearreda.it/wp-content/uploads/2024/06/DolceeGabbana-150x150.png’

     0K ..                                                    100% 4,37G=0s

2026-09-01 15:13:43 (4,37 GB/s) - ‘costruisciearreda-static/costruisciearreda.it/wp-content/uploads/2024/06/DolceeGabbana-150x150.png’ salvato [2970/2970]

--2026-09-01 15:13:43--  https://costruisciearreda.it/wp-content/uploads/2024/06/caselio-150x150.png
Riutilizzo della connessione esistente a costruisciearreda.it:443.
Richiesta HTTP inviata, in attesa di risposta... 200 OK
Lunghezza: 3592 (3,5K) [image/png]
Salvataggio in: ‘costruisciearreda-static/costruisciearreda.it/wp-content/uploads/2024/06/caselio-150x150.png’

     0K ...                                                   100% 5,48G=0s

2026-09-01 15:13:43 (5,48 GB/s) - ‘costruisciearreda-static/costruisciearreda.it/wp-content/uploads/2024/06/caselio-150x150.png’ salvato [3592/3592]

--2026-09-01 15:13:43--  https://costruisciearreda.it/wp-content/uploads/2024/06/Casamance-150x150.png
Riutilizzo della connessione esistente a costruisciearreda.it:443.
Richiesta HTTP inviata, in attesa di risposta... 200 OK
Lunghezza: 2494 (2,4K) [image/png]
Salvataggio in: ‘costruisciearreda-static/costruisciearreda.it/wp-content/uploads/2024/06/Casamance-150x150.png’

     0K ..                                                    100% 5,30G=0s

2026-09-01 15:13:43 (5,30 GB/s) - ‘costruisciearreda-static/costruisciearreda.it/wp-content/uploads/2024/06/Casamance-150x150.png’ salvato [2494/2494]

--2026-09-01 15:13:43--  https://costruisciearreda.it/wp-content/uploads/2024/06/roberto_cavalli-150x150.png
Riutilizzo della connessione esistente a costruisciearreda.it:443.
Richiesta HTTP inviata, in attesa di risposta... 200 OK
Lunghezza: 3522 (3,4K) [image/png]
Salvataggio in: ‘costruisciearreda-static/costruisciearreda.it/wp-content/uploads/2024/06/roberto_cavalli-150x150.png’

     0K ...                                                   100% 3,85G=0s

2026-09-01 15:13:43 (3,85 GB/s) - ‘costruisciearreda-static/costruisciearreda.it/wp-content/uploads/2024/06/roberto_cavalli-150x150.png’ salvato [3522/3522]

--2026-09-01 15:13:43--  https://costruisciearreda.it/wp-content/uploads/2024/06/viaroma60-150x150.png
Riutilizzo della connessione esistente a costruisciearreda.it:443.
Richiesta HTTP inviata, in attesa di risposta... 200 OK
Lunghezza: 3185 (3,1K) [image/png]
Salvataggio in: ‘costruisciearreda-static/costruisciearreda.it/wp-content/uploads/2024/06/viaroma60-150x150.png’

     0K ...                                                   100% 3,20G=0s

2026-09-01 15:13:43 (3,20 GB/s) - ‘costruisciearreda-static/costruisciearreda.it/wp-content/uploads/2024/06/viaroma60-150x150.png’ salvato [3185/3185]

--2026-09-01 15:13:43--  https://costruisciearreda.it/wp-content/uploads/2024/06/viaroma60-1-150x150.png
Riutilizzo della connessione esistente a costruisciearreda.it:443.
Richiesta HTTP inviata, in attesa di risposta... 200 OK
Lunghezza: 3185 (3,1K) [image/png]
Salvataggio in: ‘costruisciearreda-static/costruisciearreda.it/wp-content/uploads/2024/06/viaroma60-1-150x150.png’

     0K ...                                                   100% 2,90G=0s

2026-09-01 15:13:43 (2,90 GB/s) - ‘costruisciearreda-static/costruisciearreda.it/wp-content/uploads/2024/06/viaroma60-1-150x150.png’ salvato [3185/3185]

--2026-09-01 15:13:43--  https://costruisciearreda.it/wp-content/uploads/2024/06/kerakoll-150x150.png
Riutilizzo della connessione esistente a costruisciearreda.it:443.
Richiesta HTTP inviata, in attesa di risposta... 200 OK
Lunghezza: 2489 (2,4K) [image/png]
Salvataggio in: ‘costruisciearreda-static/costruisciearreda.it/wp-content/uploads/2024/06/kerakoll-150x150.png’

     0K ..                                                    100% 4,67G=0s

2026-09-01 15:13:43 (4,67 GB/s) - ‘costruisciearreda-static/costruisciearreda.it/wp-content/uploads/2024/06/kerakoll-150x150.png’ salvato [2489/2489]

--2026-09-01 15:13:43--  https://costruisciearreda.it/wp-content/uploads/2024/06/membrapol-150x150.png
Riutilizzo della connessione esistente a costruisciearreda.it:443.
Richiesta HTTP inviata, in attesa di risposta... 200 OK
Lunghezza: 2854 (2,8K) [image/png]
Salvataggio in: ‘costruisciearreda-static/costruisciearreda.it/wp-content/uploads/2024/06/membrapol-150x150.png’

     0K ..                                                    100% 6,85G=0s

2026-09-01 15:13:43 (6,85 GB/s) - ‘costruisciearreda-static/costruisciearreda.it/wp-content/uploads/2024/06/membrapol-150x150.png’ salvato [2854/2854]

--2026-09-01 15:13:43--  https://costruisciearreda.it/wp-content/uploads/2024/06/0000_Atlas-concorde.png
Riutilizzo della connessione esistente a costruisciearreda.it:443.
Richiesta HTTP inviata, in attesa di risposta... 200 OK
Lunghezza: 9882 (9,7K) [image/png]
Salvataggio in: ‘costruisciearreda-static/costruisciearreda.it/wp-content/uploads/2024/06/0000_Atlas-concorde.png’

     0K .........                                             100%  199M=0s

2026-09-01 15:13:43 (199 MB/s) - ‘costruisciearreda-static/costruisciearreda.it/wp-content/uploads/2024/06/0000_Atlas-concorde.png’ salvato [9882/9882]

--2026-09-01 15:13:43--  https://costruisciearreda.it/wp-content/uploads/2024/06/0001_Navarti.png
Riutilizzo della connessione esistente a costruisciearreda.it:443.
Richiesta HTTP inviata, in attesa di risposta... 200 OK
Lunghezza: 11133 (11K) [image/png]
Salvataggio in: ‘costruisciearreda-static/costruisciearreda.it/wp-content/uploads/2024/06/0001_Navarti.png’

     0K ..........                                            100%  258M=0s

2026-09-01 15:13:43 (258 MB/s) - ‘costruisciearreda-static/costruisciearreda.it/wp-content/uploads/2024/06/0001_Navarti.png’ salvato [11133/11133]

--2026-09-01 15:13:43--  https://costruisciearreda.it/wp-content/uploads/2024/06/0002_DUNE.png
Riutilizzo della connessione esistente a costruisciearreda.it:443.
Richiesta HTTP inviata, in attesa di risposta... 200 OK
Lunghezza: 11027 (11K) [image/png]
Salvataggio in: ‘costruisciearreda-static/costruisciearreda.it/wp-content/uploads/2024/06/0002_DUNE.png’

     0K ..........                                            100%  252M=0s

2026-09-01 15:13:43 (252 MB/s) - ‘costruisciearreda-static/costruisciearreda.it/wp-content/uploads/2024/06/0002_DUNE.png’ salvato [11027/11027]

--2026-09-01 15:13:43--  https://costruisciearreda.it/wp-content/uploads/2024/06/0003_FIORANESE.png
Riutilizzo della connessione esistente a costruisciearreda.it:443.
Richiesta HTTP inviata, in attesa di risposta... 200 OK
Lunghezza: 8787 (8,6K) [image/png]
Salvataggio in: ‘costruisciearreda-static/costruisciearreda.it/wp-content/uploads/2024/06/0003_FIORANESE.png’

     0K ........                                              100%  243M=0s

2026-09-01 15:13:43 (243 MB/s) - ‘costruisciearreda-static/costruisciearreda.it/wp-content/uploads/2024/06/0003_FIORANESE.png’ salvato [8787/8787]

--2026-09-01 15:13:43--  https://costruisciearreda.it/wp-content/uploads/2024/06/0004_AVA-.png
Riutilizzo della connessione esistente a costruisciearreda.it:443.
Richiesta HTTP inviata, in attesa di risposta... 200 OK
Lunghezza: 12049 (12K) [image/png]
Salvataggio in: ‘costruisciearreda-static/costruisciearreda.it/wp-content/uploads/2024/06/0004_AVA-.png’

     0K .......... .                                          100%  265M=0s

2026-09-01 15:13:43 (265 MB/s) - ‘costruisciearreda-static/costruisciearreda.it/wp-content/uploads/2024/06/0004_AVA-.png’ salvato [12049/12049]

--2026-09-01 15:13:43--  https://costruisciearreda.it/wp-content/uploads/2024/06/0005_Tonalite.png
Riutilizzo della connessione esistente a costruisciearreda.it:443.
Richiesta HTTP inviata, in attesa di risposta... 200 OK
Lunghezza: 8958 (8,7K) [image/png]
Salvataggio in: ‘costruisciearreda-static/costruisciearreda.it/wp-content/uploads/2024/06/0005_Tonalite.png’

     0K ........                                              100%  128M=0s

2026-09-01 15:13:44 (128 MB/s) - ‘costruisciearreda-static/costruisciearreda.it/wp-content/uploads/2024/06/0005_Tonalite.png’ salvato [8958/8958]

--2026-09-01 15:13:44--  https://costruisciearreda.it/wp-content/uploads/2024/06/0006_CASALGRANDE-PADANA.png
Riutilizzo della connessione esistente a costruisciearreda.it:443.
Richiesta HTTP inviata, in attesa di risposta... 200 OK
Lunghezza: 15784 (15K) [image/png]
Salvataggio in: ‘costruisciearreda-static/costruisciearreda.it/wp-content/uploads/2024/06/0006_CASALGRANDE-PADANA.png’

     0K .......... .....                                      100%  316M=0s

2026-09-01 15:13:44 (316 MB/s) - ‘costruisciearreda-static/costruisciearreda.it/wp-content/uploads/2024/06/0006_CASALGRANDE-PADANA.png’ salvato [15784/15784]

--2026-09-01 15:13:44--  https://costruisciearreda.it/wp-content/uploads/2024/06/0007_Laminam.png
Riutilizzo della connessione esistente a costruisciearreda.it:443.
Richiesta HTTP inviata, in attesa di risposta... 200 OK
Lunghezza: 7228 (7,1K) [image/png]
Salvataggio in: ‘costruisciearreda-static/costruisciearreda.it/wp-content/uploads/2024/06/0007_Laminam.png’

     0K .......                                               100% 6,72G=0s

2026-09-01 15:13:44 (6,72 GB/s) - ‘costruisciearreda-static/costruisciearreda.it/wp-content/uploads/2024/06/0007_Laminam.png’ salvato [7228/7228]

--2026-09-01 15:13:44--  https://costruisciearreda.it/wp-content/uploads/2024/06/0008_Fap-ceramiche.png
Riutilizzo della connessione esistente a costruisciearreda.it:443.
Richiesta HTTP inviata, in attesa di risposta... 200 OK
Lunghezza: 11721 (11K) [image/png]
Salvataggio in: ‘costruisciearreda-static/costruisciearreda.it/wp-content/uploads/2024/06/0008_Fap-ceramiche.png’

     0K .......... .                                          100%  157M=0s

2026-09-01 15:13:44 (157 MB/s) - ‘costruisciearreda-static/costruisciearreda.it/wp-content/uploads/2024/06/0008_Fap-ceramiche.png’ salvato [11721/11721]

--2026-09-01 15:13:44--  https://costruisciearreda.it/wp-content/uploads/2024/06/bongio.png
Riutilizzo della connessione esistente a costruisciearreda.it:443.
Richiesta HTTP inviata, in attesa di risposta... 200 OK
Lunghezza: 5424 (5,3K) [image/png]
Salvataggio in: ‘costruisciearreda-static/costruisciearreda.it/wp-content/uploads/2024/06/bongio.png’

     0K .....                                                 100% 7,57G=0s

2026-09-01 15:13:44 (7,57 GB/s) - ‘costruisciearreda-static/costruisciearreda.it/wp-content/uploads/2024/06/bongio.png’ salvato [5424/5424]

--2026-09-01 15:13:44--  https://costruisciearreda.it/wp-content/uploads/2024/06/fir.png
Riutilizzo della connessione esistente a costruisciearreda.it:443.
Richiesta HTTP inviata, in attesa di risposta... 200 OK
Lunghezza: 4800 (4,7K) [image/png]
Salvataggio in: ‘costruisciearreda-static/costruisciearreda.it/wp-content/uploads/2024/06/fir.png’

     0K ....                                                  100% 7,64G=0s

2026-09-01 15:13:44 (7,64 GB/s) - ‘costruisciearreda-static/costruisciearreda.it/wp-content/uploads/2024/06/fir.png’ salvato [4800/4800]

--2026-09-01 15:13:44--  https://costruisciearreda.it/wp-content/uploads/2024/06/teorema-1.png
Riutilizzo della connessione esistente a costruisciearreda.it:443.
Richiesta HTTP inviata, in attesa di risposta... 200 OK
Lunghezza: 4868 (4,8K) [image/png]
Salvataggio in: ‘costruisciearreda-static/costruisciearreda.it/wp-content/uploads/2024/06/teorema-1.png’

     0K ....                                                  100% 4,37G=0s

2026-09-01 15:13:44 (4,37 GB/s) - ‘costruisciearreda-static/costruisciearreda.it/wp-content/uploads/2024/06/teorema-1.png’ salvato [4868/4868]

--2026-09-01 15:13:44--  https://costruisciearreda.it/wp-content/uploads/2024/06/treemme.png
Riutilizzo della connessione esistente a costruisciearreda.it:443.
Richiesta HTTP inviata, in attesa di risposta... 200 OK
Lunghezza: 10869 (11K) [image/png]
Salvataggio in: ‘costruisciearreda-static/costruisciearreda.it/wp-content/uploads/2024/06/treemme.png’

     0K ..........                                            100%  276M=0s

2026-09-01 15:13:44 (276 MB/s) - ‘costruisciearreda-static/costruisciearreda.it/wp-content/uploads/2024/06/treemme.png’ salvato [10869/10869]

--2026-09-01 15:13:44--  https://costruisciearreda.it/wp-content/uploads/2024/06/cielo.png
Riutilizzo della connessione esistente a costruisciearreda.it:443.
Richiesta HTTP inviata, in attesa di risposta... 200 OK
Lunghezza: 8684 (8,5K) [image/png]
Salvataggio in: ‘costruisciearreda-static/costruisciearreda.it/wp-content/uploads/2024/06/cielo.png’

     0K ........                                              100%  257M=0s

2026-09-01 15:13:44 (257 MB/s) - ‘costruisciearreda-static/costruisciearreda.it/wp-content/uploads/2024/06/cielo.png’ salvato [8684/8684]

--2026-09-01 15:13:44--  https://costruisciearreda.it/wp-content/uploads/2024/06/hatria.png
Riutilizzo della connessione esistente a costruisciearreda.it:443.
Richiesta HTTP inviata, in attesa di risposta... 200 OK
Lunghezza: 4589 (4,5K) [image/png]
Salvataggio in: ‘costruisciearreda-static/costruisciearreda.it/wp-content/uploads/2024/06/hatria.png’

     0K ....                                                  100% 7,94G=0s

2026-09-01 15:13:44 (7,94 GB/s) - ‘costruisciearreda-static/costruisciearreda.it/wp-content/uploads/2024/06/hatria.png’ salvato [4589/4589]

--2026-09-01 15:13:44--  https://costruisciearreda.it/wp-content/uploads/2024/06/grohe.png
Riutilizzo della connessione esistente a costruisciearreda.it:443.
Richiesta HTTP inviata, in attesa di risposta... 200 OK
Lunghezza: 12457 (12K) [image/png]
Salvataggio in: ‘costruisciearreda-static/costruisciearreda.it/wp-content/uploads/2024/06/grohe.png’

     0K .......... ..                                         100%  382M=0s

2026-09-01 15:13:44 (382 MB/s) - ‘costruisciearreda-static/costruisciearreda.it/wp-content/uploads/2024/06/grohe.png’ salvato [12457/12457]

--2026-09-01 15:13:44--  https://costruisciearreda.it/wp-content/uploads/2024/06/albatros.png
Riutilizzo della connessione esistente a costruisciearreda.it:443.
Richiesta HTTP inviata, in attesa di risposta... 200 OK
Lunghezza: 15282 (15K) [image/png]
Salvataggio in: ‘costruisciearreda-static/costruisciearreda.it/wp-content/uploads/2024/06/albatros.png’

     0K .......... ....                                       100%  432M=0s

2026-09-01 15:13:44 (432 MB/s) - ‘costruisciearreda-static/costruisciearreda.it/wp-content/uploads/2024/06/albatros.png’ salvato [15282/15282]

--2026-09-01 15:13:44--  https://costruisciearreda.it/wp-content/uploads/2024/06/calibe.png
Riutilizzo della connessione esistente a costruisciearreda.it:443.
Richiesta HTTP inviata, in attesa di risposta... 200 OK
Lunghezza: 6520 (6,4K) [image/png]
Salvataggio in: ‘costruisciearreda-static/costruisciearreda.it/wp-content/uploads/2024/06/calibe.png’

     0K ......                                                100% 9,16G=0s

2026-09-01 15:13:44 (9,16 GB/s) - ‘costruisciearreda-static/costruisciearreda.it/wp-content/uploads/2024/06/calibe.png’ salvato [6520/6520]

--2026-09-01 15:13:44--  https://costruisciearreda.it/wp-content/uploads/2024/06/hafro.png
Riutilizzo della connessione esistente a costruisciearreda.it:443.
Richiesta HTTP inviata, in attesa di risposta... 200 OK
Lunghezza: 8792 (8,6K) [image/png]
Salvataggio in: ‘costruisciearreda-static/costruisciearreda.it/wp-content/uploads/2024/06/hafro.png’

     0K ........                                              100%  253M=0s

2026-09-01 15:13:44 (253 MB/s) - ‘costruisciearreda-static/costruisciearreda.it/wp-content/uploads/2024/06/hafro.png’ salvato [8792/8792]

--2026-09-01 15:13:44--  https://costruisciearreda.it/wp-content/uploads/2024/06/megius.png
Riutilizzo della connessione esistente a costruisciearreda.it:443.
Richiesta HTTP inviata, in attesa di risposta... 200 OK
Lunghezza: 10091 (9,9K) [image/png]
Salvataggio in: ‘costruisciearreda-static/costruisciearreda.it/wp-content/uploads/2024/06/megius.png’

     0K .........                                             100%  295M=0s

2026-09-01 15:13:44 (295 MB/s) - ‘costruisciearreda-static/costruisciearreda.it/wp-content/uploads/2024/06/megius.png’ salvato [10091/10091]

--2026-09-01 15:13:44--  https://costruisciearreda.it/wp-content/uploads/2024/06/relax.png
Riutilizzo della connessione esistente a costruisciearreda.it:443.
Richiesta HTTP inviata, in attesa di risposta... 200 OK
Lunghezza: 8172 (8,0K) [image/png]
Salvataggio in: ‘costruisciearreda-static/costruisciearreda.it/wp-content/uploads/2024/06/relax.png’

     0K .......                                               100%  178M=0s

2026-09-01 15:13:44 (178 MB/s) - ‘costruisciearreda-static/costruisciearreda.it/wp-content/uploads/2024/06/relax.png’ salvato [8172/8172]

--2026-09-01 15:13:44--  https://costruisciearreda.it/wp-content/uploads/2024/06/relaxdesign.png
Riutilizzo della connessione esistente a costruisciearreda.it:443.
Richiesta HTTP inviata, in attesa di risposta... 200 OK
Lunghezza: 9596 (9,4K) [image/png]
Salvataggio in: ‘costruisciearreda-static/costruisciearreda.it/wp-content/uploads/2024/06/relaxdesign.png’

     0K .........                                             100%  201M=0s

2026-09-01 15:13:44 (201 MB/s) - ‘costruisciearreda-static/costruisciearreda.it/wp-content/uploads/2024/06/relaxdesign.png’ salvato [9596/9596]

--2026-09-01 15:13:44--  https://costruisciearreda.it/wp-content/uploads/2024/06/spring.png
Riutilizzo della connessione esistente a costruisciearreda.it:443.
Richiesta HTTP inviata, in attesa di risposta... 200 OK
Lunghezza: 13270 (13K) [image/png]
Salvataggio in: ‘costruisciearreda-static/costruisciearreda.it/wp-content/uploads/2024/06/spring.png’

     0K .......... ..                                         100%  394M=0s

2026-09-01 15:13:44 (394 MB/s) - ‘costruisciearreda-static/costruisciearreda.it/wp-content/uploads/2024/06/spring.png’ salvato [13270/13270]

--2026-09-01 15:13:44--  https://costruisciearreda.it/wp-content/uploads/2024/06/ardeco.png
Riutilizzo della connessione esistente a costruisciearreda.it:443.
Richiesta HTTP inviata, in attesa di risposta... 200 OK
Lunghezza: 9662 (9,4K) [image/png]
Salvataggio in: ‘costruisciearreda-static/costruisciearreda.it/wp-content/uploads/2024/06/ardeco.png’

     0K .........                                             100%  266M=0s

2026-09-01 15:13:44 (266 MB/s) - ‘costruisciearreda-static/costruisciearreda.it/wp-content/uploads/2024/06/ardeco.png’ salvato [9662/9662]

--2026-09-01 15:13:44--  https://costruisciearreda.it/wp-content/uploads/2024/06/artesi.png
Riutilizzo della connessione esistente a costruisciearreda.it:443.
Richiesta HTTP inviata, in attesa di risposta... 200 OK
Lunghezza: 11254 (11K) [image/png]
Salvataggio in: ‘costruisciearreda-static/costruisciearreda.it/wp-content/uploads/2024/06/artesi.png’

     0K ..........                                            100%  340M=0s

2026-09-01 15:13:44 (340 MB/s) - ‘costruisciearreda-static/costruisciearreda.it/wp-content/uploads/2024/06/artesi.png’ salvato [11254/11254]

--2026-09-01 15:13:44--  https://costruisciearreda.it/wp-content/uploads/2024/06/azzurra.png
Riutilizzo della connessione esistente a costruisciearreda.it:443.
Richiesta HTTP inviata, in attesa di risposta... 200 OK
Lunghezza: 10537 (10K) [image/png]
Salvataggio in: ‘costruisciearreda-static/costruisciearreda.it/wp-content/uploads/2024/06/azzurra.png’

     0K ..........                                            100%  301M=0s

2026-09-01 15:13:44 (301 MB/s) - ‘costruisciearreda-static/costruisciearreda.it/wp-content/uploads/2024/06/azzurra.png’ salvato [10537/10537]

--2026-09-01 15:13:44--  https://costruisciearreda.it/wp-content/uploads/2024/06/mobilcrab.png
Riutilizzo della connessione esistente a costruisciearreda.it:443.
Richiesta HTTP inviata, in attesa di risposta... 200 OK
Lunghezza: 9202 (9,0K) [image/png]
Salvataggio in: ‘costruisciearreda-static/costruisciearreda.it/wp-content/uploads/2024/06/mobilcrab.png’

     0K ........                                              100%  208M=0s

2026-09-01 15:13:44 (208 MB/s) - ‘costruisciearreda-static/costruisciearreda.it/wp-content/uploads/2024/06/mobilcrab.png’ salvato [9202/9202]

--2026-09-01 15:13:44--  https://costruisciearreda.it/wp-content/uploads/2024/06/puntotre.png
Riutilizzo della connessione esistente a costruisciearreda.it:443.
Richiesta HTTP inviata, in attesa di risposta... 200 OK
Lunghezza: 10045 (9,8K) [image/png]
Salvataggio in: ‘costruisciearreda-static/costruisciearreda.it/wp-content/uploads/2024/06/puntotre.png’

     0K .........                                             100%  305M=0s

2026-09-01 15:13:44 (305 MB/s) - ‘costruisciearreda-static/costruisciearreda.it/wp-content/uploads/2024/06/puntotre.png’ salvato [10045/10045]

--2026-09-01 15:13:44--  https://costruisciearreda.it/wp-content/uploads/2024/06/antrax.png
Riutilizzo della connessione esistente a costruisciearreda.it:443.
Richiesta HTTP inviata, in attesa di risposta... 200 OK
Lunghezza: 10089 (9,9K) [image/png]
Salvataggio in: ‘costruisciearreda-static/costruisciearreda.it/wp-content/uploads/2024/06/antrax.png’

     0K .........                                             100%  256M=0s

2026-09-01 15:13:44 (256 MB/s) - ‘costruisciearreda-static/costruisciearreda.it/wp-content/uploads/2024/06/antrax.png’ salvato [10089/10089]

--2026-09-01 15:13:44--  https://costruisciearreda.it/wp-content/uploads/2024/06/cordivari.png
Riutilizzo della connessione esistente a costruisciearreda.it:443.
Richiesta HTTP inviata, in attesa di risposta... 200 OK
Lunghezza: 13337 (13K) [image/png]
Salvataggio in: ‘costruisciearreda-static/costruisciearreda.it/wp-content/uploads/2024/06/cordivari.png’

     0K .......... ...                                        100%  275M=0s

2026-09-01 15:13:44 (275 MB/s) - ‘costruisciearreda-static/costruisciearreda.it/wp-content/uploads/2024/06/cordivari.png’ salvato [13337/13337]

--2026-09-01 15:13:44--  https://costruisciearreda.it/wp-content/uploads/2024/06/globalradiator.png
Riutilizzo della connessione esistente a costruisciearreda.it:443.
Richiesta HTTP inviata, in attesa di risposta... 200 OK
Lunghezza: 11583 (11K) [image/png]
Salvataggio in: ‘costruisciearreda-static/costruisciearreda.it/wp-content/uploads/2024/06/globalradiator.png’

     0K .......... .                                          100%  292M=0s

2026-09-01 15:13:44 (292 MB/s) - ‘costruisciearreda-static/costruisciearreda.it/wp-content/uploads/2024/06/globalradiator.png’ salvato [11583/11583]

--2026-09-01 15:13:44--  https://costruisciearreda.it/wp-content/uploads/2024/06/irsap.png
Riutilizzo della connessione esistente a costruisciearreda.it:443.
Richiesta HTTP inviata, in attesa di risposta... 200 OK
Lunghezza: 7898 (7,7K) [image/png]
Salvataggio in: ‘costruisciearreda-static/costruisciearreda.it/wp-content/uploads/2024/06/irsap.png’

     0K .......                                               100% 4,81G=0s

2026-09-01 15:13:44 (4,81 GB/s) - ‘costruisciearreda-static/costruisciearreda.it/wp-content/uploads/2024/06/irsap.png’ salvato [7898/7898]

--2026-09-01 15:13:44--  https://costruisciearreda.it/wp-content/uploads/2024/06/ferrerolegno.png
Riutilizzo della connessione esistente a costruisciearreda.it:443.
Richiesta HTTP inviata, in attesa di risposta... 200 OK
Lunghezza: 13152 (13K) [image/png]
Salvataggio in: ‘costruisciearreda-static/costruisciearreda.it/wp-content/uploads/2024/06/ferrerolegno.png’

     0K .......... ..                                         100%  368M=0s

2026-09-01 15:13:44 (368 MB/s) - ‘costruisciearreda-static/costruisciearreda.it/wp-content/uploads/2024/06/ferrerolegno.png’ salvato [13152/13152]

--2026-09-01 15:13:44--  https://costruisciearreda.it/wp-content/uploads/2024/06/fossati.png
Riutilizzo della connessione esistente a costruisciearreda.it:443.
Richiesta HTTP inviata, in attesa di risposta... 200 OK
Lunghezza: 13726 (13K) [image/png]
Salvataggio in: ‘costruisciearreda-static/costruisciearreda.it/wp-content/uploads/2024/06/fossati.png’

     0K .......... ...                                        100%  402M=0s

2026-09-01 15:13:44 (402 MB/s) - ‘costruisciearreda-static/costruisciearreda.it/wp-content/uploads/2024/06/fossati.png’ salvato [13726/13726]

--2026-09-01 15:13:44--  https://costruisciearreda.it/wp-content/uploads/2024/06/Cristalrecord.png
Riutilizzo della connessione esistente a costruisciearreda.it:443.
Richiesta HTTP inviata, in attesa di risposta... 200 OK
Lunghezza: 11659 (11K) [image/png]
Salvataggio in: ‘costruisciearreda-static/costruisciearreda.it/wp-content/uploads/2024/06/Cristalrecord.png’

     0K .......... .                                          100%  334M=0s

2026-09-01 15:13:44 (334 MB/s) - ‘costruisciearreda-static/costruisciearreda.it/wp-content/uploads/2024/06/Cristalrecord.png’ salvato [11659/11659]

--2026-09-01 15:13:44--  https://costruisciearreda.it/wp-content/uploads/2024/06/Cristalrecord-150x150.png
Riutilizzo della connessione esistente a costruisciearreda.it:443.
Richiesta HTTP inviata, in attesa di risposta... 200 OK
Lunghezza: 2971 (2,9K) [image/png]
Salvataggio in: ‘costruisciearreda-static/costruisciearreda.it/wp-content/uploads/2024/06/Cristalrecord-150x150.png’

     0K ..                                                    100% 3,66G=0s

2026-09-01 15:13:44 (3,66 GB/s) - ‘costruisciearreda-static/costruisciearreda.it/wp-content/uploads/2024/06/Cristalrecord-150x150.png’ salvato [2971/2971]

--2026-09-01 15:13:44--  https://costruisciearreda.it/wp-content/uploads/2024/06/Nowodvorski.png
Riutilizzo della connessione esistente a costruisciearreda.it:443.
Richiesta HTTP inviata, in attesa di risposta... 200 OK
Lunghezza: 13260 (13K) [image/png]
Salvataggio in: ‘costruisciearreda-static/costruisciearreda.it/wp-content/uploads/2024/06/Nowodvorski.png’

     0K .......... ..                                         100%  265M=0s

2026-09-01 15:13:44 (265 MB/s) - ‘costruisciearreda-static/costruisciearreda.it/wp-content/uploads/2024/06/Nowodvorski.png’ salvato [13260/13260]

--2026-09-01 15:13:44--  https://costruisciearreda.it/wp-content/uploads/2024/06/Nowodvorski-150x150.png
Riutilizzo della connessione esistente a costruisciearreda.it:443.
Richiesta HTTP inviata, in attesa di risposta... 200 OK
Lunghezza: 3492 (3,4K) [image/png]
Salvataggio in: ‘costruisciearreda-static/costruisciearreda.it/wp-content/uploads/2024/06/Nowodvorski-150x150.png’

     0K ...                                                   100% 6,29G=0s

2026-09-01 15:13:44 (6,29 GB/s) - ‘costruisciearreda-static/costruisciearreda.it/wp-content/uploads/2024/06/Nowodvorski-150x150.png’ salvato [3492/3492]

--2026-09-01 15:13:44--  https://costruisciearreda.it/wp-content/uploads/2024/06/sforzin.png
Riutilizzo della connessione esistente a costruisciearreda.it:443.
Richiesta HTTP inviata, in attesa di risposta... 200 OK
Lunghezza: 12538 (12K) [image/png]
Salvataggio in: ‘costruisciearreda-static/costruisciearreda.it/wp-content/uploads/2024/06/sforzin.png’

     0K .......... ..                                         100%  352M=0s

2026-09-01 15:13:44 (352 MB/s) - ‘costruisciearreda-static/costruisciearreda.it/wp-content/uploads/2024/06/sforzin.png’ salvato [12538/12538]

--2026-09-01 15:13:44--  https://costruisciearreda.it/wp-content/uploads/2024/06/sforzin-150x150.png
Riutilizzo della connessione esistente a costruisciearreda.it:443.
Richiesta HTTP inviata, in attesa di risposta... 200 OK
Lunghezza: 4026 (3,9K) [image/png]
Salvataggio in: ‘costruisciearreda-static/costruisciearreda.it/wp-content/uploads/2024/06/sforzin-150x150.png’

     0K ...                                                   100% 6,29G=0s

2026-09-01 15:13:44 (6,29 GB/s) - ‘costruisciearreda-static/costruisciearreda.it/wp-content/uploads/2024/06/sforzin-150x150.png’ salvato [4026/4026]

--2026-09-01 15:13:44--  https://costruisciearreda.it/wp-content/uploads/2024/06/slamp.png
Riutilizzo della connessione esistente a costruisciearreda.it:443.
Richiesta HTTP inviata, in attesa di risposta... 200 OK
Lunghezza: 11943 (12K) [image/png]
Salvataggio in: ‘costruisciearreda-static/costruisciearreda.it/wp-content/uploads/2024/06/slamp.png’

     0K .......... .                                          100%  391M=0s

2026-09-01 15:13:45 (391 MB/s) - ‘costruisciearreda-static/costruisciearreda.it/wp-content/uploads/2024/06/slamp.png’ salvato [11943/11943]

--2026-09-01 15:13:45--  https://costruisciearreda.it/wp-content/uploads/2024/06/slamp-150x150.png
Riutilizzo della connessione esistente a costruisciearreda.it:443.
Richiesta HTTP inviata, in attesa di risposta... 200 OK
Lunghezza: 3291 (3,2K) [image/png]
Salvataggio in: ‘costruisciearreda-static/costruisciearreda.it/wp-content/uploads/2024/06/slamp-150x150.png’

     0K ...                                                   100% 3,74G=0s

2026-09-01 15:13:45 (3,74 GB/s) - ‘costruisciearreda-static/costruisciearreda.it/wp-content/uploads/2024/06/slamp-150x150.png’ salvato [3291/3291]

--2026-09-01 15:13:45--  https://costruisciearreda.it/wp-content/uploads/2024/06/zumaline.png
Riutilizzo della connessione esistente a costruisciearreda.it:443.
Richiesta HTTP inviata, in attesa di risposta... 200 OK
Lunghezza: 7770 (7,6K) [image/png]
Salvataggio in: ‘costruisciearreda-static/costruisciearreda.it/wp-content/uploads/2024/06/zumaline.png’

     0K .......                                               100% 10,1G=0s

2026-09-01 15:13:45 (10,1 GB/s) - ‘costruisciearreda-static/costruisciearreda.it/wp-content/uploads/2024/06/zumaline.png’ salvato [7770/7770]

--2026-09-01 15:13:45--  https://costruisciearreda.it/wp-content/uploads/2024/06/zumaline-150x150.png
Riutilizzo della connessione esistente a costruisciearreda.it:443.
Richiesta HTTP inviata, in attesa di risposta... 200 OK
Lunghezza: 1665 (1,6K) [image/png]
Salvataggio in: ‘costruisciearreda-static/costruisciearreda.it/wp-content/uploads/2024/06/zumaline-150x150.png’

     0K .                                                     100% 3,34G=0s

2026-09-01 15:13:45 (3,34 GB/s) - ‘costruisciearreda-static/costruisciearreda.it/wp-content/uploads/2024/06/zumaline-150x150.png’ salvato [1665/1665]

--2026-09-01 15:13:45--  https://costruisciearreda.it/wp-content/uploads/2024/06/edg.png
Riutilizzo della connessione esistente a costruisciearreda.it:443.
Richiesta HTTP inviata, in attesa di risposta... 200 OK
Lunghezza: 10366 (10K) [image/png]
Salvataggio in: ‘costruisciearreda-static/costruisciearreda.it/wp-content/uploads/2024/06/edg.png’

     0K ..........                                            100%  334M=0s

2026-09-01 15:13:45 (334 MB/s) - ‘costruisciearreda-static/costruisciearreda.it/wp-content/uploads/2024/06/edg.png’ salvato [10366/10366]

--2026-09-01 15:13:45--  https://costruisciearreda.it/wp-content/uploads/2024/06/ethancloe.png
Riutilizzo della connessione esistente a costruisciearreda.it:443.
Richiesta HTTP inviata, in attesa di risposta... 200 OK
Lunghezza: 21032 (21K) [image/png]
Salvataggio in: ‘costruisciearreda-static/costruisciearreda.it/wp-content/uploads/2024/06/ethancloe.png’

     0K .......... ..........                                 100%  468M=0s

2026-09-01 15:13:45 (468 MB/s) - ‘costruisciearreda-static/costruisciearreda.it/wp-content/uploads/2024/06/ethancloe.png’ salvato [21032/21032]

--2026-09-01 15:13:45--  https://costruisciearreda.it/wp-content/uploads/2024/06/garpe.png
Riutilizzo della connessione esistente a costruisciearreda.it:443.
Richiesta HTTP inviata, in attesa di risposta... 200 OK
Lunghezza: 10962 (11K) [image/png]
Salvataggio in: ‘costruisciearreda-static/costruisciearreda.it/wp-content/uploads/2024/06/garpe.png’

     0K ..........                                            100%  351M=0s

2026-09-01 15:13:45 (351 MB/s) - ‘costruisciearreda-static/costruisciearreda.it/wp-content/uploads/2024/06/garpe.png’ salvato [10962/10962]

--2026-09-01 15:13:45--  https://costruisciearreda.it/wp-content/uploads/2024/06/karedesign.png
Riutilizzo della connessione esistente a costruisciearreda.it:443.
Richiesta HTTP inviata, in attesa di risposta... 200 OK
Lunghezza: 6730 (6,6K) [image/png]
Salvataggio in: ‘costruisciearreda-static/costruisciearreda.it/wp-content/uploads/2024/06/karedesign.png’

     0K ......                                                100% 7,82G=0s

2026-09-01 15:13:45 (7,82 GB/s) - ‘costruisciearreda-static/costruisciearreda.it/wp-content/uploads/2024/06/karedesign.png’ salvato [6730/6730]

--2026-09-01 15:13:45--  https://costruisciearreda.it/wp-content/uploads/2024/06/qeeboo.png
Riutilizzo della connessione esistente a costruisciearreda.it:443.
Richiesta HTTP inviata, in attesa di risposta... 200 OK
Lunghezza: 10054 (9,8K) [image/png]
Salvataggio in: ‘costruisciearreda-static/costruisciearreda.it/wp-content/uploads/2024/06/qeeboo.png’

     0K .........                                             100%  247M=0s

2026-09-01 15:13:45 (247 MB/s) - ‘costruisciearreda-static/costruisciearreda.it/wp-content/uploads/2024/06/qeeboo.png’ salvato [10054/10054]

--2026-09-01 15:13:45--  https://costruisciearreda.it/wp-content/uploads/2024/06/verus.png
Riutilizzo della connessione esistente a costruisciearreda.it:443.
Richiesta HTTP inviata, in attesa di risposta... 200 OK
Lunghezza: 21291 (21K) [image/png]
Salvataggio in: ‘costruisciearreda-static/costruisciearreda.it/wp-content/uploads/2024/06/verus.png’

     0K .......... ..........                                 100% 20,6M=0,001s

2026-09-01 15:13:45 (20,6 MB/s) - ‘costruisciearreda-static/costruisciearreda.it/wp-content/uploads/2024/06/verus.png’ salvato [21291/21291]

--2026-09-01 15:13:45--  https://costruisciearreda.it/wp-content/uploads/2024/06/Casadeco.png
Riutilizzo della connessione esistente a costruisciearreda.it:443.
Richiesta HTTP inviata, in attesa di risposta... 200 OK
Lunghezza: 10754 (11K) [image/png]
Salvataggio in: ‘costruisciearreda-static/costruisciearreda.it/wp-content/uploads/2024/06/Casadeco.png’

     0K ..........                                            100%  348M=0s

2026-09-01 15:13:45 (348 MB/s) - ‘costruisciearreda-static/costruisciearreda.it/wp-content/uploads/2024/06/Casadeco.png’ salvato [10754/10754]

--2026-09-01 15:13:45--  https://costruisciearreda.it/wp-content/uploads/2024/06/Casamance.png
Riutilizzo della connessione esistente a costruisciearreda.it:443.
Richiesta HTTP inviata, in attesa di risposta... 200 OK
Lunghezza: 7692 (7,5K) [image/png]
Salvataggio in: ‘costruisciearreda-static/costruisciearreda.it/wp-content/uploads/2024/06/Casamance.png’

     0K .......                                               100% 7,42G=0s

2026-09-01 15:13:45 (7,42 GB/s) - ‘costruisciearreda-static/costruisciearreda.it/wp-content/uploads/2024/06/Casamance.png’ salvato [7692/7692]

--2026-09-01 15:13:45--  https://costruisciearreda.it/wp-content/uploads/2024/06/caselio.png
Riutilizzo della connessione esistente a costruisciearreda.it:443.
Richiesta HTTP inviata, in attesa di risposta... 200 OK
Lunghezza: 9474 (9,3K) [image/png]
Salvataggio in: ‘costruisciearreda-static/costruisciearreda.it/wp-content/uploads/2024/06/caselio.png’

     0K .........                                             100%  295M=0s

2026-09-01 15:13:45 (295 MB/s) - ‘costruisciearreda-static/costruisciearreda.it/wp-content/uploads/2024/06/caselio.png’ salvato [9474/9474]

--2026-09-01 15:13:45--  https://costruisciearreda.it/wp-content/uploads/2024/06/roberto_cavalli.png
Riutilizzo della connessione esistente a costruisciearreda.it:443.
Richiesta HTTP inviata, in attesa di risposta... 200 OK
Lunghezza: 7739 (7,6K) [image/png]
Salvataggio in: ‘costruisciearreda-static/costruisciearreda.it/wp-content/uploads/2024/06/roberto_cavalli.png’

     0K .......                                               100% 11,1G=0s

2026-09-01 15:13:45 (11,1 GB/s) - ‘costruisciearreda-static/costruisciearreda.it/wp-content/uploads/2024/06/roberto_cavalli.png’ salvato [7739/7739]

--2026-09-01 15:13:45--  https://costruisciearreda.it/wp-content/uploads/2024/06/DolceeGabbana.png
Riutilizzo della connessione esistente a costruisciearreda.it:443.
Richiesta HTTP inviata, in attesa di risposta... 200 OK
Lunghezza: 11015 (11K) [image/png]
Salvataggio in: ‘costruisciearreda-static/costruisciearreda.it/wp-content/uploads/2024/06/DolceeGabbana.png’

     0K ..........                                            100%  255M=0s

2026-09-01 15:13:45 (255 MB/s) - ‘costruisciearreda-static/costruisciearreda.it/wp-content/uploads/2024/06/DolceeGabbana.png’ salvato [11015/11015]

--2026-09-01 15:13:45--  https://costruisciearreda.it/wp-content/uploads/2024/06/ferre%C2%A6C.png
Riutilizzo della connessione esistente a costruisciearreda.it:443.
Richiesta HTTP inviata, in attesa di risposta... 200 OK
Lunghezza: 10677 (10K) [image/png]
Salvataggio in: ‘costruisciearreda-static/costruisciearreda.it/wp-content/uploads/2024/06/ferre¦C.png’

     0K ..........                                            100%  308M=0s

2026-09-01 15:13:45 (308 MB/s) - ‘costruisciearreda-static/costruisciearreda.it/wp-content/uploads/2024/06/ferre¦C.png’ salvato [10677/10677]

--2026-09-01 15:13:45--  https://costruisciearreda.it/wp-content/uploads/2024/06/ferre&brvbar;C.png
Riutilizzo della connessione esistente a costruisciearreda.it:443.
Richiesta HTTP inviata, in attesa di risposta... 404 Not Found
2026-09-01 15:13:46 ERRORE 404: Not Found.

--2026-09-01 15:13:46--  https://costruisciearreda.it/wp-content/uploads/2024/06/ferre&brvbar;C-150x150.png
Riutilizzo della connessione esistente a costruisciearreda.it:443.
Richiesta HTTP inviata, in attesa di risposta... 404 Not Found
2026-09-01 15:13:46 ERRORE 404: Not Found.

--2026-09-01 15:13:46--  https://costruisciearreda.it/wp-content/uploads/2024/06/Ideco.png
Riutilizzo della connessione esistente a costruisciearreda.it:443.
Richiesta HTTP inviata, in attesa di risposta... 200 OK
Lunghezza: 24150 (24K) [image/png]
Salvataggio in: ‘costruisciearreda-static/costruisciearreda.it/wp-content/uploads/2024/06/Ideco.png’

     0K .......... .......... ...                             100%  356M=0s

2026-09-01 15:13:46 (356 MB/s) - ‘costruisciearreda-static/costruisciearreda.it/wp-content/uploads/2024/06/Ideco.png’ salvato [24150/24150]

--2026-09-01 15:13:46--  https://costruisciearreda.it/wp-content/uploads/2024/06/IndustriaEmiliana.png
Riutilizzo della connessione esistente a costruisciearreda.it:443.
Richiesta HTTP inviata, in attesa di risposta... 200 OK
Lunghezza: 14067 (14K) [image/png]
Salvataggio in: ‘costruisciearreda-static/costruisciearreda.it/wp-content/uploads/2024/06/IndustriaEmiliana.png’

     0K .......... ...                                        100%  437M=0s

2026-09-01 15:13:46 (437 MB/s) - ‘costruisciearreda-static/costruisciearreda.it/wp-content/uploads/2024/06/IndustriaEmiliana.png’ salvato [14067/14067]

--2026-09-01 15:13:46--  https://costruisciearreda.it/wp-content/uploads/2024/06/inkiostrobianco.png
Riutilizzo della connessione esistente a costruisciearreda.it:443.
Richiesta HTTP inviata, in attesa di risposta... 200 OK
Lunghezza: 8311 (8,1K) [image/png]
Salvataggio in: ‘costruisciearreda-static/costruisciearreda.it/wp-content/uploads/2024/06/inkiostrobianco.png’

     0K ........                                              100%  111M=0s

2026-09-01 15:13:46 (111 MB/s) - ‘costruisciearreda-static/costruisciearreda.it/wp-content/uploads/2024/06/inkiostrobianco.png’ salvato [8311/8311]

--2026-09-01 15:13:46--  https://costruisciearreda.it/wp-content/uploads/2024/06/JannelliVolpi.png
Riutilizzo della connessione esistente a costruisciearreda.it:443.
Richiesta HTTP inviata, in attesa di risposta... 200 OK
Lunghezza: 11752 (11K) [image/png]
Salvataggio in: ‘costruisciearreda-static/costruisciearreda.it/wp-content/uploads/2024/06/JannelliVolpi.png’

     0K .......... .                                          100%  348M=0s

2026-09-01 15:13:46 (348 MB/s) - ‘costruisciearreda-static/costruisciearreda.it/wp-content/uploads/2024/06/JannelliVolpi.png’ salvato [11752/11752]

--2026-09-01 15:13:46--  https://costruisciearreda.it/wp-content/uploads/2024/06/Lamborghini.png
Riutilizzo della connessione esistente a costruisciearreda.it:443.
Richiesta HTTP inviata, in attesa di risposta... 200 OK
Lunghezza: 18593 (18K) [image/png]
Salvataggio in: ‘costruisciearreda-static/costruisciearreda.it/wp-content/uploads/2024/06/Lamborghini.png’

     0K .......... ........                                   100%  269M=0s

2026-09-01 15:13:46 (269 MB/s) - ‘costruisciearreda-static/costruisciearreda.it/wp-content/uploads/2024/06/Lamborghini.png’ salvato [18593/18593]

--2026-09-01 15:13:46--  https://costruisciearreda.it/wp-content/uploads/2024/06/Missoni.png
Riutilizzo della connessione esistente a costruisciearreda.it:443.
Richiesta HTTP inviata, in attesa di risposta... 200 OK
Lunghezza: 6950 (6,8K) [image/png]
Salvataggio in: ‘costruisciearreda-static/costruisciearreda.it/wp-content/uploads/2024/06/Missoni.png’

     0K ......                                                100% 11,0G=0s

2026-09-01 15:13:46 (11,0 GB/s) - ‘costruisciearreda-static/costruisciearreda.it/wp-content/uploads/2024/06/Missoni.png’ salvato [6950/6950]

--2026-09-01 15:13:46--  https://costruisciearreda.it/wp-content/uploads/2024/06/PhilippPlain.png
Riutilizzo della connessione esistente a costruisciearreda.it:443.
Richiesta HTTP inviata, in attesa di risposta... 200 OK
Lunghezza: 8570 (8,4K) [image/png]
Salvataggio in: ‘costruisciearreda-static/costruisciearreda.it/wp-content/uploads/2024/06/PhilippPlain.png’

     0K ........                                              100%  254M=0s

2026-09-01 15:13:46 (254 MB/s) - ‘costruisciearreda-static/costruisciearreda.it/wp-content/uploads/2024/06/PhilippPlain.png’ salvato [8570/8570]

--2026-09-01 15:13:46--  https://costruisciearreda.it/wp-content/uploads/2024/06/Trussardi.png
Riutilizzo della connessione esistente a costruisciearreda.it:443.
Richiesta HTTP inviata, in attesa di risposta... 200 OK
Lunghezza: 7039 (6,9K) [image/png]
Salvataggio in: ‘costruisciearreda-static/costruisciearreda.it/wp-content/uploads/2024/06/Trussardi.png’

     0K ......                                                100% 7,80G=0s

2026-09-01 15:13:46 (7,80 GB/s) - ‘costruisciearreda-static/costruisciearreda.it/wp-content/uploads/2024/06/Trussardi.png’ salvato [7039/7039]

--2026-09-01 15:13:46--  https://costruisciearreda.it/wp-content/uploads/2024/06/Versace.png
Riutilizzo della connessione esistente a costruisciearreda.it:443.
Richiesta HTTP inviata, in attesa di risposta... 200 OK
Lunghezza: 13641 (13K) [image/png]
Salvataggio in: ‘costruisciearreda-static/costruisciearreda.it/wp-content/uploads/2024/06/Versace.png’

     0K .......... ...                                        100%  388M=0s

2026-09-01 15:13:46 (388 MB/s) - ‘costruisciearreda-static/costruisciearreda.it/wp-content/uploads/2024/06/Versace.png’ salvato [13641/13641]

--2026-09-01 15:13:46--  https://costruisciearreda.it/wp-content/uploads/2024/06/Zambaiti.png
Riutilizzo della connessione esistente a costruisciearreda.it:443.
Richiesta HTTP inviata, in attesa di risposta... 200 OK
Lunghezza: 8383 (8,2K) [image/png]
Salvataggio in: ‘costruisciearreda-static/costruisciearreda.it/wp-content/uploads/2024/06/Zambaiti.png’

     0K ........                                              100%  213M=0s

2026-09-01 15:13:46 (213 MB/s) - ‘costruisciearreda-static/costruisciearreda.it/wp-content/uploads/2024/06/Zambaiti.png’ salvato [8383/8383]

--2026-09-01 15:13:46--  https://costruisciearreda.it/wp-content/uploads/2024/06/viaroma60.png
Riutilizzo della connessione esistente a costruisciearreda.it:443.
Richiesta HTTP inviata, in attesa di risposta... 200 OK
Lunghezza: 9377 (9,2K) [image/png]
Salvataggio in: ‘costruisciearreda-static/costruisciearreda.it/wp-content/uploads/2024/06/viaroma60.png’

     0K .........                                             100%  235M=0s

2026-09-01 15:13:46 (235 MB/s) - ‘costruisciearreda-static/costruisciearreda.it/wp-content/uploads/2024/06/viaroma60.png’ salvato [9377/9377]

--2026-09-01 15:13:46--  https://costruisciearreda.it/wp-content/uploads/2024/06/kerakoll.png
Riutilizzo della connessione esistente a costruisciearreda.it:443.
Richiesta HTTP inviata, in attesa di risposta... 200 OK
Lunghezza: 9168 (9,0K) [image/png]
Salvataggio in: ‘costruisciearreda-static/costruisciearreda.it/wp-content/uploads/2024/06/kerakoll.png’

     0K ........                                              100%  211M=0s

2026-09-01 15:13:46 (211 MB/s) - ‘costruisciearreda-static/costruisciearreda.it/wp-content/uploads/2024/06/kerakoll.png’ salvato [9168/9168]

--2026-09-01 15:13:46--  https://costruisciearreda.it/wp-content/uploads/2024/06/membrapol.png
Riutilizzo della connessione esistente a costruisciearreda.it:443.
Richiesta HTTP inviata, in attesa di risposta... 200 OK
Lunghezza: 8770 (8,6K) [image/png]
Salvataggio in: ‘costruisciearreda-static/costruisciearreda.it/wp-content/uploads/2024/06/membrapol.png’

     0K ........                                              100%  214M=0s

2026-09-01 15:13:46 (214 MB/s) - ‘costruisciearreda-static/costruisciearreda.it/wp-content/uploads/2024/06/membrapol.png’ salvato [8770/8770]

--2026-09-01 15:13:46--  https://costruisciearreda.it/wp-json/oembed/1.0/embed?url=https%3A%2F%2Fcostruisciearreda.it%2Fi-nostri-lavori%2F
Riutilizzo della connessione esistente a costruisciearreda.it:443.
Richiesta HTTP inviata, in attesa di risposta... 200 OK
Lunghezza: non specificato [application/json]
Salvataggio in: ‘costruisciearreda-static/costruisciearreda.it/wp-json/oembed/1.0/embed?url=https:%2F%2Fcostruisciearreda.it%2Fi-nostri-lavori%2F’

     0K ..                                                      382M=0s

Intestazione Last-modified mancante -- marche temporali disattivate.
2026-09-01 15:13:47 (382 MB/s) - ‘costruisciearreda-static/costruisciearreda.it/wp-json/oembed/1.0/embed?url=https:%2F%2Fcostruisciearreda.it%2Fi-nostri-lavori%2F’ salvato [2806]

--2026-09-01 15:13:47--  https://costruisciearreda.it/wp-json/oembed/1.0/embed?url=https%3A%2F%2Fcostruisciearreda.it%2Fi-nostri-lavori%2F&format=xml
Riutilizzo della connessione esistente a costruisciearreda.it:443.
Richiesta HTTP inviata, in attesa di risposta... 200 OK
Lunghezza: non specificato [text/xml]
Salvataggio in: ‘costruisciearreda-static/costruisciearreda.it/wp-json/oembed/1.0/embed?url=https:%2F%2Fcostruisciearreda.it%2Fi-nostri-lavori%2F&format=xml’

     0K ..                                                     1,72G=0s

Intestazione Last-modified mancante -- marche temporali disattivate.
2026-09-01 15:13:47 (1,72 GB/s) - ‘costruisciearreda-static/costruisciearreda.it/wp-json/oembed/1.0/embed?url=https:%2F%2Fcostruisciearreda.it%2Fi-nostri-lavori%2F&format=xml’ salvato [2975]

--2026-09-01 15:13:47--  https://costruisciearreda.it/wp-content/cache/wpo-minify/1788241814/assets/wpo-minify-header-7bfc876c.min.css
Riutilizzo della connessione esistente a costruisciearreda.it:443.
Richiesta HTTP inviata, in attesa di risposta... 200 OK
Lunghezza: 681117 (665K) [text/css]
Salvataggio in: ‘costruisciearreda-static/costruisciearreda.it/wp-content/cache/wpo-minify/1788241814/assets/wpo-minify-header-7bfc876c.min.css’

     0K .......... .......... .......... .......... ..........  7% 2,65M 0s
    50K .......... .......... .......... .......... .......... 15% 2,56M 0s
   100K .......... .......... .......... .......... .......... 22% 13,7M 0s
   150K .......... .......... .......... .......... .......... 30% 2,45M 0s
   200K .......... .......... .......... .......... .......... 37% 9,86M 0s
   250K .......... .......... .......... .......... .......... 45%  318M 0s
   300K .......... .......... .......... .......... .......... 52% 2,93M 0s
   350K .......... .......... .......... .......... .......... 60% 7,71M 0s
   400K .......... .......... .......... .......... .......... 67% 13,4M 0s
   450K .......... .......... .......... .......... .......... 75%  375M 0s
   500K .......... .......... .......... .......... .......... 82%  568M 0s
   550K .......... .......... .......... .......... .......... 90% 3,92M 0s
   600K .......... .......... .......... .......... .......... 97% 9,00M 0s
   650K .......... .....                                      100%  391M=0,1s

2026-09-01 15:13:47 (5,86 MB/s) - ‘costruisciearreda-static/costruisciearreda.it/wp-content/cache/wpo-minify/1788241814/assets/wpo-minify-header-7bfc876c.min.css’ salvato [681117/681117]

--2026-09-01 15:13:47--  https://costruisciearreda.it/wp-json/wp/v2/pages/1398
Riutilizzo della connessione esistente a costruisciearreda.it:443.
Richiesta HTTP inviata, in attesa di risposta... 200 OK
Lunghezza: non specificato [application/json]
Salvataggio in: ‘costruisciearreda-static/costruisciearreda.it/wp-json/wp/v2/pages/1398’

     0K .......... ....                                        6,74M=0,002s

Intestazione Last-modified mancante -- marche temporali disattivate.
2026-09-01 15:13:48 (6,74 MB/s) - ‘costruisciearreda-static/costruisciearreda.it/wp-json/wp/v2/pages/1398’ salvato [14781]

--2026-09-01 15:13:48--  https://costruisciearreda.it/?p=1398
Riutilizzo della connessione esistente a costruisciearreda.it:443.
Richiesta HTTP inviata, in attesa di risposta... 301 Moved Permanently
Posizione: https://costruisciearreda.it/i-nostri-lavori/ [segue]
--2026-09-01 15:13:48--  https://costruisciearreda.it/i-nostri-lavori/
Riutilizzo della connessione esistente a costruisciearreda.it:443.
Richiesta HTTP inviata, in attesa di risposta... 200 OK
Lunghezza: non specificato [text/html]
Salvataggio in: ‘costruisciearreda-static/costruisciearreda.it/index.html?p=1398.html’

     0K .......... .......... .......... .......... .......... 2,66M
    50K .......... ..                                           435M=0,02s

2026-09-01 15:13:48 (3,31 MB/s) - ‘costruisciearreda-static/costruisciearreda.it/index.html?p=1398.html’ salvato [63633]

--2026-09-01 15:13:48--  https://costruisciearreda.it/wp-content/uploads/2024/06/Raggruppa-1647-2.jpg
Riutilizzo della connessione esistente a costruisciearreda.it:443.
Richiesta HTTP inviata, in attesa di risposta... 200 OK
Lunghezza: 458833 (448K) [image/jpeg]
Salvataggio in: ‘costruisciearreda-static/costruisciearreda.it/wp-content/uploads/2024/06/Raggruppa-1647-2.jpg’

     0K .......... .......... .......... .......... .......... 11% 24,2M 0s
    50K .......... .......... .......... .......... .......... 22% 2,43M 0s
   100K .......... .......... .......... .......... .......... 33% 13,8M 0s
   150K .......... .......... .......... .......... .......... 44%  537M 0s
   200K .......... .......... .......... .......... .......... 55% 29,6M 0s
   250K .......... .......... .......... .......... .......... 66% 2,94M 0s
   300K .......... .......... .......... .......... .......... 78% 20,4M 0s
   350K .......... .......... .......... .......... .......... 89% 9,12M 0s
   400K .......... .......... .......... .......... ........  100% 37,2M=0,05s

2026-09-01 15:13:48 (8,25 MB/s) - ‘costruisciearreda-static/costruisciearreda.it/wp-content/uploads/2024/06/Raggruppa-1647-2.jpg’ salvato [458833/458833]

--2026-09-01 15:13:48--  https://costruisciearreda.it/category/ultime-news-e-articoli/feed/
Riutilizzo della connessione esistente a costruisciearreda.it:443.
Richiesta HTTP inviata, in attesa di risposta... 200 OK
Lunghezza: non specificato [application/rss+xml]
Salvataggio in: ‘costruisciearreda-static/costruisciearreda.it/category/ultime-news-e-articoli/feed/index.html’

     0K .......... .......... .......... .......... ..........  103M
    50K .                                                      2,65T=0s

2026-09-01 15:13:49 (106 MB/s) - ‘costruisciearreda-static/costruisciearreda.it/category/ultime-news-e-articoli/feed/index.html’ salvato [52659]

--2026-09-01 15:13:49--  https://costruisciearreda.it/wp-content/cache/wpo-minify/1788241814/assets/wpo-minify-header-5cbf98e8.min.css
Riutilizzo della connessione esistente a costruisciearreda.it:443.
Richiesta HTTP inviata, in attesa di risposta... 200 OK
Lunghezza: 700298 (684K) [text/css]
Salvataggio in: ‘costruisciearreda-static/costruisciearreda.it/wp-content/cache/wpo-minify/1788241814/assets/wpo-minify-header-5cbf98e8.min.css’

     0K .......... .......... .......... .......... ..........  7% 21,2M 0s
    50K .......... .......... .......... .......... .......... 14% 36,9M 0s
   100K .......... .......... .......... .......... .......... 21% 2,18M 0s
   150K .......... .......... .......... .......... .......... 29%  228M 0s
   200K .......... .......... .......... .......... .......... 36% 10,9M 0s
   250K .......... .......... .......... .......... .......... 43%  717M 0s
   300K .......... .......... .......... .......... .......... 51% 8,83M 0s
   350K .......... .......... .......... .......... .......... 58% 5,81M 0s
   400K .......... .......... .......... .......... .......... 65% 9,91M 0s
   450K .......... .......... .......... .......... .......... 73% 43,5M 0s
   500K .......... .......... .......... .......... .......... 80% 6,35M 0s
   550K .......... .......... .......... .......... .......... 87% 19,8M 0s
   600K .......... .......... .......... .......... .......... 95% 15,4M 0s
   650K .......... .......... .......... ...                  100% 6,34M=0,07s

2026-09-01 15:13:49 (9,64 MB/s) - ‘costruisciearreda-static/costruisciearreda.it/wp-content/cache/wpo-minify/1788241814/assets/wpo-minify-header-5cbf98e8.min.css’ salvato [700298/700298]

--2026-09-01 15:13:49--  https://costruisciearreda.it/wp-json/wp/v2/categories/1
Riutilizzo della connessione esistente a costruisciearreda.it:443.
Richiesta HTTP inviata, in attesa di risposta... 200 OK
Lunghezza: non specificato [application/json]
Salvataggio in: ‘costruisciearreda-static/costruisciearreda.it/wp-json/wp/v2/categories/1’

     0K ....                                                   3,12G=0s

Intestazione Last-modified mancante -- marche temporali disattivate.
2026-09-01 15:13:49 (3,12 GB/s) - ‘costruisciearreda-static/costruisciearreda.it/wp-json/wp/v2/categories/1’ salvato [4997]

--2026-09-01 15:13:49--  https://costruisciearreda.it/wp-content/uploads/2024/06/Raggruppa-1648-3.jpg
Riutilizzo della connessione esistente a costruisciearreda.it:443.
Richiesta HTTP inviata, in attesa di risposta... 200 OK
Lunghezza: 450584 (440K) [image/jpeg]
Salvataggio in: ‘costruisciearreda-static/costruisciearreda.it/wp-content/uploads/2024/06/Raggruppa-1648-3.jpg’

     0K .......... .......... .......... .......... .......... 11% 32,6M 0s
    50K .......... .......... .......... .......... .......... 22% 13,7M 0s
   100K .......... .......... .......... .......... .......... 34% 3,05M 0s
   150K .......... .......... .......... .......... .......... 45% 18,9M 0s
   200K .......... .......... .......... .......... .......... 56% 12,8M 0s
   250K .......... .......... .......... .......... .......... 68%  518M 0s
   300K .......... .......... .......... .......... .......... 79% 3,50M 0s
   350K .......... .......... .......... .......... .......... 90% 10,1M 0s
   400K .......... .......... .......... ..........           100%  656M=0,05s

2026-09-01 15:13:50 (9,26 MB/s) - ‘costruisciearreda-static/costruisciearreda.it/wp-content/uploads/2024/06/Raggruppa-1648-3.jpg’ salvato [450584/450584]

--2026-09-01 15:13:50--  https://costruisciearreda.it/wp-content/uploads/2024/12/Render3D.jpg
Riutilizzo della connessione esistente a costruisciearreda.it:443.
Richiesta HTTP inviata, in attesa di risposta... 200 OK
Lunghezza: 442333 (432K) [image/jpeg]
Salvataggio in: ‘costruisciearreda-static/costruisciearreda.it/wp-content/uploads/2024/12/Render3D.jpg’

     0K .......... .......... .......... .......... .......... 11% 13,2M 0s
    50K .......... .......... .......... .......... .......... 23%  529M 0s
   100K .......... .......... .......... .......... .......... 34%  505M 0s
   150K .......... .......... .......... .......... .......... 46% 29,7M 0s
   200K .......... .......... .......... .......... .......... 57% 2,51M 0s
   250K .......... .......... .......... .......... .......... 69% 22,9M 0s
   300K .......... .......... .......... .......... .......... 81% 8,59M 0s
   350K .......... .......... .......... .......... .......... 92%  353M 0s
   400K .......... .......... .......... .                    100%  510M=0,03s

2026-09-01 15:13:50 (12,8 MB/s) - ‘costruisciearreda-static/costruisciearreda.it/wp-content/uploads/2024/12/Render3D.jpg’ salvato [442333/442333]

--2026-09-01 15:13:50--  https://costruisciearreda.it/wp-content/uploads/2024/12/Render3D-300x177.jpg
Riutilizzo della connessione esistente a costruisciearreda.it:443.
Richiesta HTTP inviata, in attesa di risposta... 200 OK
Lunghezza: 8435 (8,2K) [image/jpeg]
Salvataggio in: ‘costruisciearreda-static/costruisciearreda.it/wp-content/uploads/2024/12/Render3D-300x177.jpg’

     0K ........                                              100%  213M=0s

2026-09-01 15:13:50 (213 MB/s) - ‘costruisciearreda-static/costruisciearreda.it/wp-content/uploads/2024/12/Render3D-300x177.jpg’ salvato [8435/8435]

--2026-09-01 15:13:50--  https://costruisciearreda.it/wp-content/uploads/2024/12/Render3D-768x454.jpg
Riutilizzo della connessione esistente a costruisciearreda.it:443.
Richiesta HTTP inviata, in attesa di risposta... 200 OK
Lunghezza: 35923 (35K) [image/jpeg]
Salvataggio in: ‘costruisciearreda-static/costruisciearreda.it/wp-content/uploads/2024/12/Render3D-768x454.jpg’

     0K .......... .......... .......... .....                100%  376M=0s

2026-09-01 15:13:50 (376 MB/s) - ‘costruisciearreda-static/costruisciearreda.it/wp-content/uploads/2024/12/Render3D-768x454.jpg’ salvato [35923/35923]

--2026-09-01 15:13:50--  https://costruisciearreda.it/2024/12/23/
Riutilizzo della connessione esistente a costruisciearreda.it:443.
Richiesta HTTP inviata, in attesa di risposta... 200 OK
Lunghezza: non specificato [text/html]
Salvataggio in: ‘costruisciearreda-static/costruisciearreda.it/2024/12/23/index.html’

     0K .......... .......... .......... .......... ......     29,8M=0,002s

2026-09-01 15:13:50 (29,8 MB/s) - ‘costruisciearreda-static/costruisciearreda.it/2024/12/23/index.html’ salvato [47399]

--2026-09-01 15:13:50--  https://costruisciearreda.it/wp-content/uploads/2024/12/Blog5errori.jpg
Riutilizzo della connessione esistente a costruisciearreda.it:443.
Richiesta HTTP inviata, in attesa di risposta... 200 OK
Lunghezza: 434750 (425K) [image/jpeg]
Salvataggio in: ‘costruisciearreda-static/costruisciearreda.it/wp-content/uploads/2024/12/Blog5errori.jpg’

     0K .......... .......... .......... .......... .......... 11%  159M 0s
    50K .......... .......... .......... .......... .......... 23% 9,68M 0s
   100K .......... .......... .......... .......... .......... 35% 3,54M 0s
   150K .......... .......... .......... .......... .......... 47% 13,9M 0s
   200K .......... .......... .......... .......... .......... 58% 8,39M 0s
   250K .......... .......... .......... .......... .......... 70%  760M 0s
   300K .......... .......... .......... .......... .......... 82% 4,88M 0s
   350K .......... .......... .......... .......... .......... 94% 19,1M 0s
   400K .......... .......... ....                            100% 41,0M=0,04s

2026-09-01 15:13:50 (9,95 MB/s) - ‘costruisciearreda-static/costruisciearreda.it/wp-content/uploads/2024/12/Blog5errori.jpg’ salvato [434750/434750]

--2026-09-01 15:13:50--  https://costruisciearreda.it/wp-content/uploads/2024/12/Blog5errori-300x177.jpg
Riutilizzo della connessione esistente a costruisciearreda.it:443.
Richiesta HTTP inviata, in attesa di risposta... 200 OK
Lunghezza: 10255 (10K) [image/jpeg]
Salvataggio in: ‘costruisciearreda-static/costruisciearreda.it/wp-content/uploads/2024/12/Blog5errori-300x177.jpg’

     0K ..........                                            100%  254M=0s

2026-09-01 15:13:50 (254 MB/s) - ‘costruisciearreda-static/costruisciearreda.it/wp-content/uploads/2024/12/Blog5errori-300x177.jpg’ salvato [10255/10255]

--2026-09-01 15:13:50--  https://costruisciearreda.it/wp-content/uploads/2024/12/Blog5errori-768x454.jpg
Riutilizzo della connessione esistente a costruisciearreda.it:443.
Richiesta HTTP inviata, in attesa di risposta... 200 OK
Lunghezza: 42920 (42K) [image/jpeg]
Salvataggio in: ‘costruisciearreda-static/costruisciearreda.it/wp-content/uploads/2024/12/Blog5errori-768x454.jpg’

     0K .......... .......... .......... .......... .         100%  545M=0s

2026-09-01 15:13:50 (545 MB/s) - ‘costruisciearreda-static/costruisciearreda.it/wp-content/uploads/2024/12/Blog5errori-768x454.jpg’ salvato [42920/42920]

--2026-09-01 15:13:50--  https://costruisciearreda.it/2024/12/04/
Riutilizzo della connessione esistente a costruisciearreda.it:443.
Richiesta HTTP inviata, in attesa di risposta... 200 OK
Lunghezza: non specificato [text/html]
Salvataggio in: ‘costruisciearreda-static/costruisciearreda.it/2024/12/04/index.html’

     0K .......... .......... .......... .......... ......     52,3M=0,001s

2026-09-01 15:13:51 (52,3 MB/s) - ‘costruisciearreda-static/costruisciearreda.it/2024/12/04/index.html’ salvato [47356]

--2026-09-01 15:13:51--  https://costruisciearreda.it/wp-content/uploads/2024/12/BlogCA.jpg
Riutilizzo della connessione esistente a costruisciearreda.it:443.
Richiesta HTTP inviata, in attesa di risposta... 200 OK
Lunghezza: 517788 (506K) [image/jpeg]
Salvataggio in: ‘costruisciearreda-static/costruisciearreda.it/wp-content/uploads/2024/12/BlogCA.jpg’

     0K .......... .......... .......... .......... ..........  9%  363M 0s
    50K .......... .......... .......... .......... .......... 19% 2,62M 0s
   100K .......... .......... .......... .......... .......... 29% 22,7M 0s
   150K .......... .......... .......... .......... .......... 39%  604M 0s
   200K .......... .......... .......... .......... .......... 49% 14,7M 0s
   250K .......... .......... .......... .......... .......... 59% 1,80M 0s
   300K .......... .......... .......... .......... .......... 69% 1,31M 0s
   350K .......... .......... .......... .......... .......... 79% 2,65M 0s
   400K .......... .......... .......... .......... .......... 88% 2,74M 0s
   450K .......... .......... .......... .......... .......... 98% 2,67M 0s
   500K .....                                                 100% 10,5T=0,1s

2026-09-01 15:13:51 (3,44 MB/s) - ‘costruisciearreda-static/costruisciearreda.it/wp-content/uploads/2024/12/BlogCA.jpg’ salvato [517788/517788]

--2026-09-01 15:13:51--  https://costruisciearreda.it/wp-content/uploads/2024/12/BlogCA-300x177.jpg
Riutilizzo della connessione esistente a costruisciearreda.it:443.
Richiesta HTTP inviata, in attesa di risposta... 200 OK
Lunghezza: 9665 (9,4K) [image/jpeg]
Salvataggio in: ‘costruisciearreda-static/costruisciearreda.it/wp-content/uploads/2024/12/BlogCA-300x177.jpg’

     0K .........                                             100%  194M=0s

2026-09-01 15:13:51 (194 MB/s) - ‘costruisciearreda-static/costruisciearreda.it/wp-content/uploads/2024/12/BlogCA-300x177.jpg’ salvato [9665/9665]

--2026-09-01 15:13:51--  https://costruisciearreda.it/wp-content/uploads/2024/12/BlogCA-768x454.jpg
Riutilizzo della connessione esistente a costruisciearreda.it:443.
Richiesta HTTP inviata, in attesa di risposta... 200 OK
Lunghezza: 46564 (45K) [image/jpeg]
Salvataggio in: ‘costruisciearreda-static/costruisciearreda.it/wp-content/uploads/2024/12/BlogCA-768x454.jpg’

     0K .......... .......... .......... .......... .....     100% 2,56M=0,02s

2026-09-01 15:13:51 (2,56 MB/s) - ‘costruisciearreda-static/costruisciearreda.it/wp-content/uploads/2024/12/BlogCA-768x454.jpg’ salvato [46564/46564]

--2026-09-01 15:13:51--  https://costruisciearreda.it/2024/11/17/
Riutilizzo della connessione esistente a costruisciearreda.it:443.
Richiesta HTTP inviata, in attesa di risposta... 200 OK
Lunghezza: non specificato [text/html]
Salvataggio in: ‘costruisciearreda-static/costruisciearreda.it/2024/11/17/index.html’

     0K .......... .......... .......... .......... ......     1,26M=0,04s

2026-09-01 15:13:52 (1,26 MB/s) - ‘costruisciearreda-static/costruisciearreda.it/2024/11/17/index.html’ salvato [47306]

--2026-09-01 15:13:52--  https://costruisciearreda.it/rivestimenti-con-pattern-stile-e-personalita-per-i-tuoi-spazi/
Riutilizzo della connessione esistente a costruisciearreda.it:443.
Richiesta HTTP inviata, in attesa di risposta... 200 OK
Lunghezza: non specificato [text/html]
Salvataggio in: ‘costruisciearreda-static/costruisciearreda.it/rivestimenti-con-pattern-stile-e-personalita-per-i-tuoi-spazi/index.html’

     0K .......... .......... .......... .......... .......... 2,61M
    50K .......... .......... ..........                       78,0M=0,02s

2026-09-01 15:13:52 (4,11 MB/s) - ‘costruisciearreda-static/costruisciearreda.it/rivestimenti-con-pattern-stile-e-personalita-per-i-tuoi-spazi/index.html’ salvato [82357]

--2026-09-01 15:13:52--  https://costruisciearreda.it/wp-content/uploads/2024/12/COPERTINA-ARTICOLI-3.png
Riutilizzo della connessione esistente a costruisciearreda.it:443.
Richiesta HTTP inviata, in attesa di risposta... 200 OK
Lunghezza: 2958584 (2,8M) [image/png]
Salvataggio in: ‘costruisciearreda-static/costruisciearreda.it/wp-content/uploads/2024/12/COPERTINA-ARTICOLI-3.png’

     0K .......... .......... .......... .......... ..........  1% 2,68M 1s
    50K .......... .......... .......... .......... ..........  3% 2,56M 1s
   100K .......... .......... .......... .......... ..........  5% 2,78M 1s
   150K .......... .......... .......... .......... ..........  6% 2,17M 1s
   200K .......... .......... .......... .......... ..........  8% 1,51M 1s
   250K .......... .......... .......... .......... .......... 10% 14,1M 1s
   300K .......... .......... .......... .......... .......... 12% 2,13M 1s
   350K .......... .......... .......... .......... .......... 13% 1,60M 1s
   400K .......... .......... .......... .......... .......... 15% 6,51M 1s
   450K .......... .......... .......... .......... .......... 17% 2,64M 1s
   500K .......... .......... .......... .......... .......... 19% 2,79M 1s
   550K .......... .......... .......... .......... .......... 20% 1,99M 1s
   600K .......... .......... .......... .......... .......... 22% 2,31M 1s
   650K .......... .......... .......... .......... .......... 24%  575M 1s
   700K .......... .......... .......... .......... .......... 25% 2,49M 1s
   750K .......... .......... .......... .......... .......... 27% 2,48M 1s
   800K .......... .......... .......... .......... .......... 29% 2,13M 1s
   850K .......... .......... .......... .......... .......... 31% 2,71M 1s
   900K .......... .......... .......... .......... .......... 32% 7,57M 1s
   950K .......... .......... .......... .......... .......... 34% 2,51M 1s
  1000K .......... .......... .......... .......... .......... 36% 4,40M 1s
  1050K .......... .......... .......... .......... .......... 38% 2,63M 1s
  1100K .......... .......... .......... .......... .......... 39% 2,49M 1s
  1150K .......... .......... .......... .......... .......... 41% 8,54M 1s
  1200K .......... .......... .......... .......... .......... 43% 2,78M 1s
  1250K .......... .......... .......... .......... .......... 44% 3,35M 1s
  1300K .......... .......... .......... .......... .......... 46% 9,80M 1s
  1350K .......... .......... .......... .......... .......... 48% 2,45M 1s
  1400K .......... .......... .......... .......... .......... 50% 2,44M 0s
  1450K .......... .......... .......... .......... .......... 51% 2,73M 0s
  1500K .......... .......... .......... .......... .......... 53% 16,7M 0s
  1550K .......... .......... .......... .......... .......... 55% 2,58M 0s
  1600K .......... .......... .......... .......... .......... 57% 3,72M 0s
  1650K .......... .......... .......... .......... .......... 58% 5,95M 0s
  1700K .......... .......... .......... .......... .......... 60% 1,93M 0s
  1750K .......... .......... .......... .......... .......... 62% 25,9M 0s
  1800K .......... .......... .......... .......... .......... 64% 2,37M 0s
  1850K .......... .......... .......... .......... .......... 65% 3,57M 0s
  1900K .......... .......... .......... .......... .......... 67% 4,34M 0s
  1950K .......... .......... .......... .......... .......... 69% 2,96M 0s
  2000K .......... .......... .......... .......... .......... 70% 6,72M 0s
  2050K .......... .......... .......... .......... .......... 72% 4,76M 0s
  2100K .......... .......... .......... .......... .......... 74% 6,61M 0s
  2150K .......... .......... .......... .......... .......... 76% 3,23M 0s
  2200K .......... .......... .......... .......... .......... 77% 3,43M 0s
  2250K .......... .......... .......... .......... .......... 79% 8,98M 0s
  2300K .......... .......... .......... .......... .......... 81% 3,99M 0s
  2350K .......... .......... .......... .......... .......... 83% 4,97M 0s
  2400K .......... .......... .......... .......... .......... 84% 2,60M 0s
  2450K .......... .......... .......... .......... .......... 86% 79,0M 0s
  2500K .......... .......... .......... .......... .......... 88% 2,63M 0s
  2550K .......... .......... .......... .......... .......... 89% 35,5M 0s
  2600K .......... .......... .......... .......... .......... 91% 2,15M 0s
  2650K .......... .......... .......... .......... .......... 93% 7,73M 0s
  2700K .......... .......... .......... .......... .......... 95% 3,73M 0s
  2750K .......... .......... .......... .......... .......... 96% 10,7M 0s
  2800K .......... .......... .......... .......... .......... 98% 3,43M 0s
  2850K .......... .......... .......... .........            100% 26,4M=0,8s

2026-09-01 15:13:53 (3,41 MB/s) - ‘costruisciearreda-static/costruisciearreda.it/wp-content/uploads/2024/12/COPERTINA-ARTICOLI-3.png’ salvato [2958584/2958584]

--2026-09-01 15:13:53--  https://costruisciearreda.it/wp-content/uploads/2024/12/COPERTINA-ARTICOLI-3-300x169.png
Riutilizzo della connessione esistente a costruisciearreda.it:443.
Richiesta HTTP inviata, in attesa di risposta... 200 OK
Lunghezza: 78081 (76K) [image/png]
Salvataggio in: ‘costruisciearreda-static/costruisciearreda.it/wp-content/uploads/2024/12/COPERTINA-ARTICOLI-3-300x169.png’

     0K .......... .......... .......... .......... .......... 65% 8,11M 0s
    50K .......... .......... ......                          100% 41,6M=0,007s

2026-09-01 15:13:53 (11,2 MB/s) - ‘costruisciearreda-static/costruisciearreda.it/wp-content/uploads/2024/12/COPERTINA-ARTICOLI-3-300x169.png’ salvato [78081/78081]

--2026-09-01 15:13:53--  https://costruisciearreda.it/wp-content/uploads/2024/12/COPERTINA-ARTICOLI-3-1024x576.png
Riutilizzo della connessione esistente a costruisciearreda.it:443.
Richiesta HTTP inviata, in attesa di risposta... 200 OK
Lunghezza: 777129 (759K) [image/png]
Salvataggio in: ‘costruisciearreda-static/costruisciearreda.it/wp-content/uploads/2024/12/COPERTINA-ARTICOLI-3-1024x576.png’

     0K .......... .......... .......... .......... ..........  6% 95,0M 0s
    50K .......... .......... .......... .......... .......... 13% 2,50M 0s
   100K .......... .......... .......... .......... .......... 19% 21,0M 0s
   150K .......... .......... .......... .......... .......... 26% 3,12M 0s
   200K .......... .......... .......... .......... .......... 32% 11,1M 0s
   250K .......... .......... .......... .......... .......... 39% 3,66M 0s
   300K .......... .......... .......... .......... .......... 46% 4,05M 0s
   350K .......... .......... .......... .......... .......... 52% 8,32M 0s
   400K .......... .......... .......... .......... .......... 59% 3,95M 0s
   450K .......... .......... .......... .......... .......... 65% 6,96M 0s
   500K .......... .......... .......... .......... .......... 72% 3,92M 0s
   550K .......... .......... .......... .......... .......... 79% 17,9M 0s
   600K .......... .......... .......... .......... .......... 85% 2,92M 0s
   650K .......... .......... .......... .......... .......... 92% 25,1M 0s
   700K .......... .......... .......... .......... .......... 98% 3,05M 0s
   750K ........                                              100%  586M=0,1s

2026-09-01 15:13:53 (5,19 MB/s) - ‘costruisciearreda-static/costruisciearreda.it/wp-content/uploads/2024/12/COPERTINA-ARTICOLI-3-1024x576.png’ salvato [777129/777129]

--2026-09-01 15:13:53--  https://costruisciearreda.it/wp-content/uploads/2024/12/COPERTINA-ARTICOLI-3-768x432.png
Riutilizzo della connessione esistente a costruisciearreda.it:443.
Richiesta HTTP inviata, in attesa di risposta... 200 OK
Lunghezza: 443601 (433K) [image/png]
Salvataggio in: ‘costruisciearreda-static/costruisciearreda.it/wp-content/uploads/2024/12/COPERTINA-ARTICOLI-3-768x432.png’

     0K .......... .......... .......... .......... .......... 11% 15,1M 0s
    50K .......... .......... .......... .......... .......... 23%  476M 0s
   100K .......... .......... .......... .......... .......... 34% 2,68M 0s
   150K .......... .......... .......... .......... .......... 46% 22,1M 0s
   200K .......... .......... .......... .......... .......... 57% 2,87M 0s
   250K .......... .......... .......... .......... .......... 69% 14,6M 0s
   300K .......... .......... .......... .......... .......... 80% 3,33M 0s
   350K .......... .......... .......... .......... .......... 92% 12,4M 0s
   400K .......... .......... .......... ...                  100%  693M=0,06s

2026-09-01 15:13:53 (6,74 MB/s) - ‘costruisciearreda-static/costruisciearreda.it/wp-content/uploads/2024/12/COPERTINA-ARTICOLI-3-768x432.png’ salvato [443601/443601]

--2026-09-01 15:13:53--  https://costruisciearreda.it/wp-content/uploads/2024/12/COPERTINA-ARTICOLI-3-1536x864.png
Riutilizzo della connessione esistente a costruisciearreda.it:443.
Richiesta HTTP inviata, in attesa di risposta... 200 OK
Lunghezza: 1695308 (1,6M) [image/png]
Salvataggio in: ‘costruisciearreda-static/costruisciearreda.it/wp-content/uploads/2024/12/COPERTINA-ARTICOLI-3-1536x864.png’

     0K .......... .......... .......... .......... ..........  3% 24,4M 0s
    50K .......... .......... .......... .......... ..........  6%  713M 0s
   100K .......... .......... .......... .......... ..........  9% 2,36M 0s
   150K .......... .......... .......... .......... .......... 12%  721M 0s
   200K .......... .......... .......... .......... .......... 15% 2,69M 0s
   250K .......... .......... .......... .......... .......... 18% 25,0M 0s
   300K .......... .......... .......... .......... .......... 21% 3,10M 0s
   350K .......... .......... .......... .......... .......... 24% 23,8M 0s
   400K .......... .......... .......... .......... .......... 27% 4,18M 0s
   450K .......... .......... .......... .......... .......... 30% 4,85M 0s
   500K .......... .......... .......... .......... .......... 33%  697M 0s
   550K .......... .......... .......... .......... .......... 36% 2,56M 0s
   600K .......... .......... .......... .......... .......... 39% 37,5M 0s
   650K .......... .......... .......... .......... .......... 42% 2,73M 0s
   700K .......... .......... .......... .......... .......... 45% 9,60M 0s
   750K .......... .......... .......... .......... .......... 48% 29,9M 0s
   800K .......... .......... .......... .......... .......... 51% 3,64M 0s
   850K .......... .......... .......... .......... .......... 54% 14,7M 0s
   900K .......... .......... .......... .......... .......... 57% 3,10M 0s
   950K .......... .......... .......... .......... .......... 60% 12,8M 0s
  1000K .......... .......... .......... .......... .......... 63% 3,50M 0s
  1050K .......... .......... .......... .......... .......... 66% 30,6M 0s
  1100K .......... .......... .......... .......... .......... 69% 10,8M 0s
  1150K .......... .......... .......... .......... .......... 72% 3,53M 0s
  1200K .......... .......... .......... .......... .......... 75% 14,1M 0s
  1250K .......... .......... .......... .......... .......... 78% 3,36M 0s
  1300K .......... .......... .......... .......... .......... 81% 27,1M 0s
  1350K .......... .......... .......... .......... .......... 84% 11,2M 0s
  1400K .......... .......... .......... .......... .......... 87% 3,48M 0s
  1450K .......... .......... .......... .......... .......... 90% 8,56M 0s
  1500K .......... .......... .......... .......... .......... 93% 3,88M 0s
  1550K .......... .......... .......... .......... .......... 96% 8,75M 0s
  1600K .......... .......... .......... .......... .......... 99% 55,0M 0s
  1650K .....                                                 100% 10,4T=0,3s

2026-09-01 15:13:53 (6,20 MB/s) - ‘costruisciearreda-static/costruisciearreda.it/wp-content/uploads/2024/12/COPERTINA-ARTICOLI-3-1536x864.png’ salvato [1695308/1695308]

--2026-09-01 15:13:53--  https://costruisciearreda.it/2024/11/06/
Riutilizzo della connessione esistente a costruisciearreda.it:443.
Richiesta HTTP inviata, in attesa di risposta... 200 OK
Lunghezza: non specificato [text/html]
Salvataggio in: ‘costruisciearreda-static/costruisciearreda.it/2024/11/06/index.html’

     0K .......... .......... .......... .......... ......     2,27M=0,02s

2026-09-01 15:13:54 (2,27 MB/s) - ‘costruisciearreda-static/costruisciearreda.it/2024/11/06/index.html’ salvato [47597]

--2026-09-01 15:13:54--  https://costruisciearreda.it/come-scegliere-le-finiture-perfette-per-la-tua-casa/
Riutilizzo della connessione esistente a costruisciearreda.it:443.
Richiesta HTTP inviata, in attesa di risposta... 200 OK
Lunghezza: non specificato [text/html]
Salvataggio in: ‘costruisciearreda-static/costruisciearreda.it/come-scegliere-le-finiture-perfette-per-la-tua-casa/index.html’

     0K .......... .......... .......... .......... .......... 68,7M
    50K .......... .......... ..........                       1,53M=0,02s

2026-09-01 15:13:54 (3,88 MB/s) - ‘costruisciearreda-static/costruisciearreda.it/come-scegliere-le-finiture-perfette-per-la-tua-casa/index.html’ salvato [82767]

--2026-09-01 15:13:54--  https://costruisciearreda.it/wp-content/uploads/2024/12/COPERTINA-ARTICOLI-2.png
Riutilizzo della connessione esistente a costruisciearreda.it:443.
Richiesta HTTP inviata, in attesa di risposta... 200 OK
Lunghezza: 2351084 (2,2M) [image/png]
Salvataggio in: ‘costruisciearreda-static/costruisciearreda.it/wp-content/uploads/2024/12/COPERTINA-ARTICOLI-2.png’

     0K .......... .......... .......... .......... ..........  2% 21,5M 0s
    50K .......... .......... .......... .......... ..........  4%  738M 0s
   100K .......... .......... .......... .......... ..........  6% 1,61M 0s
   150K .......... .......... .......... .......... ..........  8%  590M 0s
   200K .......... .......... .......... .......... .......... 10% 8,25M 0s
   250K .......... .......... .......... .......... .......... 13% 3,53M 0s
   300K .......... .......... .......... .......... .......... 15% 30,4M 0s
   350K .......... .......... .......... .......... .......... 17% 2,52M 0s
   400K .......... .......... .......... .......... .......... 19%  690M 0s
   450K .......... .......... .......... .......... .......... 21% 5,14M 0s
   500K .......... .......... .......... .......... .......... 23% 4,70M 0s
   550K .......... .......... .......... .......... .......... 26% 9,88M 0s
   600K .......... .......... .......... .......... .......... 28% 5,39M 0s
   650K .......... .......... .......... .......... .......... 30% 10,6M 0s
   700K .......... .......... .......... .......... .......... 32% 10,7M 0s
   750K .......... .......... .......... .......... .......... 34% 3,64M 0s
   800K .......... .......... .......... .......... .......... 37% 8,87M 0s
   850K .......... .......... .......... .......... .......... 39% 5,85M 0s
   900K .......... .......... .......... .......... .......... 41% 3,60M 0s
   950K .......... .......... .......... .......... .......... 43%  621M 0s
  1000K .......... .......... .......... .......... .......... 45% 8,46M 0s
  1050K .......... .......... .......... .......... .......... 47% 3,42M 0s
  1100K .......... .......... .......... .......... .......... 50% 25,2M 0s
  1150K .......... .......... .......... .......... .......... 52% 9,36M 0s
  1200K .......... .......... .......... .......... .......... 54% 3,47M 0s
  1250K .......... .......... .......... .......... .......... 56% 39,2M 0s
  1300K .......... .......... .......... .......... .......... 58% 11,6M 0s
  1350K .......... .......... .......... .......... .......... 60% 2,94M 0s
  1400K .......... .......... .......... .......... .......... 63% 21,4M 0s
  1450K .......... .......... .......... .......... .......... 65% 3,33M 0s
  1500K .......... .......... .......... .......... .......... 67% 43,2M 0s
  1550K .......... .......... .......... .......... .......... 69% 19,0M 0s
  1600K .......... .......... .......... .......... .......... 71% 2,94M 0s
  1650K .......... .......... .......... .......... .......... 74% 30,7M 0s
  1700K .......... .......... .......... .......... .......... 76% 11,2M 0s
  1750K .......... .......... .......... .......... .......... 78% 3,62M 0s
  1800K .......... .......... .......... .......... .......... 80% 20,7M 0s
  1850K .......... .......... .......... .......... .......... 82% 15,5M 0s
  1900K .......... .......... .......... .......... .......... 84% 3,73M 0s
  1950K .......... .......... .......... .......... .......... 87% 10,2M 0s
  2000K .......... .......... .......... .......... .......... 89% 26,3M 0s
  2050K .......... .......... .......... .......... .......... 91% 3,83M 0s
  2100K .......... .......... .......... .......... .......... 93% 9,40M 0s
  2150K .......... .......... .......... .......... .......... 95% 19,9M 0s
  2200K .......... .......... .......... .......... .......... 97% 4,73M 0s
  2250K .......... .......... .......... .......... .....     100% 12,9M=0,3s

2026-09-01 15:13:54 (6,65 MB/s) - ‘costruisciearreda-static/costruisciearreda.it/wp-content/uploads/2024/12/COPERTINA-ARTICOLI-2.png’ salvato [2351084/2351084]

--2026-09-01 15:13:54--  https://costruisciearreda.it/wp-content/uploads/2024/12/COPERTINA-ARTICOLI-2-300x169.png
Riutilizzo della connessione esistente a costruisciearreda.it:443.
Richiesta HTTP inviata, in attesa di risposta... 200 OK
Lunghezza: 71493 (70K) [image/png]
Salvataggio in: ‘costruisciearreda-static/costruisciearreda.it/wp-content/uploads/2024/12/COPERTINA-ARTICOLI-2-300x169.png’

     0K .......... .......... .......... .......... .......... 71% 44,4M 0s
    50K .......... .........                                  100%  408M=0,001s

2026-09-01 15:13:54 (59,4 MB/s) - ‘costruisciearreda-static/costruisciearreda.it/wp-content/uploads/2024/12/COPERTINA-ARTICOLI-2-300x169.png’ salvato [71493/71493]

--2026-09-01 15:13:54--  https://costruisciearreda.it/wp-content/uploads/2024/12/COPERTINA-ARTICOLI-2-1024x576.png
Riutilizzo della connessione esistente a costruisciearreda.it:443.
Richiesta HTTP inviata, in attesa di risposta... 200 OK
Lunghezza: 589467 (576K) [image/png]
Salvataggio in: ‘costruisciearreda-static/costruisciearreda.it/wp-content/uploads/2024/12/COPERTINA-ARTICOLI-2-1024x576.png’

     0K .......... .......... .......... .......... ..........  8% 8,25M 0s
    50K .......... .......... .......... .......... .......... 17% 17,3M 0s
   100K .......... .......... .......... .......... .......... 26% 4,74M 0s
   150K .......... .......... .......... .......... .......... 34% 8,43M 0s
   200K .......... .......... .......... .......... .......... 43% 17,1M 0s
   250K .......... .......... .......... .......... .......... 52% 3,17M 0s
   300K .......... .......... .......... .......... .......... 60% 80,2M 0s
   350K .......... .......... .......... .......... .......... 69% 10,2M 0s
   400K .......... .......... .......... .......... .......... 78% 3,82M 0s
   450K .......... .......... .......... .......... .......... 86% 11,3M 0s
   500K .......... .......... .......... .......... .......... 95% 24,3M 0s
   550K .......... .......... .....                           100%  654M=0,07s

2026-09-01 15:13:54 (8,31 MB/s) - ‘costruisciearreda-static/costruisciearreda.it/wp-content/uploads/2024/12/COPERTINA-ARTICOLI-2-1024x576.png’ salvato [589467/589467]

--2026-09-01 15:13:54--  https://costruisciearreda.it/wp-content/uploads/2024/12/COPERTINA-ARTICOLI-2-768x432.png
Riutilizzo della connessione esistente a costruisciearreda.it:443.
Richiesta HTTP inviata, in attesa di risposta... 200 OK
Lunghezza: 347845 (340K) [image/png]
Salvataggio in: ‘costruisciearreda-static/costruisciearreda.it/wp-content/uploads/2024/12/COPERTINA-ARTICOLI-2-768x432.png’

     0K .......... .......... .......... .......... .......... 14% 13,1M 0s
    50K .......... .......... .......... .......... .......... 29% 17,3M 0s
   100K .......... .......... .......... .......... .......... 44% 3,78M 0s
   150K .......... .......... .......... .......... .......... 58% 5,21M 0s
   200K .......... .......... .......... .......... .......... 73%  469M 0s
   250K .......... .......... .......... .......... .......... 88% 5,75M 0s
   300K .......... .......... .......... .........            100% 32,4M=0,04s

2026-09-01 15:13:54 (8,59 MB/s) - ‘costruisciearreda-static/costruisciearreda.it/wp-content/uploads/2024/12/COPERTINA-ARTICOLI-2-768x432.png’ salvato [347845/347845]

--2026-09-01 15:13:54--  https://costruisciearreda.it/wp-content/uploads/2024/12/COPERTINA-ARTICOLI-2-1536x864.png
Riutilizzo della connessione esistente a costruisciearreda.it:443.
Richiesta HTTP inviata, in attesa di risposta... 200 OK
Lunghezza: 1266633 (1,2M) [image/png]
Salvataggio in: ‘costruisciearreda-static/costruisciearreda.it/wp-content/uploads/2024/12/COPERTINA-ARTICOLI-2-1536x864.png’

     0K .......... .......... .......... .......... ..........  4% 7,27M 0s
    50K .......... .......... .......... .......... ..........  8%  626M 0s
   100K .......... .......... .......... .......... .......... 12% 3,16M 0s
   150K .......... .......... .......... .......... .......... 16% 12,4M 0s
   200K .......... .......... .......... .......... .......... 20%  675M 0s
   250K .......... .......... .......... .......... .......... 24% 3,42M 0s
   300K .......... .......... .......... .......... .......... 28% 9,75M 0s
   350K .......... .......... .......... .......... .......... 32% 8,59M 0s
   400K .......... .......... .......... .......... .......... 36%  462M 0s
   450K .......... .......... .......... .......... .......... 40% 3,98M 0s
   500K .......... .......... .......... .......... .......... 44% 15,8M 0s
   550K .......... .......... .......... .......... .......... 48% 7,72M 0s
   600K .......... .......... .......... .......... .......... 52% 5,63M 0s
   650K .......... .......... .......... .......... .......... 56% 13,5M 0s
   700K .......... .......... .......... .......... .......... 60% 9,89M 0s
   750K .......... .......... .......... .......... .......... 64% 4,97M 0s
   800K .......... .......... .......... .......... .......... 68% 16,9M 0s
   850K .......... .......... .......... .......... .......... 72% 11,6M 0s
   900K .......... .......... .......... .......... .......... 76% 7,36M 0s
   950K .......... .......... .......... .......... .......... 80% 9,18M 0s
  1000K .......... .......... .......... .......... .......... 84% 9,40M 0s
  1050K .......... .......... .......... .......... .......... 88% 6,62M 0s
  1100K .......... .......... .......... .......... .......... 92% 11,0M 0s
  1150K .......... .......... .......... .......... .......... 97% 10,7M 0s
  1200K .......... .......... .......... ......               100% 10,2M=0,1s

2026-09-01 15:13:55 (8,38 MB/s) - ‘costruisciearreda-static/costruisciearreda.it/wp-content/uploads/2024/12/COPERTINA-ARTICOLI-2-1536x864.png’ salvato [1266633/1266633]

--2026-09-01 15:13:55--  https://costruisciearreda.it/2024/10/06/
Riutilizzo della connessione esistente a costruisciearreda.it:443.
Richiesta HTTP inviata, in attesa di risposta... 200 OK
Lunghezza: non specificato [text/html]
Salvataggio in: ‘costruisciearreda-static/costruisciearreda.it/2024/10/06/index.html’

     0K .......... .......... .......... .......... ......     2,66M=0,02s

2026-09-01 15:13:55 (2,66 MB/s) - ‘costruisciearreda-static/costruisciearreda.it/2024/10/06/index.html’ salvato [47424]

--2026-09-01 15:13:55--  https://costruisciearreda.it/corso-di-formazione-gestione-delle-grandi-lastre/
Riutilizzo della connessione esistente a costruisciearreda.it:443.
Richiesta HTTP inviata, in attesa di risposta... 200 OK
Lunghezza: non specificato [text/html]
Salvataggio in: ‘costruisciearreda-static/costruisciearreda.it/corso-di-formazione-gestione-delle-grandi-lastre/index.html’

     0K .......... .......... .......... .......... .......... 2,28M
    50K .......... .......... .....                            1,86M=0,03s

2026-09-01 15:13:56 (2,12 MB/s) - ‘costruisciearreda-static/costruisciearreda.it/corso-di-formazione-gestione-delle-grandi-lastre/index.html’ salvato [77464]

--2026-09-01 15:13:56--  https://costruisciearreda.it/wp-content/uploads/2023/09/Formazione222.jpg
Riutilizzo della connessione esistente a costruisciearreda.it:443.
Richiesta HTTP inviata, in attesa di risposta... 200 OK
Lunghezza: 122596 (120K) [image/jpeg]
Salvataggio in: ‘costruisciearreda-static/costruisciearreda.it/wp-content/uploads/2023/09/Formazione222.jpg’

     0K .......... .......... .......... .......... .......... 41% 11,5M 0s
    50K .......... .......... .......... .......... .......... 83% 3,66M 0s
   100K .......... .........                                  100% 3,16M=0,02s

2026-09-01 15:13:56 (4,94 MB/s) - ‘costruisciearreda-static/costruisciearreda.it/wp-content/uploads/2023/09/Formazione222.jpg’ salvato [122596/122596]

--2026-09-01 15:13:56--  https://costruisciearreda.it/wp-content/uploads/2023/09/Formazione222-300x199.jpg
Riutilizzo della connessione esistente a costruisciearreda.it:443.
Richiesta HTTP inviata, in attesa di risposta... 200 OK
Lunghezza: 13136 (13K) [image/jpeg]
Salvataggio in: ‘costruisciearreda-static/costruisciearreda.it/wp-content/uploads/2023/09/Formazione222-300x199.jpg’

     0K .......... ..                                         100%  258M=0s

2026-09-01 15:13:56 (258 MB/s) - ‘costruisciearreda-static/costruisciearreda.it/wp-content/uploads/2023/09/Formazione222-300x199.jpg’ salvato [13136/13136]

--2026-09-01 15:13:56--  https://costruisciearreda.it/2024/09/19/
Riutilizzo della connessione esistente a costruisciearreda.it:443.
Richiesta HTTP inviata, in attesa di risposta... 200 OK
Lunghezza: non specificato [text/html]
Salvataggio in: ‘costruisciearreda-static/costruisciearreda.it/2024/09/19/index.html’

     0K .......... .......... .......... .......... ......     2,45M=0,02s

2026-09-01 15:13:57 (2,45 MB/s) - ‘costruisciearreda-static/costruisciearreda.it/2024/09/19/index.html’ salvato [47132]

--2026-09-01 15:13:57--  https://costruisciearreda.it/category/ultime-news-e-articoli/?e-page-089e813=2
Riutilizzo della connessione esistente a costruisciearreda.it:443.
Richiesta HTTP inviata, in attesa di risposta... 200 OK
Lunghezza: non specificato [text/html]
Salvataggio in: ‘costruisciearreda-static/costruisciearreda.it/category/ultime-news-e-articoli/index.html?e-page-089e813=2.html’

     0K .......... .......... .......... .......... .......... 1,32M
    50K .......... .......... .......                           522M=0,04s

Intestazione Last-modified mancante -- marche temporali disattivate.
2026-09-01 15:13:57 (2,05 MB/s) - ‘costruisciearreda-static/costruisciearreda.it/category/ultime-news-e-articoli/index.html?e-page-089e813=2.html’ salvato [79431]

--2026-09-01 15:13:57--  https://costruisciearreda.it/wp-content/cache/wpo-minify/1788241814/assets/wpo-minify-footer-c75e1950.min.css
Riutilizzo della connessione esistente a costruisciearreda.it:443.
Richiesta HTTP inviata, in attesa di risposta... 200 OK
Lunghezza: 10814 (11K) [text/css]
Salvataggio in: ‘costruisciearreda-static/costruisciearreda.it/wp-content/cache/wpo-minify/1788241814/assets/wpo-minify-footer-c75e1950.min.css’

     0K ..........                                            100%  233M=0s

2026-09-01 15:13:58 (233 MB/s) - ‘costruisciearreda-static/costruisciearreda.it/wp-content/cache/wpo-minify/1788241814/assets/wpo-minify-footer-c75e1950.min.css’ salvato [10814/10814]

--2026-09-01 15:13:58--  https://costruisciearreda.it/wp-json/oembed/1.0/embed?url=https%3A%2F%2Fcostruisciearreda.it%2Frichiedi-preventivo%2F
Riutilizzo della connessione esistente a costruisciearreda.it:443.
Richiesta HTTP inviata, in attesa di risposta... 200 OK
Lunghezza: non specificato [application/json]
Salvataggio in: ‘costruisciearreda-static/costruisciearreda.it/wp-json/oembed/1.0/embed?url=https:%2F%2Fcostruisciearreda.it%2Frichiedi-preventivo%2F’

     0K ..                                                     1,32G=0s

Intestazione Last-modified mancante -- marche temporali disattivate.
2026-09-01 15:13:58 (1,32 GB/s) - ‘costruisciearreda-static/costruisciearreda.it/wp-json/oembed/1.0/embed?url=https:%2F%2Fcostruisciearreda.it%2Frichiedi-preventivo%2F’ salvato [2779]

--2026-09-01 15:13:58--  https://costruisciearreda.it/wp-json/oembed/1.0/embed?url=https%3A%2F%2Fcostruisciearreda.it%2Frichiedi-preventivo%2F&format=xml
Riutilizzo della connessione esistente a costruisciearreda.it:443.
Richiesta HTTP inviata, in attesa di risposta... 200 OK
Lunghezza: non specificato [text/xml]
Salvataggio in: ‘costruisciearreda-static/costruisciearreda.it/wp-json/oembed/1.0/embed?url=https:%2F%2Fcostruisciearreda.it%2Frichiedi-preventivo%2F&format=xml’

     0K ..                                                     1,45G=0s

Intestazione Last-modified mancante -- marche temporali disattivate.
2026-09-01 15:13:58 (1,45 GB/s) - ‘costruisciearreda-static/costruisciearreda.it/wp-json/oembed/1.0/embed?url=https:%2F%2Fcostruisciearreda.it%2Frichiedi-preventivo%2F&format=xml’ salvato [2946]

--2026-09-01 15:13:58--  https://costruisciearreda.it/wp-content/cache/wpo-minify/1788241814/assets/wpo-minify-header-727e875f.min.css
Riutilizzo della connessione esistente a costruisciearreda.it:443.
Richiesta HTTP inviata, in attesa di risposta... 200 OK
Lunghezza: 681866 (666K) [text/css]
Salvataggio in: ‘costruisciearreda-static/costruisciearreda.it/wp-content/cache/wpo-minify/1788241814/assets/wpo-minify-header-727e875f.min.css’

     0K .......... .......... .......... .......... ..........  7% 1,53M 0s
    50K .......... .......... .......... .......... .......... 15% 2,64M 0s
   100K .......... .......... .......... .......... .......... 22% 19,8M 0s
   150K .......... .......... .......... .......... .......... 30% 2,75M 0s
   200K .......... .......... .......... .......... .......... 37% 11,1M 0s
   250K .......... .......... .......... .......... .......... 45% 31,7M 0s
   300K .......... .......... .......... .......... .......... 52% 2,29M 0s
   350K .......... .......... .......... .......... .......... 60% 15,3M 0s
   400K .......... .......... .......... .......... .......... 67%  564M 0s
   450K .......... .......... .......... .......... .......... 75% 2,64M 0s
   500K .......... .......... .......... .......... .......... 82% 6,58M 0s
   550K .......... .......... .......... .......... .......... 90%  324M 0s
   600K .......... .......... .......... .......... .......... 97% 78,0M 0s
   650K .......... .....                                      100% 1,20M=0,1s

2026-09-01 15:13:59 (4,62 MB/s) - ‘costruisciearreda-static/costruisciearreda.it/wp-content/cache/wpo-minify/1788241814/assets/wpo-minify-header-727e875f.min.css’ salvato [681866/681866]

--2026-09-01 15:13:59--  https://costruisciearreda.it/wp-json/wp/v2/pages/1524
Riutilizzo della connessione esistente a costruisciearreda.it:443.
Richiesta HTTP inviata, in attesa di risposta... 200 OK
Lunghezza: non specificato [application/json]
Salvataggio in: ‘costruisciearreda-static/costruisciearreda.it/wp-json/wp/v2/pages/1524’

     0K .......... .......... .                                 229M=0s

Intestazione Last-modified mancante -- marche temporali disattivate.
2026-09-01 15:13:59 (229 MB/s) - ‘costruisciearreda-static/costruisciearreda.it/wp-json/wp/v2/pages/1524’ salvato [21551]

--2026-09-01 15:13:59--  https://costruisciearreda.it/?p=1524
Riutilizzo della connessione esistente a costruisciearreda.it:443.
Richiesta HTTP inviata, in attesa di risposta... 301 Moved Permanently
Posizione: https://costruisciearreda.it/richiedi-preventivo/ [segue]
--2026-09-01 15:13:59--  https://costruisciearreda.it/richiedi-preventivo/
Riutilizzo della connessione esistente a costruisciearreda.it:443.
Richiesta HTTP inviata, in attesa di risposta... 200 OK
Lunghezza: non specificato [text/html]
Salvataggio in: ‘costruisciearreda-static/costruisciearreda.it/index.html?p=1524.html’

     0K .......... .......... .......... .......... .......... 2,41M
    50K .......... .......... ..                               14,8M=0,02s

2026-09-01 15:14:00 (3,26 MB/s) - ‘costruisciearreda-static/costruisciearreda.it/index.html?p=1524.html’ salvato [74427]

--2026-09-01 15:14:00--  https://costruisciearreda.it/wp-content/uploads/2024/06/Raggruppa-1649-3.jpg
Riutilizzo della connessione esistente a costruisciearreda.it:443.
Richiesta HTTP inviata, in attesa di risposta... 200 OK
Lunghezza: 462902 (452K) [image/jpeg]
Salvataggio in: ‘costruisciearreda-static/costruisciearreda.it/wp-content/uploads/2024/06/Raggruppa-1649-3.jpg’

     0K .......... .......... .......... .......... .......... 11% 23,1M 0s
    50K .......... .......... .......... .......... .......... 22% 2,55M 0s
   100K .......... .......... .......... .......... .......... 33% 17,8M 0s
   150K .......... .......... .......... .......... .......... 44%  350M 0s
   200K .......... .......... .......... .......... .......... 55% 3,10M 0s
   250K .......... .......... .......... .......... .......... 66% 9,31M 0s
   300K .......... .......... .......... .......... .......... 77% 26,2M 0s
   350K .......... .......... .......... .......... .......... 88% 18,5M 0s
   400K .......... .......... .......... .......... .......... 99% 5,76M 0s
   450K ..                                                    100% 3,82T=0,06s

2026-09-01 15:14:00 (7,59 MB/s) - ‘costruisciearreda-static/costruisciearreda.it/wp-content/uploads/2024/06/Raggruppa-1649-3.jpg’ salvato [462902/462902]

--2026-09-01 15:14:00--  https://costruisciearreda.it/cat_realizzazioni/progetti/feed/
Riutilizzo della connessione esistente a costruisciearreda.it:443.
Richiesta HTTP inviata, in attesa di risposta... 200 OK
Lunghezza: non specificato [application/rss+xml]
Salvataggio in: ‘costruisciearreda-static/costruisciearreda.it/cat_realizzazioni/progetti/feed/index.html’

     0K ..                                                     1,74G=0s

2026-09-01 15:14:00 (1,74 GB/s) - ‘costruisciearreda-static/costruisciearreda.it/cat_realizzazioni/progetti/feed/index.html’ salvato [2566]

--2026-09-01 15:14:00--  https://costruisciearreda.it/wp-content/cache/wpo-minify/1788241814/assets/wpo-minify-header-af3dacce.min.css
Riutilizzo della connessione esistente a costruisciearreda.it:443.
Richiesta HTTP inviata, in attesa di risposta... 200 OK
Lunghezza: 723394 (706K) [text/css]
Salvataggio in: ‘costruisciearreda-static/costruisciearreda.it/wp-content/cache/wpo-minify/1788241814/assets/wpo-minify-header-af3dacce.min.css’

     0K .......... .......... .......... .......... ..........  7% 26,1M 0s
    50K .......... .......... .......... .......... .......... 14% 2,63M 0s
   100K .......... .......... .......... .......... .......... 21% 21,4M 0s
   150K .......... .......... .......... .......... .......... 28% 21,2M 0s
   200K .......... .......... .......... .......... .......... 35% 3,27M 0s
   250K .......... .......... .......... .......... .......... 42% 15,9M 0s
   300K .......... .......... .......... .......... .......... 49% 20,8M 0s
   350K .......... .......... .......... .......... .......... 56% 25,5M 0s
   400K .......... .......... .......... .......... .......... 63% 4,50M 0s
   450K .......... .......... .......... .......... .......... 70% 6,80M 0s
   500K .......... .......... .......... .......... .......... 77% 91,6M 0s
   550K .......... .......... .......... .......... .......... 84% 30,5M 0s
   600K .......... .......... .......... .......... .......... 92% 3,89M 0s
   650K .......... .......... .......... .......... .......... 99% 9,36M 0s
   700K ......                                                100%  322M=0,09s

2026-09-01 15:14:00 (8,09 MB/s) - ‘costruisciearreda-static/costruisciearreda.it/wp-content/cache/wpo-minify/1788241814/assets/wpo-minify-header-af3dacce.min.css’ salvato [723394/723394]

--2026-09-01 15:14:00--  https://costruisciearreda.it/realizzazioni/soluzioni-per-la-famiglia/
Riutilizzo della connessione esistente a costruisciearreda.it:443.
Richiesta HTTP inviata, in attesa di risposta... 200 OK
Lunghezza: non specificato [text/html]
Salvataggio in: ‘costruisciearreda-static/costruisciearreda.it/realizzazioni/soluzioni-per-la-famiglia/index.html’

     0K .......... .......... .......... .......... .......... 36,1M
    50K .......... .......... ..........                        416M=0,001s

2026-09-01 15:14:00 (55,3 MB/s) - ‘costruisciearreda-static/costruisciearreda.it/realizzazioni/soluzioni-per-la-famiglia/index.html’ salvato [82608]

--2026-09-01 15:14:00--  https://costruisciearreda.it/wp-content/uploads/2024/08/Re3nder4anteprima-768x1024.jpg
Riutilizzo della connessione esistente a costruisciearreda.it:443.
Richiesta HTTP inviata, in attesa di risposta... 200 OK
Lunghezza: 87712 (86K) [image/jpeg]
Salvataggio in: ‘costruisciearreda-static/costruisciearreda.it/wp-content/uploads/2024/08/Re3nder4anteprima-768x1024.jpg’

     0K .......... .......... .......... .......... .......... 58% 22,4M 0s
    50K .......... .......... .......... .....                100% 60,4M=0,003s

2026-09-01 15:14:00 (30,3 MB/s) - ‘costruisciearreda-static/costruisciearreda.it/wp-content/uploads/2024/08/Re3nder4anteprima-768x1024.jpg’ salvato [87712/87712]

--2026-09-01 15:14:00--  https://costruisciearreda.it/wp-content/uploads/2024/08/Re3nder4anteprima-225x300.jpg
Riutilizzo della connessione esistente a costruisciearreda.it:443.
Richiesta HTTP inviata, in attesa di risposta... 200 OK
Lunghezza: 12929 (13K) [image/jpeg]
Salvataggio in: ‘costruisciearreda-static/costruisciearreda.it/wp-content/uploads/2024/08/Re3nder4anteprima-225x300.jpg’

     0K .......... ..                                         100%  236M=0s

2026-09-01 15:14:00 (236 MB/s) - ‘costruisciearreda-static/costruisciearreda.it/wp-content/uploads/2024/08/Re3nder4anteprima-225x300.jpg’ salvato [12929/12929]

--2026-09-01 15:14:00--  https://costruisciearreda.it/wp-content/uploads/2024/08/Re3nder4anteprima-1152x1536.jpg
Riutilizzo della connessione esistente a costruisciearreda.it:443.
Richiesta HTTP inviata, in attesa di risposta... 200 OK
Lunghezza: 166481 (163K) [image/jpeg]
Salvataggio in: ‘costruisciearreda-static/costruisciearreda.it/wp-content/uploads/2024/08/Re3nder4anteprima-1152x1536.jpg’

     0K .......... .......... .......... .......... .......... 30% 24,7M 0s
    50K .......... .......... .......... .......... .......... 61% 9,55M 0s
   100K .......... .......... .......... .......... .......... 92% 44,9M 0s
   150K .......... ..                                         100%  881M=0,008s

2026-09-01 15:14:00 (19,4 MB/s) - ‘costruisciearreda-static/costruisciearreda.it/wp-content/uploads/2024/08/Re3nder4anteprima-1152x1536.jpg’ salvato [166481/166481]

--2026-09-01 15:14:00--  https://costruisciearreda.it/wp-content/uploads/2024/08/Re3nder4anteprima.jpg
Riutilizzo della connessione esistente a costruisciearreda.it:443.
Richiesta HTTP inviata, in attesa di risposta... 200 OK
Lunghezza: 966237 (944K) [image/jpeg]
Salvataggio in: ‘costruisciearreda-static/costruisciearreda.it/wp-content/uploads/2024/08/Re3nder4anteprima.jpg’

     0K .......... .......... .......... .......... ..........  5% 50,3M 0s
    50K .......... .......... .......... .......... .......... 10% 34,2M 0s
   100K .......... .......... .......... .......... .......... 15% 25,9M 0s
   150K .......... .......... .......... .......... .......... 21% 2,74M 0s
   200K .......... .......... .......... .......... .......... 26% 9,93M 0s
   250K .......... .......... .......... .......... .......... 31% 43,4M 0s
   300K .......... .......... .......... .......... .......... 37%  543M 0s
   350K .......... .......... .......... .......... .......... 42% 2,67M 0s
   400K .......... .......... .......... .......... .......... 47% 19,8M 0s
   450K .......... .......... .......... .......... .......... 52% 17,2M 0s
   500K .......... .......... .......... .......... .......... 58% 3,68M 0s
   550K .......... .......... .......... .......... .......... 63% 10,6M 0s
   600K .......... .......... .......... .......... .......... 68% 24,0M 0s
   650K .......... .......... .......... .......... .......... 74% 14,2M 0s
   700K .......... .......... .......... .......... .......... 79% 6,21M 0s
   750K .......... .......... .......... .......... .......... 84% 9,79M 0s
   800K .......... .......... .......... .......... .......... 90% 12,5M 0s
   850K .......... .......... .......... .......... .......... 95% 19,9M 0s
   900K .......... .......... .......... .......... ...       100% 6,45M=0,1s

2026-09-01 15:14:00 (9,13 MB/s) - ‘costruisciearreda-static/costruisciearreda.it/wp-content/uploads/2024/08/Re3nder4anteprima.jpg’ salvato [966237/966237]

--2026-09-01 15:14:00--  https://costruisciearreda.it/realizzazioni/appartamento-moderno-prima-e-dopo/
Riutilizzo della connessione esistente a costruisciearreda.it:443.
Richiesta HTTP inviata, in attesa di risposta... 200 OK
Lunghezza: non specificato [text/html]
Salvataggio in: ‘costruisciearreda-static/costruisciearreda.it/realizzazioni/appartamento-moderno-prima-e-dopo/index.html’

     0K .......... .......... .......... .......... .......... 2,50M
    50K .......... .......... ........                         1,63M=0,04s

2026-09-01 15:14:01 (2,09 MB/s) - ‘costruisciearreda-static/costruisciearreda.it/realizzazioni/appartamento-moderno-prima-e-dopo/index.html’ salvato [80662]

--2026-09-01 15:14:01--  https://costruisciearreda.it/wp-content/uploads/2024/08/render3copertina-768x1024.jpg
Riutilizzo della connessione esistente a costruisciearreda.it:443.
Richiesta HTTP inviata, in attesa di risposta... 200 OK
Lunghezza: 84037 (82K) [image/jpeg]
Salvataggio in: ‘costruisciearreda-static/costruisciearreda.it/wp-content/uploads/2024/08/render3copertina-768x1024.jpg’

     0K .......... .......... .......... .......... .......... 60% 33,4M 0s
    50K .......... .......... .......... ..                   100%  721M=0,002s

2026-09-01 15:14:01 (53,2 MB/s) - ‘costruisciearreda-static/costruisciearreda.it/wp-content/uploads/2024/08/render3copertina-768x1024.jpg’ salvato [84037/84037]

--2026-09-01 15:14:01--  https://costruisciearreda.it/wp-content/uploads/2024/08/render3copertina-225x300.jpg
Riutilizzo della connessione esistente a costruisciearreda.it:443.
Richiesta HTTP inviata, in attesa di risposta... 200 OK
Lunghezza: 11719 (11K) [image/jpeg]
Salvataggio in: ‘costruisciearreda-static/costruisciearreda.it/wp-content/uploads/2024/08/render3copertina-225x300.jpg’

     0K .......... .                                          100%  306M=0s

2026-09-01 15:14:01 (306 MB/s) - ‘costruisciearreda-static/costruisciearreda.it/wp-content/uploads/2024/08/render3copertina-225x300.jpg’ salvato [11719/11719]

--2026-09-01 15:14:01--  https://costruisciearreda.it/wp-content/uploads/2024/08/render3copertina-1152x1536.jpg
Riutilizzo della connessione esistente a costruisciearreda.it:443.
Richiesta HTTP inviata, in attesa di risposta... 200 OK
Lunghezza: 161382 (158K) [image/jpeg]
Salvataggio in: ‘costruisciearreda-static/costruisciearreda.it/wp-content/uploads/2024/08/render3copertina-1152x1536.jpg’

     0K .......... .......... .......... .......... .......... 31% 15,1M 0s
    50K .......... .......... .......... .......... .......... 63%  770M 0s
   100K .......... .......... .......... .......... .......... 95% 2,64M 0s
   150K .......                                               100%  187M=0,02s

2026-09-01 15:14:01 (7,04 MB/s) - ‘costruisciearreda-static/costruisciearreda.it/wp-content/uploads/2024/08/render3copertina-1152x1536.jpg’ salvato [161382/161382]

--2026-09-01 15:14:01--  https://costruisciearreda.it/wp-content/uploads/2024/08/render3copertina.jpg
Riutilizzo della connessione esistente a costruisciearreda.it:443.
Richiesta HTTP inviata, in attesa di risposta... 200 OK
Lunghezza: 1001412 (978K) [image/jpeg]
Salvataggio in: ‘costruisciearreda-static/costruisciearreda.it/wp-content/uploads/2024/08/render3copertina.jpg’

     0K .......... .......... .......... .......... ..........  5% 45,2M 0s
    50K .......... .......... .......... .......... .......... 10% 35,6M 0s
   100K .......... .......... .......... .......... .......... 15% 29,3M 0s
   150K .......... .......... .......... .......... .......... 20% 2,65M 0s
   200K .......... .......... .......... .......... .......... 25% 16,9M 0s
   250K .......... .......... .......... .......... .......... 30% 19,6M 0s
   300K .......... .......... .......... .......... .......... 35%  479M 0s
   350K .......... .......... .......... .......... .......... 40% 3,56M 0s
   400K .......... .......... .......... .......... .......... 46% 9,70M 0s
   450K .......... .......... .......... .......... .......... 51% 25,6M 0s
   500K .......... .......... .......... .......... .......... 56%  770M 0s
   550K .......... .......... .......... .......... .......... 61% 4,01M 0s
   600K .......... .......... .......... .......... .......... 66% 7,82M 0s
   650K .......... .......... .......... .......... .......... 71% 11,6M 0s
   700K .......... .......... .......... .......... .......... 76% 29,0M 0s
   750K .......... .......... .......... .......... .......... 81% 5,97M 0s
   800K .......... .......... .......... .......... .......... 86% 11,2M 0s
   850K .......... .......... .......... .......... .......... 92% 6,00M 0s
   900K .......... .......... .......... .......... .......... 97% 10,4M 0s
   950K .......... .......... .......                         100%  294M=0,1s

2026-09-01 15:14:01 (9,69 MB/s) - ‘costruisciearreda-static/costruisciearreda.it/wp-content/uploads/2024/08/render3copertina.jpg’ salvato [1001412/1001412]

--2026-09-01 15:14:01--  https://costruisciearreda.it/realizzazioni/bar-tabacchi/
Riutilizzo della connessione esistente a costruisciearreda.it:443.
Richiesta HTTP inviata, in attesa di risposta... 200 OK
Lunghezza: non specificato [text/html]
Salvataggio in: ‘costruisciearreda-static/costruisciearreda.it/realizzazioni/bar-tabacchi/index.html’

     0K .......... .......... .......... .......... .......... 2,50M
    50K .......... .........                                   1,15M=0,04s

2026-09-01 15:14:02 (1,88 MB/s) - ‘costruisciearreda-static/costruisciearreda.it/realizzazioni/bar-tabacchi/index.html’ salvato [71323]

--2026-09-01 15:14:02--  https://costruisciearreda.it/wp-content/uploads/2024/08/Render2Anteprima-768x1024.jpg
Riutilizzo della connessione esistente a costruisciearreda.it:443.
Richiesta HTTP inviata, in attesa di risposta... 200 OK
Lunghezza: 125503 (123K) [image/jpeg]
Salvataggio in: ‘costruisciearreda-static/costruisciearreda.it/wp-content/uploads/2024/08/Render2Anteprima-768x1024.jpg’

     0K .......... .......... .......... .......... .......... 40%  566M 0s
    50K .......... .......... .......... .......... .......... 81% 2,61M 0s
   100K .......... .......... ..                              100%  600M=0,02s

2026-09-01 15:14:02 (6,35 MB/s) - ‘costruisciearreda-static/costruisciearreda.it/wp-content/uploads/2024/08/Render2Anteprima-768x1024.jpg’ salvato [125503/125503]

--2026-09-01 15:14:02--  https://costruisciearreda.it/wp-content/uploads/2024/08/Render2Anteprima-225x300.jpg
Riutilizzo della connessione esistente a costruisciearreda.it:443.
Richiesta HTTP inviata, in attesa di risposta... 200 OK
Lunghezza: 16044 (16K) [image/jpeg]
Salvataggio in: ‘costruisciearreda-static/costruisciearreda.it/wp-content/uploads/2024/08/Render2Anteprima-225x300.jpg’

     0K .......... .....                                      100%  249M=0s

2026-09-01 15:14:02 (249 MB/s) - ‘costruisciearreda-static/costruisciearreda.it/wp-content/uploads/2024/08/Render2Anteprima-225x300.jpg’ salvato [16044/16044]

--2026-09-01 15:14:02--  https://costruisciearreda.it/wp-content/uploads/2024/08/Render2Anteprima-1152x1536.jpg
Riutilizzo della connessione esistente a costruisciearreda.it:443.
Richiesta HTTP inviata, in attesa di risposta... 200 OK
Lunghezza: 247111 (241K) [image/jpeg]
Salvataggio in: ‘costruisciearreda-static/costruisciearreda.it/wp-content/uploads/2024/08/Render2Anteprima-1152x1536.jpg’

     0K .......... .......... .......... .......... .......... 20% 5,59M 0s
    50K .......... .......... .......... .......... .......... 41% 48,7M 0s
   100K .......... .......... .......... .......... .......... 62%  654M 0s
   150K .......... .......... .......... .......... .......... 82% 4,45M 0s
   200K .......... .......... .......... .......... .         100% 6,15M=0,03s

2026-09-01 15:14:02 (8,62 MB/s) - ‘costruisciearreda-static/costruisciearreda.it/wp-content/uploads/2024/08/Render2Anteprima-1152x1536.jpg’ salvato [247111/247111]

--2026-09-01 15:14:02--  https://costruisciearreda.it/wp-content/uploads/2024/08/Render2Anteprima.jpg
Riutilizzo della connessione esistente a costruisciearreda.it:443.
Richiesta HTTP inviata, in attesa di risposta... 200 OK
Lunghezza: 1305182 (1,2M) [image/jpeg]
Salvataggio in: ‘costruisciearreda-static/costruisciearreda.it/wp-content/uploads/2024/08/Render2Anteprima.jpg’

     0K .......... .......... .......... .......... ..........  3% 10,8M 0s
    50K .......... .......... .......... .......... ..........  7%  483M 0s
   100K .......... .......... .......... .......... .......... 11% 32,2M 0s
   150K .......... .......... .......... .......... .......... 15% 2,42M 0s
   200K .......... .......... .......... .......... .......... 19% 11,3M 0s
   250K .......... .......... .......... .......... .......... 23%  625M 0s
   300K .......... .......... .......... .......... .......... 27%  825M 0s
   350K .......... .......... .......... .......... .......... 31% 3,08M 0s
   400K .......... .......... .......... .......... .......... 35% 23,0M 0s
   450K .......... .......... .......... .......... .......... 39% 17,7M 0s
   500K .......... .......... .......... .......... .......... 43% 50,2M 0s
   550K .......... .......... .......... .......... .......... 47% 4,23M 0s
   600K .......... .......... .......... .......... .......... 50% 3,85M 0s
   650K .......... .......... .......... .......... .......... 54% 7,16M 0s
   700K .......... .......... .......... .......... .......... 58%  722M 0s
   750K .......... .......... .......... .......... .......... 62% 19,4M 0s
   800K .......... .......... .......... .......... .......... 66% 3,81M 0s
   850K .......... .......... .......... .......... .......... 70% 13,1M 0s
   900K .......... .......... .......... .......... .......... 74% 5,20M 0s
   950K .......... .......... .......... .......... .......... 78%  642M 0s
  1000K .......... .......... .......... .......... .......... 82% 5,03M 0s
  1050K .......... .......... .......... .......... .......... 86% 24,1M 0s
  1100K .......... .......... .......... .......... .......... 90% 5,86M 0s
  1150K .......... .......... .......... .......... .......... 94%  500M 0s
  1200K .......... .......... .......... .......... .......... 98% 3,90M 0s
  1250K .......... .......... ....                            100%  360M=0,1s

2026-09-01 15:14:03 (8,59 MB/s) - ‘costruisciearreda-static/costruisciearreda.it/wp-content/uploads/2024/08/Render2Anteprima.jpg’ salvato [1305182/1305182]

--2026-09-01 15:14:03--  https://costruisciearreda.it/realizzazioni/wood-e-white/
Riutilizzo della connessione esistente a costruisciearreda.it:443.
Richiesta HTTP inviata, in attesa di risposta... 200 OK
Lunghezza: non specificato [text/html]
Salvataggio in: ‘costruisciearreda-static/costruisciearreda.it/realizzazioni/wood-e-white/index.html’

     0K .......... .......... .......... .......... .......... 2,23M
    50K .......... .......                                      646M=0,02s

2026-09-01 15:14:03 (3,01 MB/s) - ‘costruisciearreda-static/costruisciearreda.it/realizzazioni/wood-e-white/index.html’ salvato [69122]

--2026-09-01 15:14:03--  https://costruisciearreda.it/wp-content/uploads/2024/08/anteprima1-768x1024.jpg
Riutilizzo della connessione esistente a costruisciearreda.it:443.
Richiesta HTTP inviata, in attesa di risposta... 200 OK
Lunghezza: 64650 (63K) [image/jpeg]
Salvataggio in: ‘costruisciearreda-static/costruisciearreda.it/wp-content/uploads/2024/08/anteprima1-768x1024.jpg’

     0K .......... .......... .......... .......... .......... 79% 25,2M 0s
    50K .......... ...                                        100%  338M=0,002s

2026-09-01 15:14:03 (31,2 MB/s) - ‘costruisciearreda-static/costruisciearreda.it/wp-content/uploads/2024/08/anteprima1-768x1024.jpg’ salvato [64650/64650]

--2026-09-01 15:14:03--  https://costruisciearreda.it/wp-content/uploads/2024/08/anteprima1-225x300.jpg
Riutilizzo della connessione esistente a costruisciearreda.it:443.
Richiesta HTTP inviata, in attesa di risposta... 200 OK
Lunghezza: 8734 (8,5K) [image/jpeg]
Salvataggio in: ‘costruisciearreda-static/costruisciearreda.it/wp-content/uploads/2024/08/anteprima1-225x300.jpg’

     0K ........                                              100%  190M=0s

2026-09-01 15:14:03 (190 MB/s) - ‘costruisciearreda-static/costruisciearreda.it/wp-content/uploads/2024/08/anteprima1-225x300.jpg’ salvato [8734/8734]

--2026-09-01 15:14:03--  https://costruisciearreda.it/wp-content/uploads/2024/08/anteprima1-1152x1536.jpg
Riutilizzo della connessione esistente a costruisciearreda.it:443.
Richiesta HTTP inviata, in attesa di risposta... 200 OK
Lunghezza: 130226 (127K) [image/jpeg]
Salvataggio in: ‘costruisciearreda-static/costruisciearreda.it/wp-content/uploads/2024/08/anteprima1-1152x1536.jpg’

     0K .......... .......... .......... .......... .......... 39% 19,2M 0s
    50K .......... .......... .......... .......... .......... 78% 42,9M 0s
   100K .......... .......... .......                         100%  587M=0,004s

2026-09-01 15:14:03 (33,3 MB/s) - ‘costruisciearreda-static/costruisciearreda.it/wp-content/uploads/2024/08/anteprima1-1152x1536.jpg’ salvato [130226/130226]

--2026-09-01 15:14:03--  https://costruisciearreda.it/wp-content/uploads/2024/08/anteprima1.jpg
Riutilizzo della connessione esistente a costruisciearreda.it:443.
Richiesta HTTP inviata, in attesa di risposta... 200 OK
Lunghezza: 904194 (883K) [image/jpeg]
Salvataggio in: ‘costruisciearreda-static/costruisciearreda.it/wp-content/uploads/2024/08/anteprima1.jpg’

     0K .......... .......... .......... .......... ..........  5% 29,3M 0s
    50K .......... .......... .......... .......... .......... 11% 27,4M 0s
   100K .......... .......... .......... .......... .......... 16% 2,41M 0s
   150K .......... .......... .......... .......... .......... 22% 14,6M 0s
   200K .......... .......... .......... .......... .......... 28% 30,0M 0s
   250K .......... .......... .......... .......... .......... 33% 22,4M 0s
   300K .......... .......... .......... .......... .......... 39% 4,81M 0s
   350K .......... .......... .......... .......... .......... 45% 6,51M 0s
   400K .......... .......... .......... .......... .......... 50% 11,0M 0s
   450K .......... .......... .......... .......... .......... 56% 66,9M 0s
   500K .......... .......... .......... .......... .......... 62% 9,20M 0s
   550K .......... .......... .......... .......... .......... 67% 5,11M 0s
   600K .......... .......... .......... .......... .......... 73% 15,3M 0s
   650K .......... .......... .......... .......... .......... 79% 21,3M 0s
   700K .......... .......... .......... .......... .......... 84% 10,5M 0s
   750K .......... .......... .......... .......... .......... 90% 5,90M 0s
   800K .......... .......... .......... .......... .......... 96% 17,2M 0s
   850K .......... .......... .......... ...                  100%  413M=0,09s

2026-09-01 15:14:04 (9,60 MB/s) - ‘costruisciearreda-static/costruisciearreda.it/wp-content/uploads/2024/08/anteprima1.jpg’ salvato [904194/904194]

--2026-09-01 15:14:04--  https://costruisciearreda.it/realizzazioni/casa-prima-e-dopo/
Riutilizzo della connessione esistente a costruisciearreda.it:443.
Richiesta HTTP inviata, in attesa di risposta... 200 OK
Lunghezza: non specificato [text/html]
Salvataggio in: ‘costruisciearreda-static/costruisciearreda.it/realizzazioni/casa-prima-e-dopo/index.html’

     0K .......... .......... .......... .......... .......... 39,2M
    50K .......... .......... .                                 527M=0,001s

2026-09-01 15:14:04 (54,6 MB/s) - ‘costruisciearreda-static/costruisciearreda.it/realizzazioni/casa-prima-e-dopo/index.html’ salvato [73648]

--2026-09-01 15:14:04--  https://costruisciearreda.it/wp-content/uploads/2024/08/PrimaDopoAnteprima-768x1024.jpg
Riutilizzo della connessione esistente a costruisciearreda.it:443.
Richiesta HTTP inviata, in attesa di risposta... 200 OK
Lunghezza: 103284 (101K) [image/jpeg]
Salvataggio in: ‘costruisciearreda-static/costruisciearreda.it/wp-content/uploads/2024/08/PrimaDopoAnteprima-768x1024.jpg’

     0K .......... .......... .......... .......... .......... 49% 23,4M 0s
    50K .......... .......... .......... .......... .......... 99%  701M 0s
   100K                                                       100% 1,61T=0,002s

2026-09-01 15:14:04 (45,7 MB/s) - ‘costruisciearreda-static/costruisciearreda.it/wp-content/uploads/2024/08/PrimaDopoAnteprima-768x1024.jpg’ salvato [103284/103284]

--2026-09-01 15:14:04--  https://costruisciearreda.it/wp-content/uploads/2024/08/PrimaDopoAnteprima-225x300.jpg
Riutilizzo della connessione esistente a costruisciearreda.it:443.
Richiesta HTTP inviata, in attesa di risposta... 200 OK
Lunghezza: 13506 (13K) [image/jpeg]
Salvataggio in: ‘costruisciearreda-static/costruisciearreda.it/wp-content/uploads/2024/08/PrimaDopoAnteprima-225x300.jpg’

     0K .......... ...                                        100%  389M=0s

2026-09-01 15:14:04 (389 MB/s) - ‘costruisciearreda-static/costruisciearreda.it/wp-content/uploads/2024/08/PrimaDopoAnteprima-225x300.jpg’ salvato [13506/13506]

--2026-09-01 15:14:04--  https://costruisciearreda.it/wp-content/uploads/2024/08/PrimaDopoAnteprima-1152x1536.jpg
Riutilizzo della connessione esistente a costruisciearreda.it:443.
Richiesta HTTP inviata, in attesa di risposta... 200 OK
Lunghezza: 202802 (198K) [image/jpeg]
Salvataggio in: ‘costruisciearreda-static/costruisciearreda.it/wp-content/uploads/2024/08/PrimaDopoAnteprima-1152x1536.jpg’

     0K .......... .......... .......... .......... .......... 25% 10,7M 0s
    50K .......... .......... .......... .......... .......... 50%  482M 0s
   100K .......... .......... .......... .......... .......... 75%  691M 0s
   150K .......... .......... .......... .......... ........  100%  748M=0,005s

2026-09-01 15:14:04 (40,4 MB/s) - ‘costruisciearreda-static/costruisciearreda.it/wp-content/uploads/2024/08/PrimaDopoAnteprima-1152x1536.jpg’ salvato [202802/202802]

--2026-09-01 15:14:04--  https://costruisciearreda.it/wp-content/uploads/2024/08/PrimaDopoAnteprima.jpg
Riutilizzo della connessione esistente a costruisciearreda.it:443.
Richiesta HTTP inviata, in attesa di risposta... 200 OK
Lunghezza: 529087 (517K) [image/jpeg]
Salvataggio in: ‘costruisciearreda-static/costruisciearreda.it/wp-content/uploads/2024/08/PrimaDopoAnteprima.jpg’

     0K .......... .......... .......... .......... ..........  9% 8,93M 0s
    50K .......... .......... .......... .......... .......... 19%  655M 0s
   100K .......... .......... .......... .......... .......... 29% 22,2M 0s
   150K .......... .......... .......... .......... .......... 38% 5,18M 0s
   200K .......... .......... .......... .......... .......... 48% 2,49M 0s
   250K .......... .......... .......... .......... .......... 58%  181M 0s
   300K .......... .......... .......... .......... .......... 67% 11,8M 0s
   350K .......... .......... .......... .......... .......... 77%  486M 0s
   400K .......... .......... .......... .......... .......... 87% 5,33M 0s
   450K .......... .......... .......... .......... .......... 96% 5,79M 0s
   500K .......... ......                                     100% 48,4M=0,06s

2026-09-01 15:14:04 (8,52 MB/s) - ‘costruisciearreda-static/costruisciearreda.it/wp-content/uploads/2024/08/PrimaDopoAnteprima.jpg’ salvato [529087/529087]

--2026-09-01 15:14:04--  https://costruisciearreda.it/realizzazioni/green-house/
Riutilizzo della connessione esistente a costruisciearreda.it:443.
Richiesta HTTP inviata, in attesa di risposta... 200 OK
Lunghezza: non specificato [text/html]
Salvataggio in: ‘costruisciearreda-static/costruisciearreda.it/realizzazioni/green-house/index.html’

     0K .......... .......... .......... .......... .......... 27,6M
    50K .......... .......... .......... ..                     744M=0,002s

2026-09-01 15:14:04 (44,4 MB/s) - ‘costruisciearreda-static/costruisciearreda.it/realizzazioni/green-house/index.html’ salvato [84286]

--2026-09-01 15:14:04--  https://costruisciearreda.it/wp-content/uploads/2024/08/BAGNO-DOP-REV-03_2_11zon-768x1024.jpg
Riutilizzo della connessione esistente a costruisciearreda.it:443.
Richiesta HTTP inviata, in attesa di risposta... 200 OK
Lunghezza: 120807 (118K) [image/jpeg]
Salvataggio in: ‘costruisciearreda-static/costruisciearreda.it/wp-content/uploads/2024/08/BAGNO-DOP-REV-03_2_11zon-768x1024.jpg’

     0K .......... .......... .......... .......... .......... 42% 27,4M 0s
    50K .......... .......... .......... .......... .......... 84%  546M 0s
   100K .......... .......                                    100%  571M=0,002s

2026-09-01 15:14:04 (60,5 MB/s) - ‘costruisciearreda-static/costruisciearreda.it/wp-content/uploads/2024/08/BAGNO-DOP-REV-03_2_11zon-768x1024.jpg’ salvato [120807/120807]

--2026-09-01 15:14:04--  https://costruisciearreda.it/wp-content/uploads/2024/08/BAGNO-DOP-REV-03_2_11zon-225x300.jpg
Riutilizzo della connessione esistente a costruisciearreda.it:443.
Richiesta HTTP inviata, in attesa di risposta... 200 OK
Lunghezza: 12222 (12K) [image/jpeg]
Salvataggio in: ‘costruisciearreda-static/costruisciearreda.it/wp-content/uploads/2024/08/BAGNO-DOP-REV-03_2_11zon-225x300.jpg’

     0K .......... .                                          100%  355M=0s

2026-09-01 15:14:04 (355 MB/s) - ‘costruisciearreda-static/costruisciearreda.it/wp-content/uploads/2024/08/BAGNO-DOP-REV-03_2_11zon-225x300.jpg’ salvato [12222/12222]

--2026-09-01 15:14:04--  https://costruisciearreda.it/wp-content/uploads/2024/08/BAGNO-DOP-REV-03_2_11zon-1152x1536.jpg
Riutilizzo della connessione esistente a costruisciearreda.it:443.
Richiesta HTTP inviata, in attesa di risposta... 200 OK
Lunghezza: 256542 (251K) [image/jpeg]
Salvataggio in: ‘costruisciearreda-static/costruisciearreda.it/wp-content/uploads/2024/08/BAGNO-DOP-REV-03_2_11zon-1152x1536.jpg’

     0K .......... .......... .......... .......... .......... 19% 17,1M 0s
    50K .......... .......... .......... .......... .......... 39%  495M 0s
   100K .......... .......... .......... .......... .......... 59% 22,0M 0s
   150K .......... .......... .......... .......... .......... 79% 3,56M 0s
   200K .......... .......... .......... .......... .......... 99%  433M 0s
   250K                                                       100% 1010G=0,02s

2026-09-01 15:14:04 (12,9 MB/s) - ‘costruisciearreda-static/costruisciearreda.it/wp-content/uploads/2024/08/BAGNO-DOP-REV-03_2_11zon-1152x1536.jpg’ salvato [256542/256542]

--2026-09-01 15:14:04--  https://costruisciearreda.it/wp-content/uploads/2024/08/BAGNO-DOP-REV-03_2_11zon.jpg
Riutilizzo della connessione esistente a costruisciearreda.it:443.
Richiesta HTTP inviata, in attesa di risposta... 200 OK
Lunghezza: 385238 (376K) [image/jpeg]
Salvataggio in: ‘costruisciearreda-static/costruisciearreda.it/wp-content/uploads/2024/08/BAGNO-DOP-REV-03_2_11zon.jpg’

     0K .......... .......... .......... .......... .......... 13% 18,4M 0s
    50K .......... .......... .......... .......... .......... 26% 12,2M 0s
   100K .......... .......... .......... .......... .......... 39%  707M 0s
   150K .......... .......... .......... .......... .......... 53% 4,70M 0s
   200K .......... .......... .......... .......... .......... 66% 5,42M 0s
   250K .......... .......... .......... .......... .......... 79% 21,3M 0s
   300K .......... .......... .......... .......... .......... 93%  616M 0s
   350K .......... .......... ......                          100% 40,4M=0,03s

2026-09-01 15:14:04 (12,6 MB/s) - ‘costruisciearreda-static/costruisciearreda.it/wp-content/uploads/2024/08/BAGNO-DOP-REV-03_2_11zon.jpg’ salvato [385238/385238]

--2026-09-01 15:14:04--  https://costruisciearreda.it/realizzazioni/home-albe/
Riutilizzo della connessione esistente a costruisciearreda.it:443.
Richiesta HTTP inviata, in attesa di risposta... 200 OK
Lunghezza: non specificato [text/html]
Salvataggio in: ‘costruisciearreda-static/costruisciearreda.it/realizzazioni/home-albe/index.html’

     0K .......... .......... .......... .......... .......... 2,72M
    50K .......... .......... .......... .......... .......... 2,40M
   100K .......... ..                                           477M=0,04s

2026-09-01 15:14:05 (2,87 MB/s) - ‘costruisciearreda-static/costruisciearreda.it/realizzazioni/home-albe/index.html’ salvato [115212]

--2026-09-01 15:14:05--  https://costruisciearreda.it/wp-content/uploads/2024/06/GIARDINO-768x1024.jpeg
Riutilizzo della connessione esistente a costruisciearreda.it:443.
Richiesta HTTP inviata, in attesa di risposta... 200 OK
Lunghezza: 127100 (124K) [image/jpeg]
Salvataggio in: ‘costruisciearreda-static/costruisciearreda.it/wp-content/uploads/2024/06/GIARDINO-768x1024.jpeg’

     0K .......... .......... .......... .......... .......... 40% 35,1M 0s
    50K .......... .......... .......... .......... .......... 80% 2,75M 0s
   100K .......... .......... ....                            100%  265M=0,02s

2026-09-01 15:14:05 (6,30 MB/s) - ‘costruisciearreda-static/costruisciearreda.it/wp-content/uploads/2024/06/GIARDINO-768x1024.jpeg’ salvato [127100/127100]

--2026-09-01 15:14:05--  https://costruisciearreda.it/wp-content/uploads/2024/06/GIARDINO-225x300.jpeg
Riutilizzo della connessione esistente a costruisciearreda.it:443.
Richiesta HTTP inviata, in attesa di risposta... 200 OK
Lunghezza: 12519 (12K) [image/jpeg]
Salvataggio in: ‘costruisciearreda-static/costruisciearreda.it/wp-content/uploads/2024/06/GIARDINO-225x300.jpeg’

     0K .......... ..                                         100%  393M=0s

2026-09-01 15:14:05 (393 MB/s) - ‘costruisciearreda-static/costruisciearreda.it/wp-content/uploads/2024/06/GIARDINO-225x300.jpeg’ salvato [12519/12519]

--2026-09-01 15:14:05--  https://costruisciearreda.it/wp-content/uploads/2024/06/GIARDINO-1152x1536.jpeg
Riutilizzo della connessione esistente a costruisciearreda.it:443.
Richiesta HTTP inviata, in attesa di risposta... 200 OK
Lunghezza: 275626 (269K) [image/jpeg]
Salvataggio in: ‘costruisciearreda-static/costruisciearreda.it/wp-content/uploads/2024/06/GIARDINO-1152x1536.jpeg’

     0K .......... .......... .......... .......... .......... 18% 8,25M 0s
    50K .......... .......... .......... .......... .......... 37% 26,0M 0s
   100K .......... .......... .......... .......... .......... 55% 3,72M 0s
   150K .......... .......... .......... .......... .......... 74% 32,3M 0s
   200K .......... .......... .......... .......... .......... 92% 12,5M 0s
   250K .......... .........                                  100% 43,4M=0,03s

2026-09-01 15:14:05 (9,82 MB/s) - ‘costruisciearreda-static/costruisciearreda.it/wp-content/uploads/2024/06/GIARDINO-1152x1536.jpeg’ salvato [275626/275626]

--2026-09-01 15:14:05--  https://costruisciearreda.it/wp-content/uploads/2024/06/GIARDINO.jpeg
Riutilizzo della connessione esistente a costruisciearreda.it:443.
Richiesta HTTP inviata, in attesa di risposta... 200 OK
Lunghezza: 268044 (262K) [image/jpeg]
Salvataggio in: ‘costruisciearreda-static/costruisciearreda.it/wp-content/uploads/2024/06/GIARDINO.jpeg’

     0K .......... .......... .......... .......... .......... 19% 20,2M 0s
    50K .......... .......... .......... .......... .......... 38% 14,3M 0s
   100K .......... .......... .......... .......... .......... 57%  412M 0s
   150K .......... .......... .......... .......... .......... 76% 2,62M 0s
   200K .......... .......... .......... .......... .......... 95% 27,1M 0s
   250K .......... .                                          100%  784M=0,03s

2026-09-01 15:14:05 (9,68 MB/s) - ‘costruisciearreda-static/costruisciearreda.it/wp-content/uploads/2024/06/GIARDINO.jpeg’ salvato [268044/268044]

--2026-09-01 15:14:05--  https://costruisciearreda.it/cat_realizzazioni/render/feed/
Riutilizzo della connessione esistente a costruisciearreda.it:443.
Richiesta HTTP inviata, in attesa di risposta... 200 OK
Lunghezza: non specificato [application/rss+xml]
Salvataggio in: ‘costruisciearreda-static/costruisciearreda.it/cat_realizzazioni/render/feed/index.html’

     0K ....                                                   1,88G=0s

2026-09-01 15:14:06 (1,88 GB/s) - ‘costruisciearreda-static/costruisciearreda.it/cat_realizzazioni/render/feed/index.html’ salvato [4440]

--2026-09-01 15:14:06--  https://costruisciearreda.it/cat_realizzazioni/prima-dopo/feed/
Riutilizzo della connessione esistente a costruisciearreda.it:443.
Richiesta HTTP inviata, in attesa di risposta... 200 OK
Lunghezza: non specificato [application/rss+xml]
Salvataggio in: ‘costruisciearreda-static/costruisciearreda.it/cat_realizzazioni/prima-dopo/feed/index.html’

     0K ...                                                    1,18G=0s

2026-09-01 15:14:06 (1,18 GB/s) - ‘costruisciearreda-static/costruisciearreda.it/cat_realizzazioni/prima-dopo/feed/index.html’ salvato [3427]

--2026-09-01 15:14:06--  https://costruisciearreda.it/perche-il-rendering-3d-e-essenziale-per-la-ristrutturazione-dei-tuoi-spazi/feed/
Riutilizzo della connessione esistente a costruisciearreda.it:443.
Richiesta HTTP inviata, in attesa di risposta... 200 OK
Lunghezza: non specificato [application/rss+xml]
Salvataggio in: ‘costruisciearreda-static/costruisciearreda.it/perche-il-rendering-3d-e-essenziale-per-la-ristrutturazione-dei-tuoi-spazi/feed/index.html’

     0K                                                         447M=0s

2026-09-01 15:14:07 (447 MB/s) - ‘costruisciearreda-static/costruisciearreda.it/perche-il-rendering-3d-e-essenziale-per-la-ristrutturazione-dei-tuoi-spazi/feed/index.html’ salvato [961]

--2026-09-01 15:14:07--  https://costruisciearreda.it/wp-json/oembed/1.0/embed?url=https%3A%2F%2Fcostruisciearreda.it%2Fperche-il-rendering-3d-e-essenziale-per-la-ristrutturazione-dei-tuoi-spazi%2F
Riutilizzo della connessione esistente a costruisciearreda.it:443.
Richiesta HTTP inviata, in attesa di risposta... 200 OK
Lunghezza: non specificato [application/json]
Salvataggio in: ‘costruisciearreda-static/costruisciearreda.it/wp-json/oembed/1.0/embed?url=https:%2F%2Fcostruisciearreda.it%2Fperche-il-rendering-3d-e-essenziale-per-la-ristrutturazione-dei-tuoi-spazi%2F’

     0K ..                                                     1,69G=0s

Intestazione Last-modified mancante -- marche temporali disattivate.
2026-09-01 15:14:07 (1,69 GB/s) - ‘costruisciearreda-static/costruisciearreda.it/wp-json/oembed/1.0/embed?url=https:%2F%2Fcostruisciearreda.it%2Fperche-il-rendering-3d-e-essenziale-per-la-ristrutturazione-dei-tuoi-spazi%2F’ salvato [2802]

--2026-09-01 15:14:07--  https://costruisciearreda.it/wp-json/oembed/1.0/embed?url=https%3A%2F%2Fcostruisciearreda.it%2Fperche-il-rendering-3d-e-essenziale-per-la-ristrutturazione-dei-tuoi-spazi%2F&format=xml
Riutilizzo della connessione esistente a costruisciearreda.it:443.
Richiesta HTTP inviata, in attesa di risposta... 200 OK
Lunghezza: non specificato [text/xml]
Salvataggio in: ‘costruisciearreda-static/costruisciearreda.it/wp-json/oembed/1.0/embed?url=https:%2F%2Fcostruisciearreda.it%2Fperche-il-rendering-3d-e-essenziale-per-la-ristrutturazione-dei-tuoi-spazi%2F&format=xml’

     0K ..                                                     2,31G=0s

Intestazione Last-modified mancante -- marche temporali disattivate.
2026-09-01 15:14:08 (2,31 GB/s) - ‘costruisciearreda-static/costruisciearreda.it/wp-json/oembed/1.0/embed?url=https:%2F%2Fcostruisciearreda.it%2Fperche-il-rendering-3d-e-essenziale-per-la-ristrutturazione-dei-tuoi-spazi%2F&format=xml’ salvato [3002]

--2026-09-01 15:14:08--  https://costruisciearreda.it/wp-content/cache/wpo-minify/1788241814/assets/wpo-minify-header-e90db9a3.min.css
Riutilizzo della connessione esistente a costruisciearreda.it:443.
Richiesta HTTP inviata, in attesa di risposta... 200 OK
Lunghezza: 721222 (704K) [text/css]
Salvataggio in: ‘costruisciearreda-static/costruisciearreda.it/wp-content/cache/wpo-minify/1788241814/assets/wpo-minify-header-e90db9a3.min.css’

     0K .......... .......... .......... .......... ..........  7% 1,29M 0s
    50K .......... .......... .......... .......... .......... 14% 2,75M 0s
   100K .......... .......... .......... .......... .......... 21% 21,6M 0s
   150K .......... .......... .......... .......... .......... 28% 47,3M 0s
   200K .......... .......... .......... .......... .......... 35% 1,80M 0s
   250K .......... .......... .......... .......... .......... 42% 14,0M 0s
   300K .......... .......... .......... .......... .......... 49%  454M 0s
   350K .......... .......... .......... .......... .......... 56% 3,87M 0s
   400K .......... .......... .......... .......... .......... 63% 6,44M 0s
   450K .......... .......... .......... .......... .......... 70% 14,0M 0s
   500K .......... .......... .......... .......... .......... 78%  612M 0s
   550K .......... .......... .......... .......... .......... 85% 37,5M 0s
   600K .......... .......... .......... .......... .......... 92% 2,48M 0s
   650K .......... .......... .......... .......... .......... 99%  154M 0s
   700K ....                                                  100%  172M=0,1s

2026-09-01 15:14:08 (5,10 MB/s) - ‘costruisciearreda-static/costruisciearreda.it/wp-content/cache/wpo-minify/1788241814/assets/wpo-minify-header-e90db9a3.min.css’ salvato [721222/721222]

--2026-09-01 15:14:08--  https://costruisciearreda.it/wp-json/wp/v2/posts/4615
Riutilizzo della connessione esistente a costruisciearreda.it:443.
Richiesta HTTP inviata, in attesa di risposta... 200 OK
Lunghezza: non specificato [application/json]
Salvataggio in: ‘costruisciearreda-static/costruisciearreda.it/wp-json/wp/v2/posts/4615’

     0K .......... .......... .                                19,5M=0,001s

Intestazione Last-modified mancante -- marche temporali disattivate.
2026-09-01 15:14:08 (19,5 MB/s) - ‘costruisciearreda-static/costruisciearreda.it/wp-json/wp/v2/posts/4615’ salvato [22104]

--2026-09-01 15:14:08--  https://costruisciearreda.it/?p=4615
Riutilizzo della connessione esistente a costruisciearreda.it:443.
Richiesta HTTP inviata, in attesa di risposta... 301 Moved Permanently
Posizione: https://costruisciearreda.it/perche-il-rendering-3d-e-essenziale-per-la-ristrutturazione-dei-tuoi-spazi/ [segue]
--2026-09-01 15:14:09--  https://costruisciearreda.it/perche-il-rendering-3d-e-essenziale-per-la-ristrutturazione-dei-tuoi-spazi/
Riutilizzo della connessione esistente a costruisciearreda.it:443.
Richiesta HTTP inviata, in attesa di risposta... 200 OK
Lunghezza: non specificato [text/html]
Salvataggio in: ‘costruisciearreda-static/costruisciearreda.it/index.html?p=4615.html’

     0K .......... .......... .......... .......... .......... 2,75M
    50K .......... .......... .......... .                     11,9M=0,02s

2026-09-01 15:14:09 (3,92 MB/s) - ‘costruisciearreda-static/costruisciearreda.it/index.html?p=4615.html’ salvato [83367]

--2026-09-01 15:14:09--  https://costruisciearreda.it/author/admin/
Riutilizzo della connessione esistente a costruisciearreda.it:443.
Richiesta HTTP inviata, in attesa di risposta... 200 OK
Lunghezza: non specificato [text/html]
Salvataggio in: ‘costruisciearreda-static/costruisciearreda.it/author/admin/index.html’

     0K .......... .......... .......... .......... .......... 2,24M
    50K ........                                                197M=0,02s

2026-09-01 15:14:09 (2,62 MB/s) - ‘costruisciearreda-static/costruisciearreda.it/author/admin/index.html’ salvato [60044]

--2026-09-01 15:14:09--  https://costruisciearreda.it/5-errori-da-evitare-nella-scelta-dei-materiali-per-ledilizia/feed/
Riutilizzo della connessione esistente a costruisciearreda.it:443.
Richiesta HTTP inviata, in attesa di risposta... 200 OK
Lunghezza: non specificato [application/rss+xml]
Salvataggio in: ‘costruisciearreda-static/costruisciearreda.it/5-errori-da-evitare-nella-scelta-dei-materiali-per-ledilizia/feed/index.html’

     0K                                                         573M=0s

2026-09-01 15:14:10 (573 MB/s) - ‘costruisciearreda-static/costruisciearreda.it/5-errori-da-evitare-nella-scelta-dei-materiali-per-ledilizia/feed/index.html’ salvato [920]

--2026-09-01 15:14:10--  https://costruisciearreda.it/wp-json/oembed/1.0/embed?url=https%3A%2F%2Fcostruisciearreda.it%2F5-errori-da-evitare-nella-scelta-dei-materiali-per-ledilizia%2F
Riutilizzo della connessione esistente a costruisciearreda.it:443.
Richiesta HTTP inviata, in attesa di risposta... 200 OK
Lunghezza: non specificato [application/json]
Salvataggio in: ‘costruisciearreda-static/costruisciearreda.it/wp-json/oembed/1.0/embed?url=https:%2F%2Fcostruisciearreda.it%2F5-errori-da-evitare-nella-scelta-dei-materiali-per-ledilizia%2F’

     0K ..                                                     1,88G=0s

Intestazione Last-modified mancante -- marche temporali disattivate.
2026-09-01 15:14:10 (1,88 GB/s) - ‘costruisciearreda-static/costruisciearreda.it/wp-json/oembed/1.0/embed?url=https:%2F%2Fcostruisciearreda.it%2F5-errori-da-evitare-nella-scelta-dei-materiali-per-ledilizia%2F’ salvato [2750]

--2026-09-01 15:14:10--  https://costruisciearreda.it/wp-json/oembed/1.0/embed?url=https%3A%2F%2Fcostruisciearreda.it%2F5-errori-da-evitare-nella-scelta-dei-materiali-per-ledilizia%2F&format=xml
Riutilizzo della connessione esistente a costruisciearreda.it:443.
Richiesta HTTP inviata, in attesa di risposta... 200 OK
Lunghezza: non specificato [text/xml]
Salvataggio in: ‘costruisciearreda-static/costruisciearreda.it/wp-json/oembed/1.0/embed?url=https:%2F%2Fcostruisciearreda.it%2F5-errori-da-evitare-nella-scelta-dei-materiali-per-ledilizia%2F&format=xml’

     0K ..                                                     2,16G=0s

Intestazione Last-modified mancante -- marche temporali disattivate.
2026-09-01 15:14:11 (2,16 GB/s) - ‘costruisciearreda-static/costruisciearreda.it/wp-json/oembed/1.0/embed?url=https:%2F%2Fcostruisciearreda.it%2F5-errori-da-evitare-nella-scelta-dei-materiali-per-ledilizia%2F&format=xml’ salvato [2956]

--2026-09-01 15:14:11--  https://costruisciearreda.it/wp-json/wp/v2/posts/4618
Riutilizzo della connessione esistente a costruisciearreda.it:443.
Richiesta HTTP inviata, in attesa di risposta... 200 OK
Lunghezza: non specificato [application/json]
Salvataggio in: ‘costruisciearreda-static/costruisciearreda.it/wp-json/wp/v2/posts/4618’

     0K .......... ..........                                  1,20M=0,02s

Intestazione Last-modified mancante -- marche temporali disattivate.
2026-09-01 15:14:11 (1,20 MB/s) - ‘costruisciearreda-static/costruisciearreda.it/wp-json/wp/v2/posts/4618’ salvato [21284]

--2026-09-01 15:14:11--  https://costruisciearreda.it/?p=4618
Riutilizzo della connessione esistente a costruisciearreda.it:443.
Richiesta HTTP inviata, in attesa di risposta... 301 Moved Permanently
Posizione: https://costruisciearreda.it/5-errori-da-evitare-nella-scelta-dei-materiali-per-ledilizia/ [segue]
--2026-09-01 15:14:11--  https://costruisciearreda.it/5-errori-da-evitare-nella-scelta-dei-materiali-per-ledilizia/
Riutilizzo della connessione esistente a costruisciearreda.it:443.
Richiesta HTTP inviata, in attesa di risposta... 200 OK
Lunghezza: non specificato [text/html]
Salvataggio in: ‘costruisciearreda-static/costruisciearreda.it/index.html?p=4618.html’

     0K .......... .......... .......... .......... .......... 1,32M
    50K .......... .......... ..........                       7,38M=0,04s

2026-09-01 15:14:12 (1,92 MB/s) - ‘costruisciearreda-static/costruisciearreda.it/index.html?p=4618.html’ salvato [82350]

--2026-09-01 15:14:12--  https://costruisciearreda.it/mobili-bagno-quale-scegliere-per-uno-spazio-funzionale-e-di-design/feed/
Riutilizzo della connessione esistente a costruisciearreda.it:443.
Richiesta HTTP inviata, in attesa di risposta... 200 OK
Lunghezza: non specificato [application/rss+xml]
Salvataggio in: ‘costruisciearreda-static/costruisciearreda.it/mobili-bagno-quale-scegliere-per-uno-spazio-funzionale-e-di-design/feed/index.html’

     0K                                                         630M=0s

2026-09-01 15:14:12 (630 MB/s) - ‘costruisciearreda-static/costruisciearreda.it/mobili-bagno-quale-scegliere-per-uno-spazio-funzionale-e-di-design/feed/index.html’ salvato [936]

--2026-09-01 15:14:12--  https://costruisciearreda.it/wp-json/oembed/1.0/embed?url=https%3A%2F%2Fcostruisciearreda.it%2Fmobili-bagno-quale-scegliere-per-uno-spazio-funzionale-e-di-design%2F
Riutilizzo della connessione esistente a costruisciearreda.it:443.
Richiesta HTTP inviata, in attesa di risposta... 200 OK
Lunghezza: non specificato [application/json]
Salvataggio in: ‘costruisciearreda-static/costruisciearreda.it/wp-json/oembed/1.0/embed?url=https:%2F%2Fcostruisciearreda.it%2Fmobili-bagno-quale-scegliere-per-uno-spazio-funzionale-e-di-design%2F’

     0K ..                                                     1,26G=0s

Intestazione Last-modified mancante -- marche temporali disattivate.
2026-09-01 15:14:12 (1,26 GB/s) - ‘costruisciearreda-static/costruisciearreda.it/wp-json/oembed/1.0/embed?url=https:%2F%2Fcostruisciearreda.it%2Fmobili-bagno-quale-scegliere-per-uno-spazio-funzionale-e-di-design%2F’ salvato [2770]

--2026-09-01 15:14:12--  https://costruisciearreda.it/wp-json/oembed/1.0/embed?url=https%3A%2F%2Fcostruisciearreda.it%2Fmobili-bagno-quale-scegliere-per-uno-spazio-funzionale-e-di-design%2F&format=xml
Riutilizzo della connessione esistente a costruisciearreda.it:443.
Richiesta HTTP inviata, in attesa di risposta... 200 OK
Lunghezza: non specificato [text/xml]
Salvataggio in: ‘costruisciearreda-static/costruisciearreda.it/wp-json/oembed/1.0/embed?url=https:%2F%2Fcostruisciearreda.it%2Fmobili-bagno-quale-scegliere-per-uno-spazio-funzionale-e-di-design%2F&format=xml’

     0K ..                                                     2,01G=0s

Intestazione Last-modified mancante -- marche temporali disattivate.
2026-09-01 15:14:13 (2,01 GB/s) - ‘costruisciearreda-static/costruisciearreda.it/wp-json/oembed/1.0/embed?url=https:%2F%2Fcostruisciearreda.it%2Fmobili-bagno-quale-scegliere-per-uno-spazio-funzionale-e-di-design%2F&format=xml’ salvato [2970]

--2026-09-01 15:14:13--  https://costruisciearreda.it/wp-json/wp/v2/posts/4599
Riutilizzo della connessione esistente a costruisciearreda.it:443.
Richiesta HTTP inviata, in attesa di risposta... 200 OK
Lunghezza: non specificato [application/json]
Salvataggio in: ‘costruisciearreda-static/costruisciearreda.it/wp-json/wp/v2/posts/4599’

     0K .......... .......... .                                1,23M=0,02s

Intestazione Last-modified mancante -- marche temporali disattivate.
2026-09-01 15:14:13 (1,23 MB/s) - ‘costruisciearreda-static/costruisciearreda.it/wp-json/wp/v2/posts/4599’ salvato [21987]

--2026-09-01 15:14:13--  https://costruisciearreda.it/?p=4599
Riutilizzo della connessione esistente a costruisciearreda.it:443.
Richiesta HTTP inviata, in attesa di risposta... 301 Moved Permanently
Posizione: https://costruisciearreda.it/mobili-bagno-quale-scegliere-per-uno-spazio-funzionale-e-di-design/ [segue]
--2026-09-01 15:14:14--  https://costruisciearreda.it/mobili-bagno-quale-scegliere-per-uno-spazio-funzionale-e-di-design/
Riutilizzo della connessione esistente a costruisciearreda.it:443.
Richiesta HTTP inviata, in attesa di risposta... 200 OK
Lunghezza: non specificato [text/html]
Salvataggio in: ‘costruisciearreda-static/costruisciearreda.it/index.html?p=4599.html’

     0K .......... .......... .......... .......... .......... 1,41M
    50K .......... .......... .......... .                     18,6M=0,04s

2026-09-01 15:14:14 (2,19 MB/s) - ‘costruisciearreda-static/costruisciearreda.it/index.html?p=4599.html’ salvato [83102]

--2026-09-01 15:14:14--  https://costruisciearreda.it/wp-json/oembed/1.0/embed?url=https%3A%2F%2Fcostruisciearreda.it%2Fprivacy-policy%2F
Riutilizzo della connessione esistente a costruisciearreda.it:443.
Richiesta HTTP inviata, in attesa di risposta... 200 OK
Lunghezza: non specificato [application/json]
Salvataggio in: ‘costruisciearreda-static/costruisciearreda.it/wp-json/oembed/1.0/embed?url=https:%2F%2Fcostruisciearreda.it%2Fprivacy-policy%2F’

     0K ..                                                     1,45G=0s

Intestazione Last-modified mancante -- marche temporali disattivate.
2026-09-01 15:14:14 (1,45 GB/s) - ‘costruisciearreda-static/costruisciearreda.it/wp-json/oembed/1.0/embed?url=https:%2F%2Fcostruisciearreda.it%2Fprivacy-policy%2F’ salvato [2275]

--2026-09-01 15:14:14--  https://costruisciearreda.it/wp-json/oembed/1.0/embed?url=https%3A%2F%2Fcostruisciearreda.it%2Fprivacy-policy%2F&format=xml
Riutilizzo della connessione esistente a costruisciearreda.it:443.
Richiesta HTTP inviata, in attesa di risposta... 200 OK
Lunghezza: non specificato [text/xml]
Salvataggio in: ‘costruisciearreda-static/costruisciearreda.it/wp-json/oembed/1.0/embed?url=https:%2F%2Fcostruisciearreda.it%2Fprivacy-policy%2F&format=xml’

     0K ..                                                     1,63G=0s

Intestazione Last-modified mancante -- marche temporali disattivate.
2026-09-01 15:14:14 (1,63 GB/s) - ‘costruisciearreda-static/costruisciearreda.it/wp-json/oembed/1.0/embed?url=https:%2F%2Fcostruisciearreda.it%2Fprivacy-policy%2F&format=xml’ salvato [2437]

--2026-09-01 15:14:14--  https://costruisciearreda.it/wp-content/cache/wpo-minify/1788241814/assets/wpo-minify-header-123d6b9a.min.css
Riutilizzo della connessione esistente a costruisciearreda.it:443.
Richiesta HTTP inviata, in attesa di risposta... 200 OK
Lunghezza: 639919 (625K) [text/css]
Salvataggio in: ‘costruisciearreda-static/costruisciearreda.it/wp-content/cache/wpo-minify/1788241814/assets/wpo-minify-header-123d6b9a.min.css’

     0K .......... .......... .......... .......... ..........  8% 2,25M 0s
    50K .......... .......... .......... .......... .......... 16% 2,65M 0s
   100K .......... .......... .......... .......... .......... 24% 2,86M 0s
   150K .......... .......... .......... .......... .......... 32% 20,2M 0s
   200K .......... .......... .......... .......... .......... 40% 11,2M 0s
   250K .......... .......... .......... .......... .......... 48% 4,11M 0s
   300K .......... .......... .......... .......... .......... 56%  166M 0s
   350K .......... .......... .......... .......... .......... 64% 7,93M 0s
   400K .......... .......... .......... .......... .......... 72% 68,4M 0s
   450K .......... .......... .......... .......... .......... 80% 3,67M 0s
   500K .......... .......... .......... .......... .......... 88% 34,8M 0s
   550K .......... .......... .......... .......... .......... 96% 10,1M 0s
   600K .......... .......... ....                            100%  340M=0,1s

2026-09-01 15:14:15 (5,95 MB/s) - ‘costruisciearreda-static/costruisciearreda.it/wp-content/cache/wpo-minify/1788241814/assets/wpo-minify-header-123d6b9a.min.css’ salvato [639919/639919]

--2026-09-01 15:14:15--  https://costruisciearreda.it/wp-json/wp/v2/pages/4333
Riutilizzo della connessione esistente a costruisciearreda.it:443.
Richiesta HTTP inviata, in attesa di risposta... 200 OK
Lunghezza: non specificato [application/json]
Salvataggio in: ‘costruisciearreda-static/costruisciearreda.it/wp-json/wp/v2/pages/4333’

     0K .......                                                 251M=0s

Intestazione Last-modified mancante -- marche temporali disattivate.
2026-09-01 15:14:15 (251 MB/s) - ‘costruisciearreda-static/costruisciearreda.it/wp-json/wp/v2/pages/4333’ salvato [7788]

--2026-09-01 15:14:15--  https://costruisciearreda.it/?p=4333
Connessione a costruisciearreda.it (costruisciearreda.it)|89.40.173.77|:443... connesso.
Richiesta HTTP inviata, in attesa di risposta... 301 Moved Permanently
Posizione: https://costruisciearreda.it/privacy-policy/ [segue]
--2026-09-01 15:14:15--  https://costruisciearreda.it/privacy-policy/
Riutilizzo della connessione esistente a costruisciearreda.it:443.
Richiesta HTTP inviata, in attesa di risposta... 200 OK
Lunghezza: non specificato [text/html]
Salvataggio in: ‘costruisciearreda-static/costruisciearreda.it/index.html?p=4333.html’

     0K .......... .......... .......... .......... .......... 1,22M
    50K .......... .                                           1,79M=0,05s

2026-09-01 15:14:16 (1,29 MB/s) - ‘costruisciearreda-static/costruisciearreda.it/index.html?p=4333.html’ salvato [62626]

--2026-09-01 15:14:16--  https://costruisciearreda.it/wp-json/oembed/1.0/embed?url=https%3A%2F%2Fcostruisciearreda.it%2Fcookie-policy%2F
Riutilizzo della connessione esistente a costruisciearreda.it:443.
Richiesta HTTP inviata, in attesa di risposta... 200 OK
Lunghezza: non specificato [application/json]
Salvataggio in: ‘costruisciearreda-static/costruisciearreda.it/wp-json/oembed/1.0/embed?url=https:%2F%2Fcostruisciearreda.it%2Fcookie-policy%2F’

     0K ..                                                     1,07G=0s

Intestazione Last-modified mancante -- marche temporali disattivate.
2026-09-01 15:14:16 (1,07 GB/s) - ‘costruisciearreda-static/costruisciearreda.it/wp-json/oembed/1.0/embed?url=https:%2F%2Fcostruisciearreda.it%2Fcookie-policy%2F’ salvato [2269]

--2026-09-01 15:14:16--  https://costruisciearreda.it/wp-json/oembed/1.0/embed?url=https%3A%2F%2Fcostruisciearreda.it%2Fcookie-policy%2F&format=xml
Riutilizzo della connessione esistente a costruisciearreda.it:443.
Richiesta HTTP inviata, in attesa di risposta... 200 OK
Lunghezza: non specificato [text/xml]
Salvataggio in: ‘costruisciearreda-static/costruisciearreda.it/wp-json/oembed/1.0/embed?url=https:%2F%2Fcostruisciearreda.it%2Fcookie-policy%2F&format=xml’

     0K ..                                                     1,15G=0s

Intestazione Last-modified mancante -- marche temporali disattivate.
2026-09-01 15:14:16 (1,15 GB/s) - ‘costruisciearreda-static/costruisciearreda.it/wp-json/oembed/1.0/embed?url=https:%2F%2Fcostruisciearreda.it%2Fcookie-policy%2F&format=xml’ salvato [2431]

--2026-09-01 15:14:16--  https://costruisciearreda.it/wp-content/cache/wpo-minify/1788241814/assets/wpo-minify-header-14066b9f.min.css
Riutilizzo della connessione esistente a costruisciearreda.it:443.
Richiesta HTTP inviata, in attesa di risposta... 200 OK
Lunghezza: 639919 (625K) [text/css]
Salvataggio in: ‘costruisciearreda-static/costruisciearreda.it/wp-content/cache/wpo-minify/1788241814/assets/wpo-minify-header-14066b9f.min.css’

     0K .......... .......... .......... .......... ..........  8% 1,16M 0s
    50K .......... .......... .......... .......... .......... 16% 1,91M 0s
   100K .......... .......... .......... .......... .......... 24% 17,6M 0s
   150K .......... .......... .......... .......... .......... 32% 3,03M 0s
   200K .......... .......... .......... .......... .......... 40% 2,65M 0s
   250K .......... .......... .......... .......... .......... 48% 22,1M 0s
   300K .......... .......... .......... .......... .......... 56% 27,0M 0s
   350K .......... .......... .......... .......... .......... 64% 3,52M 0s
   400K .......... .......... .......... .......... .......... 72% 5,96M 0s
   450K .......... .......... .......... .......... .......... 80% 13,4M 0s
   500K .......... .......... .......... .......... .......... 88% 6,60M 0s
   550K .......... .......... .......... .......... .......... 96% 13,0M 0s
   600K .......... .......... ....                            100% 88,1M=0,1s

2026-09-01 15:14:16 (4,18 MB/s) - ‘costruisciearreda-static/costruisciearreda.it/wp-content/cache/wpo-minify/1788241814/assets/wpo-minify-header-14066b9f.min.css’ salvato [639919/639919]

--2026-09-01 15:14:16--  https://costruisciearreda.it/wp-json/wp/v2/pages/4335
Riutilizzo della connessione esistente a costruisciearreda.it:443.
Richiesta HTTP inviata, in attesa di risposta... 200 OK
Lunghezza: non specificato [application/json]
Salvataggio in: ‘costruisciearreda-static/costruisciearreda.it/wp-json/wp/v2/pages/4335’

     0K .......                                                 185M=0s

Intestazione Last-modified mancante -- marche temporali disattivate.
2026-09-01 15:14:17 (185 MB/s) - ‘costruisciearreda-static/costruisciearreda.it/wp-json/wp/v2/pages/4335’ salvato [7772]

--2026-09-01 15:14:17--  https://costruisciearreda.it/?p=4335
Riutilizzo della connessione esistente a costruisciearreda.it:443.
Richiesta HTTP inviata, in attesa di risposta... 301 Moved Permanently
Posizione: https://costruisciearreda.it/cookie-policy/ [segue]
--2026-09-01 15:14:17--  https://costruisciearreda.it/cookie-policy/
Riutilizzo della connessione esistente a costruisciearreda.it:443.
Richiesta HTTP inviata, in attesa di risposta... 200 OK
Lunghezza: non specificato [text/html]
Salvataggio in: ‘costruisciearreda-static/costruisciearreda.it/index.html?p=4335.html’

     0K .......... .......... .......... .......... .......... 37,3M
    50K .......... .                                            764M=0,001s

2026-09-01 15:14:17 (45,1 MB/s) - ‘costruisciearreda-static/costruisciearreda.it/index.html?p=4335.html’ salvato [62612]

--2026-09-01 15:14:17--  https://costruisciearreda.it/wp-content/uploads/2024/06/Raggruppa-1707.jpg
Riutilizzo della connessione esistente a costruisciearreda.it:443.
Richiesta HTTP inviata, in attesa di risposta... 200 OK
Lunghezza: 23426 (23K) [image/jpeg]
Salvataggio in: ‘costruisciearreda-static/costruisciearreda.it/wp-content/uploads/2024/06/Raggruppa-1707.jpg’

     0K .......... .......... ..                              100%  330M=0s

2026-09-01 15:14:17 (330 MB/s) - ‘costruisciearreda-static/costruisciearreda.it/wp-content/uploads/2024/06/Raggruppa-1707.jpg’ salvato [23426/23426]

--2026-09-01 15:14:17--  https://costruisciearreda.it/wp-content/uploads/2024/06/Raggruppa-1709.jpg
Riutilizzo della connessione esistente a costruisciearreda.it:443.
Richiesta HTTP inviata, in attesa di risposta... 200 OK
Lunghezza: 235978 (230K) [image/jpeg]
Salvataggio in: ‘costruisciearreda-static/costruisciearreda.it/wp-content/uploads/2024/06/Raggruppa-1709.jpg’

     0K .......... .......... .......... .......... .......... 21% 24,2M 0s
    50K .......... .......... .......... .......... .......... 43% 31,4M 0s
   100K .......... .......... .......... .......... .......... 65% 2,30M 0s
   150K .......... .......... .......... .......... .......... 86% 62,7M 0s
   200K .......... .......... ..........                      100%  740M=0,03s

2026-09-01 15:14:18 (8,77 MB/s) - ‘costruisciearreda-static/costruisciearreda.it/wp-content/uploads/2024/06/Raggruppa-1709.jpg’ salvato [235978/235978]

--2026-09-01 15:14:18--  https://costruisciearreda.it/wp-content/uploads/2024/06/Servizi111-scaled.jpg
Riutilizzo della connessione esistente a costruisciearreda.it:443.
Richiesta HTTP inviata, in attesa di risposta... 200 OK
Lunghezza: 50461 (49K) [image/jpeg]
Salvataggio in: ‘costruisciearreda-static/costruisciearreda.it/wp-content/uploads/2024/06/Servizi111-scaled.jpg’

     0K .......... .......... .......... .......... ......... 100% 50,1M=0,001s

2026-09-01 15:14:18 (50,1 MB/s) - ‘costruisciearreda-static/costruisciearreda.it/wp-content/uploads/2024/06/Servizi111-scaled.jpg’ salvato [50461/50461]

--2026-09-01 15:14:18--  https://costruisciearreda.it/wp-json/oembed/1.0/embed?url=https%3A%2F%2Fcostruisciearreda.it%2Fstore%2Fvia-martiri-della-liberta-nola-na%2F
Riutilizzo della connessione esistente a costruisciearreda.it:443.
Richiesta HTTP inviata, in attesa di risposta... 200 OK
Lunghezza: non specificato [application/json]
Salvataggio in: ‘costruisciearreda-static/costruisciearreda.it/wp-json/oembed/1.0/embed?url=https:%2F%2Fcostruisciearreda.it%2Fstore%2Fvia-martiri-della-liberta-nola-na%2F’

     0K ..                                                     1,89G=0s

Intestazione Last-modified mancante -- marche temporali disattivate.
2026-09-01 15:14:18 (1,89 GB/s) - ‘costruisciearreda-static/costruisciearreda.it/wp-json/oembed/1.0/embed?url=https:%2F%2Fcostruisciearreda.it%2Fstore%2Fvia-martiri-della-liberta-nola-na%2F’ salvato [2708]

--2026-09-01 15:14:18--  https://costruisciearreda.it/wp-json/oembed/1.0/embed?url=https%3A%2F%2Fcostruisciearreda.it%2Fstore%2Fvia-martiri-della-liberta-nola-na%2F&format=xml
Riutilizzo della connessione esistente a costruisciearreda.it:443.
Richiesta HTTP inviata, in attesa di risposta... 200 OK
Lunghezza: non specificato [text/xml]
Salvataggio in: ‘costruisciearreda-static/costruisciearreda.it/wp-json/oembed/1.0/embed?url=https:%2F%2Fcostruisciearreda.it%2Fstore%2Fvia-martiri-della-liberta-nola-na%2F&format=xml’

     0K ..                                                     1,81G=0s

Intestazione Last-modified mancante -- marche temporali disattivate.
2026-09-01 15:14:18 (1,81 GB/s) - ‘costruisciearreda-static/costruisciearreda.it/wp-json/oembed/1.0/embed?url=https:%2F%2Fcostruisciearreda.it%2Fstore%2Fvia-martiri-della-liberta-nola-na%2F&format=xml’ salvato [2874]

--2026-09-01 15:14:18--  https://costruisciearreda.it/wp-content/cache/wpo-minify/1788241814/assets/wpo-minify-header-871cb394.min.css
Riutilizzo della connessione esistente a costruisciearreda.it:443.
Richiesta HTTP inviata, in attesa di risposta... 200 OK
Lunghezza: 718661 (702K) [text/css]
Salvataggio in: ‘costruisciearreda-static/costruisciearreda.it/wp-content/cache/wpo-minify/1788241814/assets/wpo-minify-header-871cb394.min.css’

     0K .......... .......... .......... .......... ..........  7% 14,9M 0s
    50K .......... .......... .......... .......... .......... 14% 2,96M 0s
   100K .......... .......... .......... .......... .......... 21% 4,67M 0s
   150K .......... .......... .......... .......... .......... 28%  755M 0s
   200K .......... .......... .......... .......... .......... 35% 5,59M 0s
   250K .......... .......... .......... .......... .......... 42% 19,1M 0s
   300K .......... .......... .......... .......... .......... 49%  769M 0s
   350K .......... .......... .......... .......... .......... 56% 5,69M 0s
   400K .......... .......... .......... .......... .......... 64% 42,0M 0s
   450K .......... .......... .......... .......... .......... 71% 34,0M 0s
   500K .......... .......... .......... .......... .......... 78% 6,83M 0s
   550K .......... .......... .......... .......... .......... 85% 8,38M 0s
   600K .......... .......... .......... .......... .......... 92%  639M 0s
   650K .......... .......... .......... .......... .......... 99% 10,3M 0s
   700K .                                                     100% 3,39T=0,07s

2026-09-01 15:14:19 (9,71 MB/s) - ‘costruisciearreda-static/costruisciearreda.it/wp-content/cache/wpo-minify/1788241814/assets/wpo-minify-header-871cb394.min.css’ salvato [718661/718661]

--2026-09-01 15:14:19--  https://costruisciearreda.it/?p=3317
Riutilizzo della connessione esistente a costruisciearreda.it:443.
Richiesta HTTP inviata, in attesa di risposta... 301 Moved Permanently
Posizione: https://costruisciearreda.it/store/via-martiri-della-liberta-nola-na/ [segue]
--2026-09-01 15:14:19--  https://costruisciearreda.it/store/via-martiri-della-liberta-nola-na/
Riutilizzo della connessione esistente a costruisciearreda.it:443.
Richiesta HTTP inviata, in attesa di risposta... 200 OK
Lunghezza: non specificato [text/html]
Salvataggio in: ‘costruisciearreda-static/costruisciearreda.it/index.html?p=3317.html’

     0K .......... .......... .......... .......... .......... 16,2M
    50K .......... .......... .......... .......... ..........  500M
   100K .......... .......... .........                        38,3M=0,004s

2026-09-01 15:14:19 (32,8 MB/s) - ‘costruisciearreda-static/costruisciearreda.it/index.html?p=3317.html’ salvato [132783]

--2026-09-01 15:14:19--  https://costruisciearreda.it/wp-content/plugins/elementor/assets/lib/e-gallery/js/e-gallery.min.js?ver=1.2.0
Riutilizzo della connessione esistente a costruisciearreda.it:443.
Richiesta HTTP inviata, in attesa di risposta... 200 OK
Lunghezza: 15347 (15K) [application/javascript]
Salvataggio in: ‘costruisciearreda-static/costruisciearreda.it/wp-content/plugins/elementor/assets/lib/e-gallery/js/e-gallery.min.js?ver=1.2.0’

     0K .......... ....                                       100%  601M=0s

2026-09-01 15:14:19 (601 MB/s) - ‘costruisciearreda-static/costruisciearreda.it/wp-content/plugins/elementor/assets/lib/e-gallery/js/e-gallery.min.js?ver=1.2.0’ salvato [15347/15347]

--2026-09-01 15:14:19--  https://costruisciearreda.it/wp-json/oembed/1.0/embed?url=https%3A%2F%2Fcostruisciearreda.it%2Fstore%2Fvia-san-massimo-na%2F
Riutilizzo della connessione esistente a costruisciearreda.it:443.
Richiesta HTTP inviata, in attesa di risposta... 200 OK
Lunghezza: non specificato [application/json]
Salvataggio in: ‘costruisciearreda-static/costruisciearreda.it/wp-json/oembed/1.0/embed?url=https:%2F%2Fcostruisciearreda.it%2Fstore%2Fvia-san-massimo-na%2F’

     0K ..                                                     1,49G=0s

Intestazione Last-modified mancante -- marche temporali disattivate.
2026-09-01 15:14:19 (1,49 GB/s) - ‘costruisciearreda-static/costruisciearreda.it/wp-json/oembed/1.0/embed?url=https:%2F%2Fcostruisciearreda.it%2Fstore%2Fvia-san-massimo-na%2F’ salvato [2651]

--2026-09-01 15:14:19--  https://costruisciearreda.it/wp-json/oembed/1.0/embed?url=https%3A%2F%2Fcostruisciearreda.it%2Fstore%2Fvia-san-massimo-na%2F&format=xml
Riutilizzo della connessione esistente a costruisciearreda.it:443.
Richiesta HTTP inviata, in attesa di risposta... 200 OK
Lunghezza: non specificato [text/xml]
Salvataggio in: ‘costruisciearreda-static/costruisciearreda.it/wp-json/oembed/1.0/embed?url=https:%2F%2Fcostruisciearreda.it%2Fstore%2Fvia-san-massimo-na%2F&format=xml’

     0K ..                                                     1,47G=0s

Intestazione Last-modified mancante -- marche temporali disattivate.
2026-09-01 15:14:20 (1,47 GB/s) - ‘costruisciearreda-static/costruisciearreda.it/wp-json/oembed/1.0/embed?url=https:%2F%2Fcostruisciearreda.it%2Fstore%2Fvia-san-massimo-na%2F&format=xml’ salvato [2817]

--2026-09-01 15:14:20--  https://costruisciearreda.it/?p=1214
Riutilizzo della connessione esistente a costruisciearreda.it:443.
Richiesta HTTP inviata, in attesa di risposta... 301 Moved Permanently
Posizione: https://costruisciearreda.it/store/via-san-massimo-na/ [segue]
--2026-09-01 15:14:20--  https://costruisciearreda.it/store/via-san-massimo-na/
Riutilizzo della connessione esistente a costruisciearreda.it:443.
Richiesta HTTP inviata, in attesa di risposta... 200 OK
Lunghezza: non specificato [text/html]
Salvataggio in: ‘costruisciearreda-static/costruisciearreda.it/index.html?p=1214.html’

     0K .......... .......... .......... .......... .......... 2,48M
    50K .......... .......... .......... .......... .......... 2,88M
   100K .......... .......... .......... .......... ......     7,17M=0,04s

2026-09-01 15:14:20 (3,33 MB/s) - ‘costruisciearreda-static/costruisciearreda.it/index.html?p=1214.html’ salvato [150011]

--2026-09-01 15:14:20--  https://costruisciearreda.it/wp-json/oembed/1.0/embed?url=https%3A%2F%2Fcostruisciearreda.it%2Fstore%2Fvia-martiri-della-liberta-na%2F
Riutilizzo della connessione esistente a costruisciearreda.it:443.
Richiesta HTTP inviata, in attesa di risposta... 200 OK
Lunghezza: non specificato [application/json]
Salvataggio in: ‘costruisciearreda-static/costruisciearreda.it/wp-json/oembed/1.0/embed?url=https:%2F%2Fcostruisciearreda.it%2Fstore%2Fvia-martiri-della-liberta-na%2F’

     0K ..                                                     1,67G=0s

Intestazione Last-modified mancante -- marche temporali disattivate.
2026-09-01 15:14:21 (1,67 GB/s) - ‘costruisciearreda-static/costruisciearreda.it/wp-json/oembed/1.0/embed?url=https:%2F%2Fcostruisciearreda.it%2Fstore%2Fvia-martiri-della-liberta-na%2F’ salvato [2677]

--2026-09-01 15:14:21--  https://costruisciearreda.it/wp-json/oembed/1.0/embed?url=https%3A%2F%2Fcostruisciearreda.it%2Fstore%2Fvia-martiri-della-liberta-na%2F&format=xml
Riutilizzo della connessione esistente a costruisciearreda.it:443.
Richiesta HTTP inviata, in attesa di risposta... 200 OK
Lunghezza: non specificato [text/xml]
Salvataggio in: ‘costruisciearreda-static/costruisciearreda.it/wp-json/oembed/1.0/embed?url=https:%2F%2Fcostruisciearreda.it%2Fstore%2Fvia-martiri-della-liberta-na%2F&format=xml’

     0K ..                                                     1,48G=0s

Intestazione Last-modified mancante -- marche temporali disattivate.
2026-09-01 15:14:21 (1,48 GB/s) - ‘costruisciearreda-static/costruisciearreda.it/wp-json/oembed/1.0/embed?url=https:%2F%2Fcostruisciearreda.it%2Fstore%2Fvia-martiri-della-liberta-na%2F&format=xml’ salvato [2843]

--2026-09-01 15:14:21--  https://costruisciearreda.it/?p=1213
Riutilizzo della connessione esistente a costruisciearreda.it:443.
Richiesta HTTP inviata, in attesa di risposta... 301 Moved Permanently
Posizione: https://costruisciearreda.it/store/via-martiri-della-liberta-na/ [segue]
--2026-09-01 15:14:21--  https://costruisciearreda.it/store/via-martiri-della-liberta-na/
Riutilizzo della connessione esistente a costruisciearreda.it:443.
Richiesta HTTP inviata, in attesa di risposta... 200 OK
Lunghezza: non specificato [text/html]
Salvataggio in: ‘costruisciearreda-static/costruisciearreda.it/index.html?p=1213.html’

     0K .......... .......... .......... .......... .......... 2,72M
    50K .......... .......... .......... .......... .......... 2,39M
   100K .......... .......... .......... .......... ........   2,69M=0,06s

2026-09-01 15:14:22 (2,59 MB/s) - ‘costruisciearreda-static/costruisciearreda.it/index.html?p=1213.html’ salvato [152160]

--2026-09-01 15:14:22--  https://costruisciearreda.it/wp-content/cache/wpo-minify/1788241814/assets/wpo-minify-header-91bd37d1.min.css
Riutilizzo della connessione esistente a costruisciearreda.it:443.
Richiesta HTTP inviata, in attesa di risposta... 200 OK
Lunghezza: 465687 (455K) [text/css]
Salvataggio in: ‘costruisciearreda-static/costruisciearreda.it/wp-content/cache/wpo-minify/1788241814/assets/wpo-minify-header-91bd37d1.min.css’

     0K .......... .......... .......... .......... .......... 10% 14,5M 0s
    50K .......... .......... .......... .......... .......... 21% 35,3M 0s
   100K .......... .......... .......... .......... .......... 32% 3,70M 0s
   150K .......... .......... .......... .......... .......... 43% 4,66M 0s
   200K .......... .......... .......... .......... .......... 54%  620M 0s
   250K .......... .......... .......... .......... .......... 65% 5,85M 0s
   300K .......... .......... .......... .......... .......... 76%  717M 0s
   350K .......... .......... .......... .......... .......... 87%  653M 0s
   400K .......... .......... .......... .......... .......... 98%  128M 0s
   450K ....                                                  100%  245M=0,04s

2026-09-01 15:14:22 (11,9 MB/s) - ‘costruisciearreda-static/costruisciearreda.it/wp-content/cache/wpo-minify/1788241814/assets/wpo-minify-header-91bd37d1.min.css’ salvato [465687/465687]

--2026-09-01 15:14:22--  https://costruisciearreda.it/rivestimenti-con-pattern-stile-e-personalita-per-i-tuoi-spazi/feed/
Riutilizzo della connessione esistente a costruisciearreda.it:443.
Richiesta HTTP inviata, in attesa di risposta... 200 OK
Lunghezza: non specificato [application/rss+xml]
Salvataggio in: ‘costruisciearreda-static/costruisciearreda.it/rivestimenti-con-pattern-stile-e-personalita-per-i-tuoi-spazi/feed/index.html’

     0K                                                         566M=0s

2026-09-01 15:14:22 (566 MB/s) - ‘costruisciearreda-static/costruisciearreda.it/rivestimenti-con-pattern-stile-e-personalita-per-i-tuoi-spazi/feed/index.html’ salvato [922]

--2026-09-01 15:14:22--  https://costruisciearreda.it/wp-json/oembed/1.0/embed?url=https%3A%2F%2Fcostruisciearreda.it%2Frivestimenti-con-pattern-stile-e-personalita-per-i-tuoi-spazi%2F
Riutilizzo della connessione esistente a costruisciearreda.it:443.
Richiesta HTTP inviata, in attesa di risposta... 200 OK
Lunghezza: non specificato [application/json]
Salvataggio in: ‘costruisciearreda-static/costruisciearreda.it/wp-json/oembed/1.0/embed?url=https:%2F%2Fcostruisciearreda.it%2Frivestimenti-con-pattern-stile-e-personalita-per-i-tuoi-spazi%2F’

     0K ..                                                     2,08G=0s

Intestazione Last-modified mancante -- marche temporali disattivate.
2026-09-01 15:14:22 (2,08 GB/s) - ‘costruisciearreda-static/costruisciearreda.it/wp-json/oembed/1.0/embed?url=https:%2F%2Fcostruisciearreda.it%2Frivestimenti-con-pattern-stile-e-personalita-per-i-tuoi-spazi%2F’ salvato [2767]

--2026-09-01 15:14:22--  https://costruisciearreda.it/wp-json/oembed/1.0/embed?url=https%3A%2F%2Fcostruisciearreda.it%2Frivestimenti-con-pattern-stile-e-personalita-per-i-tuoi-spazi%2F&format=xml
Riutilizzo della connessione esistente a costruisciearreda.it:443.
Richiesta HTTP inviata, in attesa di risposta... 200 OK
Lunghezza: non specificato [text/xml]
Salvataggio in: ‘costruisciearreda-static/costruisciearreda.it/wp-json/oembed/1.0/embed?url=https:%2F%2Fcostruisciearreda.it%2Frivestimenti-con-pattern-stile-e-personalita-per-i-tuoi-spazi%2F&format=xml’

     0K ..                                                     2,19G=0s

Intestazione Last-modified mancante -- marche temporali disattivate.
2026-09-01 15:14:23 (2,19 GB/s) - ‘costruisciearreda-static/costruisciearreda.it/wp-json/oembed/1.0/embed?url=https:%2F%2Fcostruisciearreda.it%2Frivestimenti-con-pattern-stile-e-personalita-per-i-tuoi-spazi%2F&format=xml’ salvato [2967]

--2026-09-01 15:14:23--  https://costruisciearreda.it/wp-json/wp/v2/posts/4611
Riutilizzo della connessione esistente a costruisciearreda.it:443.
Richiesta HTTP inviata, in attesa di risposta... 200 OK
Lunghezza: non specificato [application/json]
Salvataggio in: ‘costruisciearreda-static/costruisciearreda.it/wp-json/wp/v2/posts/4611’

     0K .......... .......... .                                1,13M=0,02s

Intestazione Last-modified mancante -- marche temporali disattivate.
2026-09-01 15:14:23 (1,13 MB/s) - ‘costruisciearreda-static/costruisciearreda.it/wp-json/wp/v2/posts/4611’ salvato [21650]

--2026-09-01 15:14:23--  https://costruisciearreda.it/?p=4611
Riutilizzo della connessione esistente a costruisciearreda.it:443.
Richiesta HTTP inviata, in attesa di risposta... 301 Moved Permanently
Posizione: https://costruisciearreda.it/rivestimenti-con-pattern-stile-e-personalita-per-i-tuoi-spazi/ [segue]
--2026-09-01 15:14:23--  https://costruisciearreda.it/rivestimenti-con-pattern-stile-e-personalita-per-i-tuoi-spazi/
Riutilizzo della connessione esistente a costruisciearreda.it:443.
Richiesta HTTP inviata, in attesa di risposta... 200 OK
Lunghezza: non specificato [text/html]
Salvataggio in: ‘costruisciearreda-static/costruisciearreda.it/index.html?p=4611.html’

     0K .......... .......... .......... .......... .......... 2,29M
    50K .......... .......... ..........                       1,44M=0,04s

2026-09-01 15:14:23 (1,87 MB/s) - ‘costruisciearreda-static/costruisciearreda.it/index.html?p=4611.html’ salvato [82357]

--2026-09-01 15:14:23--  https://costruisciearreda.it/come-scegliere-le-finiture-perfette-per-la-tua-casa/feed/
Riutilizzo della connessione esistente a costruisciearreda.it:443.
Richiesta HTTP inviata, in attesa di risposta... 200 OK
Lunghezza: non specificato [application/rss+xml]
Salvataggio in: ‘costruisciearreda-static/costruisciearreda.it/come-scegliere-le-finiture-perfette-per-la-tua-casa/feed/index.html’

     0K                                                         552M=0s

2026-09-01 15:14:24 (552 MB/s) - ‘costruisciearreda-static/costruisciearreda.it/come-scegliere-le-finiture-perfette-per-la-tua-casa/feed/index.html’ salvato [890]

--2026-09-01 15:14:24--  https://costruisciearreda.it/wp-json/oembed/1.0/embed?url=https%3A%2F%2Fcostruisciearreda.it%2Fcome-scegliere-le-finiture-perfette-per-la-tua-casa%2F
Riutilizzo della connessione esistente a costruisciearreda.it:443.
Richiesta HTTP inviata, in attesa di risposta... 200 OK
Lunghezza: non specificato [application/json]
Salvataggio in: ‘costruisciearreda-static/costruisciearreda.it/wp-json/oembed/1.0/embed?url=https:%2F%2Fcostruisciearreda.it%2Fcome-scegliere-le-finiture-perfette-per-la-tua-casa%2F’

     0K ..                                                     1,84G=0s

Intestazione Last-modified mancante -- marche temporali disattivate.
2026-09-01 15:14:24 (1,84 GB/s) - ‘costruisciearreda-static/costruisciearreda.it/wp-json/oembed/1.0/embed?url=https:%2F%2Fcostruisciearreda.it%2Fcome-scegliere-le-finiture-perfette-per-la-tua-casa%2F’ salvato [2706]

--2026-09-01 15:14:24--  https://costruisciearreda.it/wp-json/oembed/1.0/embed?url=https%3A%2F%2Fcostruisciearreda.it%2Fcome-scegliere-le-finiture-perfette-per-la-tua-casa%2F&format=xml
Riutilizzo della connessione esistente a costruisciearreda.it:443.
Richiesta HTTP inviata, in attesa di risposta... 200 OK
Lunghezza: non specificato [text/xml]
Salvataggio in: ‘costruisciearreda-static/costruisciearreda.it/wp-json/oembed/1.0/embed?url=https:%2F%2Fcostruisciearreda.it%2Fcome-scegliere-le-finiture-perfette-per-la-tua-casa%2F&format=xml’

     0K ..                                                     2,15G=0s

Intestazione Last-modified mancante -- marche temporali disattivate.
2026-09-01 15:14:25 (2,15 GB/s) - ‘costruisciearreda-static/costruisciearreda.it/wp-json/oembed/1.0/embed?url=https:%2F%2Fcostruisciearreda.it%2Fcome-scegliere-le-finiture-perfette-per-la-tua-casa%2F&format=xml’ salvato [2906]

--2026-09-01 15:14:25--  https://costruisciearreda.it/wp-json/wp/v2/posts/4605
Riutilizzo della connessione esistente a costruisciearreda.it:443.
Richiesta HTTP inviata, in attesa di risposta... 200 OK
Lunghezza: non specificato [application/json]
Salvataggio in: ‘costruisciearreda-static/costruisciearreda.it/wp-json/wp/v2/posts/4605’

     0K .......... .......... .                                1,20M=0,02s

Intestazione Last-modified mancante -- marche temporali disattivate.
2026-09-01 15:14:25 (1,20 MB/s) - ‘costruisciearreda-static/costruisciearreda.it/wp-json/wp/v2/posts/4605’ salvato [21903]

--2026-09-01 15:14:25--  https://costruisciearreda.it/?p=4605
Riutilizzo della connessione esistente a costruisciearreda.it:443.
Richiesta HTTP inviata, in attesa di risposta... 301 Moved Permanently
Posizione: https://costruisciearreda.it/come-scegliere-le-finiture-perfette-per-la-tua-casa/ [segue]
--2026-09-01 15:14:25--  https://costruisciearreda.it/come-scegliere-le-finiture-perfette-per-la-tua-casa/
Riutilizzo della connessione esistente a costruisciearreda.it:443.
Richiesta HTTP inviata, in attesa di risposta... 200 OK
Lunghezza: non specificato [text/html]
Salvataggio in: ‘costruisciearreda-static/costruisciearreda.it/index.html?p=4605.html’

     0K .......... .......... .......... .......... .......... 1,27M
    50K .......... .......... ..........                        620M=0,04s

2026-09-01 15:14:25 (2,04 MB/s) - ‘costruisciearreda-static/costruisciearreda.it/index.html?p=4605.html’ salvato [82767]

--2026-09-01 15:14:25--  https://costruisciearreda.it/corso-di-formazione-gestione-delle-grandi-lastre/feed/
Riutilizzo della connessione esistente a costruisciearreda.it:443.
Richiesta HTTP inviata, in attesa di risposta... 200 OK
Lunghezza: non specificato [application/rss+xml]
Salvataggio in: ‘costruisciearreda-static/costruisciearreda.it/corso-di-formazione-gestione-delle-grandi-lastre/feed/index.html’

     0K                                                         515M=0s

2026-09-01 15:14:26 (515 MB/s) - ‘costruisciearreda-static/costruisciearreda.it/corso-di-formazione-gestione-delle-grandi-lastre/feed/index.html’ salvato [889]

--2026-09-01 15:14:26--  https://costruisciearreda.it/wp-json/oembed/1.0/embed?url=https%3A%2F%2Fcostruisciearreda.it%2Fcorso-di-formazione-gestione-delle-grandi-lastre%2F
Riutilizzo della connessione esistente a costruisciearreda.it:443.
Richiesta HTTP inviata, in attesa di risposta... 200 OK
Lunghezza: non specificato [application/json]
Salvataggio in: ‘costruisciearreda-static/costruisciearreda.it/wp-json/oembed/1.0/embed?url=https:%2F%2Fcostruisciearreda.it%2Fcorso-di-formazione-gestione-delle-grandi-lastre%2F’

     0K ..                                                     2,10G=0s

Intestazione Last-modified mancante -- marche temporali disattivate.
2026-09-01 15:14:26 (2,10 GB/s) - ‘costruisciearreda-static/costruisciearreda.it/wp-json/oembed/1.0/embed?url=https:%2F%2Fcostruisciearreda.it%2Fcorso-di-formazione-gestione-delle-grandi-lastre%2F’ salvato [2723]

--2026-09-01 15:14:26--  https://costruisciearreda.it/wp-json/oembed/1.0/embed?url=https%3A%2F%2Fcostruisciearreda.it%2Fcorso-di-formazione-gestione-delle-grandi-lastre%2F&format=xml
Riutilizzo della connessione esistente a costruisciearreda.it:443.
Richiesta HTTP inviata, in attesa di risposta... 200 OK
Lunghezza: non specificato [text/xml]
Salvataggio in: ‘costruisciearreda-static/costruisciearreda.it/wp-json/oembed/1.0/embed?url=https:%2F%2Fcostruisciearreda.it%2Fcorso-di-formazione-gestione-delle-grandi-lastre%2F&format=xml’

     0K ..                                                     1,98G=0s

Intestazione Last-modified mancante -- marche temporali disattivate.
2026-09-01 15:14:27 (1,98 GB/s) - ‘costruisciearreda-static/costruisciearreda.it/wp-json/oembed/1.0/embed?url=https:%2F%2Fcostruisciearreda.it%2Fcorso-di-formazione-gestione-delle-grandi-lastre%2F&format=xml’ salvato [2925]

--2026-09-01 15:14:27--  https://costruisciearreda.it/wp-json/wp/v2/posts/4073
Riutilizzo della connessione esistente a costruisciearreda.it:443.
Richiesta HTTP inviata, in attesa di risposta... 200 OK
Lunghezza: non specificato [application/json]
Salvataggio in: ‘costruisciearreda-static/costruisciearreda.it/wp-json/wp/v2/posts/4073’

     0K .......... ......                                       935K=0,02s

Intestazione Last-modified mancante -- marche temporali disattivate.
2026-09-01 15:14:27 (935 KB/s) - ‘costruisciearreda-static/costruisciearreda.it/wp-json/wp/v2/posts/4073’ salvato [16393]

--2026-09-01 15:14:27--  https://costruisciearreda.it/?p=4073
Riutilizzo della connessione esistente a costruisciearreda.it:443.
Richiesta HTTP inviata, in attesa di risposta... 301 Moved Permanently
Posizione: https://costruisciearreda.it/corso-di-formazione-gestione-delle-grandi-lastre/ [segue]
--2026-09-01 15:14:27--  https://costruisciearreda.it/corso-di-formazione-gestione-delle-grandi-lastre/
Riutilizzo della connessione esistente a costruisciearreda.it:443.
Richiesta HTTP inviata, in attesa di risposta... 200 OK
Lunghezza: non specificato [text/html]
Salvataggio in: ‘costruisciearreda-static/costruisciearreda.it/index.html?p=4073.html’

     0K .......... .......... .......... .......... .......... 1,36M
    50K .......... .......... .....                            12,7M=0,04s

2026-09-01 15:14:27 (1,95 MB/s) - ‘costruisciearreda-static/costruisciearreda.it/index.html?p=4073.html’ salvato [77464]

--2026-09-01 15:14:27--  https://costruisciearreda.it/gres-costruisciearreda-consigli/
Riutilizzo della connessione esistente a costruisciearreda.it:443.
Richiesta HTTP inviata, in attesa di risposta... 200 OK
Lunghezza: non specificato [text/html]
Salvataggio in: ‘costruisciearreda-static/costruisciearreda.it/gres-costruisciearreda-consigli/index.html’

     0K .......... .......... .......... .......... .......... 2,62M
    50K .......... .......... ..........                       1,70M=0,04s

2026-09-01 15:14:28 (2,17 MB/s) - ‘costruisciearreda-static/costruisciearreda.it/gres-costruisciearreda-consigli/index.html’ salvato [82784]

--2026-09-01 15:14:28--  https://costruisciearreda.it/wp-content/uploads/2024/12/COPERTINA-ARTICOLI-1.png
Riutilizzo della connessione esistente a costruisciearreda.it:443.
Richiesta HTTP inviata, in attesa di risposta... 200 OK
Lunghezza: 2856381 (2,7M) [image/png]
Salvataggio in: ‘costruisciearreda-static/costruisciearreda.it/wp-content/uploads/2024/12/COPERTINA-ARTICOLI-1.png’

     0K .......... .......... .......... .......... ..........  1% 44,2M 0s
    50K .......... .......... .......... .......... ..........  3% 2,41M 1s
   100K .......... .......... .......... .......... ..........  5% 12,9M 0s
   150K .......... .......... .......... .......... ..........  7%  412M 0s
   200K .......... .......... .......... .......... ..........  8% 4,21M 0s
   250K .......... .......... .......... .......... .......... 10% 15,6M 0s
   300K .......... .......... .......... .......... .......... 12% 17,5M 0s
   350K .......... .......... .......... .......... .......... 14% 17,2M 0s
   400K .......... .......... .......... .......... .......... 16% 28,7M 0s
   450K .......... .......... .......... .......... .......... 17% 18,7M 0s
   500K .......... .......... .......... .......... .......... 19% 47,5M 0s
   550K .......... .......... .......... .......... .......... 21% 6,24M 0s
   600K .......... .......... .......... .......... .......... 23% 11,4M 0s
   650K .......... .......... .......... .......... .......... 25% 11,7M 0s
   700K .......... .......... .......... .......... .......... 26% 14,5M 0s
   750K .......... .......... .......... .......... .......... 28%  533M 0s
   800K .......... .......... .......... .......... .......... 30% 43,0M 0s
   850K .......... .......... .......... .......... .......... 32% 13,1M 0s
   900K .......... .......... .......... .......... .......... 34% 19,5M 0s
   950K .......... .......... .......... .......... .......... 35% 9,78M 0s
  1000K .......... .......... .......... .......... .......... 37% 3,56M 0s
  1050K .......... .......... .......... .......... .......... 39%  453M 0s
  1100K .......... .......... .......... .......... .......... 41%  684M 0s
  1150K .......... .......... .......... .......... .......... 43%  611M 0s
  1200K .......... .......... .......... .......... .......... 44%  638M 0s
  1250K .......... .......... .......... .......... .......... 46% 12,9M 0s
  1300K .......... .......... .......... .......... .......... 48% 3,30M 0s
  1350K .......... .......... .......... .......... .......... 50% 21,0M 0s
  1400K .......... .......... .......... .......... .......... 51% 12,6M 0s
  1450K .......... .......... .......... .......... .......... 53%  716M 0s
  1500K .......... .......... .......... .......... .......... 55%  743M 0s
  1550K .......... .......... .......... .......... .......... 57% 25,3M 0s
  1600K .......... .......... .......... .......... .......... 59% 10,3M 0s
  1650K .......... .......... .......... .......... .......... 60% 22,7M 0s
  1700K .......... .......... .......... .......... .......... 62% 4,36M 0s
  1750K .......... .......... .......... .......... .......... 64% 3,04M 0s
  1800K .......... .......... .......... .......... .......... 66%  375M 0s
  1850K .......... .......... .......... .......... .......... 68%  421M 0s
  1900K .......... .......... .......... .......... .......... 69%  528M 0s
  1950K .......... .......... .......... .......... .......... 71% 16,6M 0s
  2000K .......... .......... .......... .......... .......... 73% 17,6M 0s
  2050K .......... .......... .......... .......... .......... 75% 24,3M 0s
  2100K .......... .......... .......... .......... .......... 77% 60,6M 0s
  2150K .......... .......... .......... .......... .......... 78% 3,98M 0s
  2200K .......... .......... .......... .......... .......... 80%  402M 0s
  2250K .......... .......... .......... .......... .......... 82% 14,5M 0s
  2300K .......... .......... .......... .......... .......... 84%  740M 0s
  2350K .......... .......... .......... .......... .......... 86% 16,6M 0s
  2400K .......... .......... .......... .......... .......... 87% 23,6M 0s
  2450K .......... .......... .......... .......... .......... 89% 29,4M 0s
  2500K .......... .......... .......... .......... .......... 91% 5,75M 0s
  2550K .......... .......... .......... .......... .......... 93% 10,0M 0s
  2600K .......... .......... .......... .......... .......... 95% 12,8M 0s
  2650K .......... .......... .......... .......... .......... 96%  512M 0s
  2700K .......... .......... .......... .......... .......... 98%  497M 0s
  2750K .......... .......... .......... .........            100% 44,8M=0,2s

2026-09-01 15:14:28 (13,1 MB/s) - ‘costruisciearreda-static/costruisciearreda.it/wp-content/uploads/2024/12/COPERTINA-ARTICOLI-1.png’ salvato [2856381/2856381]

--2026-09-01 15:14:28--  https://costruisciearreda.it/wp-content/uploads/2024/12/COPERTINA-ARTICOLI-1-300x169.png
Riutilizzo della connessione esistente a costruisciearreda.it:443.
Richiesta HTTP inviata, in attesa di risposta... 200 OK
Lunghezza: 80068 (78K) [image/png]
Salvataggio in: ‘costruisciearreda-static/costruisciearreda.it/wp-content/uploads/2024/12/COPERTINA-ARTICOLI-1-300x169.png’

     0K .......... .......... .......... .......... .......... 63% 19,7M 0s
    50K .......... .......... ........                        100% 50,8M=0,003s

2026-09-01 15:14:28 (25,3 MB/s) - ‘costruisciearreda-static/costruisciearreda.it/wp-content/uploads/2024/12/COPERTINA-ARTICOLI-1-300x169.png’ salvato [80068/80068]

--2026-09-01 15:14:28--  https://costruisciearreda.it/wp-content/uploads/2024/12/COPERTINA-ARTICOLI-1-1024x576.png
Riutilizzo della connessione esistente a costruisciearreda.it:443.
Richiesta HTTP inviata, in attesa di risposta... 200 OK
Lunghezza: 751287 (734K) [image/png]
Salvataggio in: ‘costruisciearreda-static/costruisciearreda.it/wp-content/uploads/2024/12/COPERTINA-ARTICOLI-1-1024x576.png’

     0K .......... .......... .......... .......... ..........  6% 30,7M 0s
    50K .......... .......... .......... .......... .......... 13% 12,9M 0s
   100K .......... .......... .......... .......... .......... 20%  607M 0s
   150K .......... .......... .......... .......... .......... 27%  481M 0s
   200K .......... .......... .......... .......... .......... 34% 12,9M 0s
   250K .......... .......... .......... .......... .......... 40% 26,0M 0s
   300K .......... .......... .......... .......... .......... 47% 26,0M 0s
   350K .......... .......... .......... .......... .......... 54% 3,38M 0s
   400K .......... .......... .......... .......... .......... 61%  266M 0s
   450K .......... .......... .......... .......... .......... 68% 7,05M 0s
   500K .......... .......... .......... .......... .......... 74% 15,3M 0s
   550K .......... .......... .......... .......... .......... 81%  710M 0s
   600K .......... .......... .......... .......... .......... 88% 18,9M 0s
   650K .......... .......... .......... .......... .......... 95% 26,4M 0s
   700K .......... .......... .......... ...                  100%  490M=0,04s

2026-09-01 15:14:28 (16,9 MB/s) - ‘costruisciearreda-static/costruisciearreda.it/wp-content/uploads/2024/12/COPERTINA-ARTICOLI-1-1024x576.png’ salvato [751287/751287]

--2026-09-01 15:14:28--  https://costruisciearreda.it/wp-content/uploads/2024/12/COPERTINA-ARTICOLI-1-768x432.png
Riutilizzo della connessione esistente a costruisciearreda.it:443.
Richiesta HTTP inviata, in attesa di risposta... 200 OK
Lunghezza: 438202 (428K) [image/png]
Salvataggio in: ‘costruisciearreda-static/costruisciearreda.it/wp-content/uploads/2024/12/COPERTINA-ARTICOLI-1-768x432.png’

     0K .......... .......... .......... .......... .......... 11% 18,6M 0s
    50K .......... .......... .......... .......... .......... 23% 8,40M 0s
   100K .......... .......... .......... .......... .......... 35% 12,8M 0s
   150K .......... .......... .......... .......... .......... 46%  568M 0s
   200K .......... .......... .......... .......... .......... 58% 28,2M 0s
   250K .......... .......... .......... .......... .......... 70% 52,4M 0s
   300K .......... .......... .......... .......... .......... 81% 11,7M 0s
   350K .......... .......... .......... .......... .......... 93%  430M 0s
   400K .......... .......... .......                         100% 15,3M=0,02s

2026-09-01 15:14:29 (19,8 MB/s) - ‘costruisciearreda-static/costruisciearreda.it/wp-content/uploads/2024/12/COPERTINA-ARTICOLI-1-768x432.png’ salvato [438202/438202]

--2026-09-01 15:14:29--  https://costruisciearreda.it/wp-content/uploads/2024/12/COPERTINA-ARTICOLI-1-1536x864.png
Riutilizzo della connessione esistente a costruisciearreda.it:443.
Richiesta HTTP inviata, in attesa di risposta... 200 OK
Lunghezza: 1604922 (1,5M) [image/png]
Salvataggio in: ‘costruisciearreda-static/costruisciearreda.it/wp-content/uploads/2024/12/COPERTINA-ARTICOLI-1-1536x864.png’

     0K .......... .......... .......... .......... ..........  3% 12,6M 0s
    50K .......... .......... .......... .......... ..........  6%  553M 0s
   100K .......... .......... .......... .......... ..........  9%  537M 0s
   150K .......... .......... .......... .......... .......... 12% 27,9M 0s
   200K .......... .......... .......... .......... .......... 15% 14,9M 0s
   250K .......... .......... .......... .......... .......... 19%  692M 0s
   300K .......... .......... .......... .......... .......... 22% 7,86M 0s
   350K .......... .......... .......... .......... .......... 25% 23,5M 0s
   400K .......... .......... .......... .......... .......... 28% 13,1M 0s
   450K .......... .......... .......... .......... .......... 31% 8,14M 0s
   500K .......... .......... .......... .......... .......... 35% 24,6M 0s
   550K .......... .......... .......... .......... .......... 38% 23,0M 0s
   600K .......... .......... .......... .......... .......... 41% 12,8M 0s
   650K .......... .......... .......... .......... .......... 44% 26,1M 0s
   700K .......... .......... .......... .......... .......... 47% 12,6M 0s
   750K .......... .......... .......... .......... .......... 51%  699M 0s
   800K .......... .......... .......... .......... .......... 54% 1,60M 0s
   850K .......... .......... .......... .......... .......... 57%  450M 0s
   900K .......... .......... .......... .......... .......... 60%  599M 0s
   950K .......... .......... .......... .......... .......... 63%  463M 0s
  1000K .......... .......... .......... .......... .......... 66%  487M 0s
  1050K .......... .......... .......... .......... .......... 70%  536M 0s
  1100K .......... .......... .......... .......... .......... 73%  454M 0s
  1150K .......... .......... .......... .......... .......... 76%  593M 0s
  1200K .......... .......... .......... .......... .......... 79%  510M 0s
  1250K .......... .......... .......... .......... .......... 82% 15,7M 0s
  1300K .......... .......... .......... .......... .......... 86% 26,2M 0s
  1350K .......... .......... .......... .......... .......... 89% 7,68M 0s
  1400K .......... .......... .......... .......... .......... 92%  493M 0s
  1450K .......... .......... .......... .......... .......... 95% 4,88M 0s
  1500K .......... .......... .......... .......... .......... 98% 83,4M 0s
  1550K .......... .......                                    100%  188M=0,09s

2026-09-01 15:14:29 (16,2 MB/s) - ‘costruisciearreda-static/costruisciearreda.it/wp-content/uploads/2024/12/COPERTINA-ARTICOLI-1-1536x864.png’ salvato [1604922/1604922]

--2026-09-01 15:14:29--  https://costruisciearreda.it/2024/09/06/
Riutilizzo della connessione esistente a costruisciearreda.it:443.
Richiesta HTTP inviata, in attesa di risposta... 200 OK
Lunghezza: non specificato [text/html]
Salvataggio in: ‘costruisciearreda-static/costruisciearreda.it/2024/09/06/index.html’

     0K .......... .......... .......... .......... ......      581M=0s

2026-09-01 15:14:29 (581 MB/s) - ‘costruisciearreda-static/costruisciearreda.it/2024/09/06/index.html’ salvato [47488]

--2026-09-01 15:14:29--  https://costruisciearreda.it/grande-novita-una-nuova-area-formativa-nel-nostro-store-di-via-argine/
Riutilizzo della connessione esistente a costruisciearreda.it:443.
Richiesta HTTP inviata, in attesa di risposta... 200 OK
Lunghezza: non specificato [text/html]
Salvataggio in: ‘costruisciearreda-static/costruisciearreda.it/grande-novita-una-nuova-area-formativa-nel-nostro-store-di-via-argine/index.html’

     0K .......... .......... .......... .......... .......... 1,33M
    50K .......... .......... ......                           22,0M=0,04s

2026-09-01 15:14:30 (1,97 MB/s) - ‘costruisciearreda-static/costruisciearreda.it/grande-novita-una-nuova-area-formativa-nel-nostro-store-di-via-argine/index.html’ salvato [78314]

--2026-09-01 15:14:30--  https://costruisciearreda.it/wp-content/uploads/2024/08/AreaFormativa.jpg
Riutilizzo della connessione esistente a costruisciearreda.it:443.
Richiesta HTTP inviata, in attesa di risposta... 200 OK
Lunghezza: 135855 (133K) [image/jpeg]
Salvataggio in: ‘costruisciearreda-static/costruisciearreda.it/wp-content/uploads/2024/08/AreaFormativa.jpg’

     0K .......... .......... .......... .......... .......... 37% 8,10M 0s
    50K .......... .......... .......... .......... .......... 75% 3,22M 0s
   100K .......... .......... .......... ..                   100% 30,3M=0,02s

2026-09-01 15:14:30 (5,83 MB/s) - ‘costruisciearreda-static/costruisciearreda.it/wp-content/uploads/2024/08/AreaFormativa.jpg’ salvato [135855/135855]

--2026-09-01 15:14:30--  https://costruisciearreda.it/wp-content/uploads/2024/08/AreaFormativa-300x199.jpg
Riutilizzo della connessione esistente a costruisciearreda.it:443.
Richiesta HTTP inviata, in attesa di risposta... 200 OK
Lunghezza: 14101 (14K) [image/jpeg]
Salvataggio in: ‘costruisciearreda-static/costruisciearreda.it/wp-content/uploads/2024/08/AreaFormativa-300x199.jpg’

     0K .......... ...                                        100%  385M=0s

2026-09-01 15:14:30 (385 MB/s) - ‘costruisciearreda-static/costruisciearreda.it/wp-content/uploads/2024/08/AreaFormativa-300x199.jpg’ salvato [14101/14101]

--2026-09-01 15:14:30--  https://costruisciearreda.it/2024/08/09/
Riutilizzo della connessione esistente a costruisciearreda.it:443.
Richiesta HTTP inviata, in attesa di risposta... 200 OK
Lunghezza: non specificato [text/html]
Salvataggio in: ‘costruisciearreda-static/costruisciearreda.it/2024/08/09/index.html’

     0K .......... .......... .......... .......... ......     31,4M=0,001s

2026-09-01 15:14:31 (31,4 MB/s) - ‘costruisciearreda-static/costruisciearreda.it/2024/08/09/index.html’ salvato [47234]

--2026-09-01 15:14:31--  https://costruisciearreda.it/wp-content/uploads/2024/06/Schermata-2024-03-20-alle-10.54.07.png
Riutilizzo della connessione esistente a costruisciearreda.it:443.
Richiesta HTTP inviata, in attesa di risposta... 200 OK
Lunghezza: 1136932 (1,1M) [image/png]
Salvataggio in: ‘costruisciearreda-static/costruisciearreda.it/wp-content/uploads/2024/06/Schermata-2024-03-20-alle-10.54.07.png’

     0K .......... .......... .......... .......... ..........  4% 19,4M 0s
    50K .......... .......... .......... .......... ..........  9% 3,08M 0s
   100K .......... .......... .......... .......... .......... 13% 8,11M 0s
   150K .......... .......... .......... .......... .......... 18%  638M 0s
   200K .......... .......... .......... .......... .......... 22% 12,5M 0s
   250K .......... .......... .......... .......... .......... 27% 4,95M 0s
   300K .......... .......... .......... .......... .......... 31%  494M 0s
   350K .......... .......... .......... .......... .......... 36% 4,69M 0s
   400K .......... .......... .......... .......... .......... 40% 19,3M 0s
   450K .......... .......... .......... .......... .......... 45%  318M 0s
   500K .......... .......... .......... .......... .......... 49% 23,1M 0s
   550K .......... .......... .......... .......... .......... 54%  370M 0s
   600K .......... .......... .......... .......... .......... 58% 13,7M 0s
   650K .......... .......... .......... .......... .......... 63% 23,6M 0s
   700K .......... .......... .......... .......... .......... 67% 3,90M 0s
   750K .......... .......... .......... .......... .......... 72%  439M 0s
   800K .......... .......... .......... .......... .......... 76% 27,3M 0s
   850K .......... .......... .......... .......... .......... 81% 12,7M 0s
   900K .......... .......... .......... .......... .......... 85%  457M 0s
   950K .......... .......... .......... .......... .......... 90% 32,4M 0s
  1000K .......... .......... .......... .......... .......... 94% 24,5M 0s
  1050K .......... .......... .......... .......... .......... 99% 57,8M 0s
  1100K ..........                                            100%  584K=0,1s

2026-09-01 15:14:31 (10,9 MB/s) - ‘costruisciearreda-static/costruisciearreda.it/wp-content/uploads/2024/06/Schermata-2024-03-20-alle-10.54.07.png’ salvato [1136932/1136932]

--2026-09-01 15:14:31--  https://costruisciearreda.it/wp-json/oembed/1.0/embed?url=https%3A%2F%2Fcostruisciearreda.it%2Frealizzazioni%2Fsoluzioni-per-la-famiglia%2F
Riutilizzo della connessione esistente a costruisciearreda.it:443.
Richiesta HTTP inviata, in attesa di risposta... 200 OK
Lunghezza: non specificato [application/json]
Salvataggio in: ‘costruisciearreda-static/costruisciearreda.it/wp-json/oembed/1.0/embed?url=https:%2F%2Fcostruisciearreda.it%2Frealizzazioni%2Fsoluzioni-per-la-famiglia%2F’

     0K ..                                                     1,70G=0s

Intestazione Last-modified mancante -- marche temporali disattivate.
2026-09-01 15:14:31 (1,70 GB/s) - ‘costruisciearreda-static/costruisciearreda.it/wp-json/oembed/1.0/embed?url=https:%2F%2Fcostruisciearreda.it%2Frealizzazioni%2Fsoluzioni-per-la-famiglia%2F’ salvato [2479]

--2026-09-01 15:14:31--  https://costruisciearreda.it/wp-json/oembed/1.0/embed?url=https%3A%2F%2Fcostruisciearreda.it%2Frealizzazioni%2Fsoluzioni-per-la-famiglia%2F&format=xml
Riutilizzo della connessione esistente a costruisciearreda.it:443.
Richiesta HTTP inviata, in attesa di risposta... 200 OK
Lunghezza: non specificato [text/xml]
Salvataggio in: ‘costruisciearreda-static/costruisciearreda.it/wp-json/oembed/1.0/embed?url=https:%2F%2Fcostruisciearreda.it%2Frealizzazioni%2Fsoluzioni-per-la-famiglia%2F&format=xml’

     0K ..                                                     2,15G=0s

Intestazione Last-modified mancante -- marche temporali disattivate.
2026-09-01 15:14:31 (2,15 GB/s) - ‘costruisciearreda-static/costruisciearreda.it/wp-json/oembed/1.0/embed?url=https:%2F%2Fcostruisciearreda.it%2Frealizzazioni%2Fsoluzioni-per-la-famiglia%2F&format=xml’ salvato [2667]

--2026-09-01 15:14:31--  https://costruisciearreda.it/wp-content/cache/wpo-minify/1788241814/assets/wpo-minify-header-04afa94a.min.css
Riutilizzo della connessione esistente a costruisciearreda.it:443.
Richiesta HTTP inviata, in attesa di risposta... 200 OK
Lunghezza: 720575 (704K) [text/css]
Salvataggio in: ‘costruisciearreda-static/costruisciearreda.it/wp-content/cache/wpo-minify/1788241814/assets/wpo-minify-header-04afa94a.min.css’

     0K .......... .......... .......... .......... ..........  7% 31,6M 0s
    50K .......... .......... .......... .......... .......... 14% 2,65M 0s
   100K .......... .......... .......... .......... .......... 21% 8,77M 0s
   150K .......... .......... .......... .......... .......... 28%  492M 0s
   200K .......... .......... .......... .......... .......... 35% 99,7M 0s
   250K .......... .......... .......... .......... .......... 42% 2,31M 0s
   300K .......... .......... .......... .......... .......... 49%  424M 0s
   350K .......... .......... .......... .......... .......... 56% 22,2M 0s
   400K .......... .......... .......... .......... .......... 63%  697M 0s
   450K .......... .......... .......... .......... .......... 71% 16,1M 0s
   500K .......... .......... .......... .......... .......... 78% 25,0M 0s
   550K .......... .......... .......... .......... .......... 85%  100M 0s
   600K .......... .......... .......... .......... .......... 92% 3,79M 0s
   650K .......... .......... .......... .......... .......... 99% 8,99M 0s
   700K ...                                                   100%  301M=0,07s

2026-09-01 15:14:32 (9,35 MB/s) - ‘costruisciearreda-static/costruisciearreda.it/wp-content/cache/wpo-minify/1788241814/assets/wpo-minify-header-04afa94a.min.css’ salvato [720575/720575]

--2026-09-01 15:14:32--  https://costruisciearreda.it/?p=4230
Riutilizzo della connessione esistente a costruisciearreda.it:443.
Richiesta HTTP inviata, in attesa di risposta... 301 Moved Permanently
Posizione: https://costruisciearreda.it/realizzazioni/soluzioni-per-la-famiglia/ [segue]
--2026-09-01 15:14:32--  https://costruisciearreda.it/realizzazioni/soluzioni-per-la-famiglia/
Riutilizzo della connessione esistente a costruisciearreda.it:443.
Richiesta HTTP inviata, in attesa di risposta... 200 OK
Lunghezza: non specificato [text/html]
Salvataggio in: ‘costruisciearreda-static/costruisciearreda.it/index.html?p=4230.html’

     0K .......... .......... .......... .......... .......... 43,1M
    50K .......... .......... ..........                        445M=0,001s

2026-09-01 15:14:32 (65,6 MB/s) - ‘costruisciearreda-static/costruisciearreda.it/index.html?p=4230.html’ salvato [82608]

--2026-09-01 15:14:32--  https://costruisciearreda.it/wp-content/uploads/2024/08/00_PLANIMETRIA-scaled.jpg
Riutilizzo della connessione esistente a costruisciearreda.it:443.
Richiesta HTTP inviata, in attesa di risposta... 200 OK
Lunghezza: 485062 (474K) [image/jpeg]
Salvataggio in: ‘costruisciearreda-static/costruisciearreda.it/wp-content/uploads/2024/08/00_PLANIMETRIA-scaled.jpg’

     0K .......... .......... .......... .......... .......... 10% 8,72M 0s
    50K .......... .......... .......... .......... .......... 21%  447M 0s
   100K .......... .......... .......... .......... .......... 31% 37,5M 0s
   150K .......... .......... .......... .......... .......... 42% 3,47M 0s
   200K .......... .......... .......... .......... .......... 52%  590M 0s
   250K .......... .......... .......... .......... .......... 63% 11,7M 0s
   300K .......... .......... .......... .......... .......... 73% 12,7M 0s
   350K .......... .......... .......... .......... .......... 84%  457M 0s
   400K .......... .......... .......... .......... .......... 94% 30,3M 0s
   450K .......... .......... ...                             100%  418M=0,03s

2026-09-01 15:14:32 (14,9 MB/s) - ‘costruisciearreda-static/costruisciearreda.it/wp-content/uploads/2024/08/00_PLANIMETRIA-scaled.jpg’ salvato [485062/485062]

--2026-09-01 15:14:32--  https://costruisciearreda.it/wp-content/uploads/2024/08/01_PLANIMETRIA-scaled.jpg
Riutilizzo della connessione esistente a costruisciearreda.it:443.
Richiesta HTTP inviata, in attesa di risposta... 200 OK
Lunghezza: 535242 (523K) [image/jpeg]
Salvataggio in: ‘costruisciearreda-static/costruisciearreda.it/wp-content/uploads/2024/08/01_PLANIMETRIA-scaled.jpg’

     0K .......... .......... .......... .......... ..........  9% 18,8M 0s
    50K .......... .......... .......... .......... .......... 19%  783M 0s
   100K .......... .......... .......... .......... .......... 28%  644M 0s
   150K .......... .......... .......... .......... .......... 38% 18,8M 0s
   200K .......... .......... .......... .......... .......... 47%  655M 0s
   250K .......... .......... .......... .......... .......... 57% 13,4M 0s
   300K .......... .......... .......... .......... .......... 66% 2,33M 0s
   350K .......... .......... .......... .......... .......... 76%  379M 0s
   400K .......... .......... .......... .......... .......... 86% 27,4M 0s
   450K .......... .......... .......... .......... .......... 95% 24,6M 0s
   500K .......... .......... ..                              100%  644M=0,03s

2026-09-01 15:14:32 (15,0 MB/s) - ‘costruisciearreda-static/costruisciearreda.it/wp-content/uploads/2024/08/01_PLANIMETRIA-scaled.jpg’ salvato [535242/535242]

--2026-09-01 15:14:32--  https://costruisciearreda.it/wp-content/uploads/2024/08/02_PLANIMETRIA-scaled.jpg
Riutilizzo della connessione esistente a costruisciearreda.it:443.
Richiesta HTTP inviata, in attesa di risposta... 200 OK
Lunghezza: 530832 (518K) [image/jpeg]
Salvataggio in: ‘costruisciearreda-static/costruisciearreda.it/wp-content/uploads/2024/08/02_PLANIMETRIA-scaled.jpg’

     0K .......... .......... .......... .......... ..........  9% 17,7M 0s
    50K .......... .......... .......... .......... .......... 19%  398M 0s
   100K .......... .......... .......... .......... .......... 28% 16,4M 0s
   150K .......... .......... .......... .......... .......... 38%  657M 0s
   200K .......... .......... .......... .......... .......... 48% 18,8M 0s
   250K .......... .......... .......... .......... .......... 57%  638M 0s
   300K .......... .......... .......... .......... .......... 67% 4,87M 0s
   350K .......... .......... .......... .......... .......... 77% 8,98M 0s
   400K .......... .......... .......... .......... .......... 86% 4,94M 0s
   450K .......... .......... .......... .......... .......... 96%  620M 0s
   500K .......... ........                                   100%  801M=0,03s

2026-09-01 15:14:32 (14,9 MB/s) - ‘costruisciearreda-static/costruisciearreda.it/wp-content/uploads/2024/08/02_PLANIMETRIA-scaled.jpg’ salvato [530832/530832]

--2026-09-01 15:14:32--  https://costruisciearreda.it/wp-content/uploads/2024/08/03_INGRESSO-scaled.jpg
Riutilizzo della connessione esistente a costruisciearreda.it:443.
Richiesta HTTP inviata, in attesa di risposta... 200 OK
Lunghezza: 205703 (201K) [image/jpeg]
Salvataggio in: ‘costruisciearreda-static/costruisciearreda.it/wp-content/uploads/2024/08/03_INGRESSO-scaled.jpg’

     0K .......... .......... .......... .......... .......... 24%  562M 0s
    50K .......... .......... .......... .......... .......... 49% 16,1M 0s
   100K .......... .......... .......... .......... .......... 74% 21,2M 0s
   150K .......... .......... .......... .......... .......... 99%  555M 0s
   200K                                                       100% 1,64T=0,005s

2026-09-01 15:14:32 (35,7 MB/s) - ‘costruisciearreda-static/costruisciearreda.it/wp-content/uploads/2024/08/03_INGRESSO-scaled.jpg’ salvato [205703/205703]

--2026-09-01 15:14:32--  https://costruisciearreda.it/wp-content/uploads/2024/08/04_INGRESSO-scaled.jpg
Riutilizzo della connessione esistente a costruisciearreda.it:443.
Richiesta HTTP inviata, in attesa di risposta... 200 OK
Lunghezza: 236813 (231K) [image/jpeg]
Salvataggio in: ‘costruisciearreda-static/costruisciearreda.it/wp-content/uploads/2024/08/04_INGRESSO-scaled.jpg’

     0K .......... .......... .......... .......... .......... 21%  635M 0s
    50K .......... .......... .......... .......... .......... 43% 9,02M 0s
   100K .......... .......... .......... .......... .......... 64% 20,4M 0s
   150K .......... .......... .......... .......... .......... 86%  788M 0s
   200K .......... .......... .......... .                    100%  694M=0,008s

2026-09-01 15:14:32 (28,3 MB/s) - ‘costruisciearreda-static/costruisciearreda.it/wp-content/uploads/2024/08/04_INGRESSO-scaled.jpg’ salvato [236813/236813]

--2026-09-01 15:14:32--  https://costruisciearreda.it/wp-content/uploads/2024/08/05_SALONE-scaled.jpg
Riutilizzo della connessione esistente a costruisciearreda.it:443.
Richiesta HTTP inviata, in attesa di risposta... 200 OK
Lunghezza: 328117 (320K) [image/jpeg]
Salvataggio in: ‘costruisciearreda-static/costruisciearreda.it/wp-content/uploads/2024/08/05_SALONE-scaled.jpg’

     0K .......... .......... .......... .......... .......... 15%  531M 0s
    50K .......... .......... .......... .......... .......... 31% 16,8M 0s
   100K .......... .......... .......... .......... .......... 46% 17,7M 0s
   150K .......... .......... .......... .......... .......... 62%  396M 0s
   200K .......... .......... .......... .......... .......... 78%  515M 0s
   250K .......... .......... .......... .......... .......... 93% 12,4M 0s
   300K .......... ..........                                 100%  413M=0,01s

2026-09-01 15:14:32 (31,4 MB/s) - ‘costruisciearreda-static/costruisciearreda.it/wp-content/uploads/2024/08/05_SALONE-scaled.jpg’ salvato [328117/328117]

--2026-09-01 15:14:32--  https://costruisciearreda.it/wp-content/uploads/2024/08/06_SALONE-scaled.jpg
Riutilizzo della connessione esistente a costruisciearreda.it:443.
Richiesta HTTP inviata, in attesa di risposta... 200 OK
Lunghezza: 269741 (263K) [image/jpeg]
Salvataggio in: ‘costruisciearreda-static/costruisciearreda.it/wp-content/uploads/2024/08/06_SALONE-scaled.jpg’

     0K .......... .......... .......... .......... .......... 18% 17,8M 0s
    50K .......... .......... .......... .......... .......... 37%  494M 0s
   100K .......... .......... .......... .......... .......... 56%  446M 0s
   150K .......... .......... .......... .......... .......... 75% 19,2M 0s
   200K .......... .......... .......... .......... .......... 94%  165M 0s
   250K .......... ...                                        100%  582M=0,006s

2026-09-01 15:14:32 (44,2 MB/s) - ‘costruisciearreda-static/costruisciearreda.it/wp-content/uploads/2024/08/06_SALONE-scaled.jpg’ salvato [269741/269741]

--2026-09-01 15:14:32--  https://costruisciearreda.it/wp-content/uploads/2024/08/07_SALONE-scaled.jpg
Riutilizzo della connessione esistente a costruisciearreda.it:443.
Richiesta HTTP inviata, in attesa di risposta... 200 OK
Lunghezza: 346957 (339K) [image/jpeg]
Salvataggio in: ‘costruisciearreda-static/costruisciearreda.it/wp-content/uploads/2024/08/07_SALONE-scaled.jpg’

     0K .......... .......... .......... .......... .......... 14%  583M 0s
    50K .......... .......... .......... .......... .......... 29% 37,5M 0s
   100K .......... .......... .......... .......... .......... 44% 15,1M 0s
   150K .......... .......... .......... .......... .......... 59% 16,8M 0s
   200K .......... .......... .......... .......... .......... 73%  682M 0s
   250K .......... .......... .......... .......... .......... 88%  797M 0s
   300K .......... .......... .......... ........             100% 11,6M=0,01s

2026-09-01 15:14:32 (30,3 MB/s) - ‘costruisciearreda-static/costruisciearreda.it/wp-content/uploads/2024/08/07_SALONE-scaled.jpg’ salvato [346957/346957]

--2026-09-01 15:14:32--  https://costruisciearreda.it/wp-content/uploads/2024/08/08_SALONE-scaled.jpg
Riutilizzo della connessione esistente a costruisciearreda.it:443.
Richiesta HTTP inviata, in attesa di risposta... 200 OK
Lunghezza: 303654 (297K) [image/jpeg]
Salvataggio in: ‘costruisciearreda-static/costruisciearreda.it/wp-content/uploads/2024/08/08_SALONE-scaled.jpg’

     0K .......... .......... .......... .......... .......... 16% 21,4M 0s
    50K .......... .......... .......... .......... .......... 33%  490M 0s
   100K .......... .......... .......... .......... .......... 50% 14,2M 0s
   150K .......... .......... .......... .......... .......... 67% 16,3M 0s
   200K .......... .......... .......... .......... .......... 84%  650M 0s
   250K .......... .......... .......... .......... ......    100%  806M=0,009s

2026-09-01 15:14:32 (32,4 MB/s) - ‘costruisciearreda-static/costruisciearreda.it/wp-content/uploads/2024/08/08_SALONE-scaled.jpg’ salvato [303654/303654]

--2026-09-01 15:14:32--  https://costruisciearreda.it/wp-content/uploads/2024/08/09_CUCINA-scaled.jpg
Riutilizzo della connessione esistente a costruisciearreda.it:443.
Richiesta HTTP inviata, in attesa di risposta... 200 OK
Lunghezza: 263450 (257K) [image/jpeg]
Salvataggio in: ‘costruisciearreda-static/costruisciearreda.it/wp-content/uploads/2024/08/09_CUCINA-scaled.jpg’

     0K .......... .......... .......... .......... .......... 19% 10,8M 0s
    50K .......... .......... .......... .......... .......... 38%  665M 0s
   100K .......... .......... .......... .......... .......... 58% 16,4M 0s
   150K .......... .......... .......... .......... .......... 77%  635M 0s
   200K .......... .......... .......... .......... .......... 97% 44,4M 0s
   250K .......                                               100% 13,6T=0,009s

2026-09-01 15:14:32 (28,7 MB/s) - ‘costruisciearreda-static/costruisciearreda.it/wp-content/uploads/2024/08/09_CUCINA-scaled.jpg’ salvato [263450/263450]

--2026-09-01 15:14:32--  https://costruisciearreda.it/wp-content/uploads/2024/08/10_CUCINA-scaled.jpg
Riutilizzo della connessione esistente a costruisciearreda.it:443.
Richiesta HTTP inviata, in attesa di risposta... 200 OK
Lunghezza: 242229 (237K) [image/jpeg]
Salvataggio in: ‘costruisciearreda-static/costruisciearreda.it/wp-content/uploads/2024/08/10_CUCINA-scaled.jpg’

     0K .......... .......... .......... .......... .......... 21%  388M 0s
    50K .......... .......... .......... .......... .......... 42% 14,9M 0s
   100K .......... .......... .......... .......... .......... 63%  551M 0s
   150K .......... .......... .......... .......... .......... 84% 13,5M 0s
   200K .......... .......... .......... ......               100%  624M=0,007s

2026-09-01 15:14:32 (32,2 MB/s) - ‘costruisciearreda-static/costruisciearreda.it/wp-content/uploads/2024/08/10_CUCINA-scaled.jpg’ salvato [242229/242229]

--2026-09-01 15:14:32--  https://costruisciearreda.it/wp-content/uploads/2024/08/11_CORRIDOIO-scaled.jpg
Riutilizzo della connessione esistente a costruisciearreda.it:443.
Richiesta HTTP inviata, in attesa di risposta... 200 OK
Lunghezza: 255820 (250K) [image/jpeg]
Salvataggio in: ‘costruisciearreda-static/costruisciearreda.it/wp-content/uploads/2024/08/11_CORRIDOIO-scaled.jpg’

     0K .......... .......... .......... .......... .......... 20% 9,27M 0s
    50K .......... .......... .......... .......... .......... 40%  539M 0s
   100K .......... .......... .......... .......... .......... 60%  685M 0s
   150K .......... .......... .......... .......... .......... 80% 20,6M 0s
   200K .......... .......... .......... .......... ......... 100%  720M=0,008s

2026-09-01 15:14:32 (31,0 MB/s) - ‘costruisciearreda-static/costruisciearreda.it/wp-content/uploads/2024/08/11_CORRIDOIO-scaled.jpg’ salvato [255820/255820]

--2026-09-01 15:14:32--  https://costruisciearreda.it/wp-content/uploads/2024/08/12_CAMERETTA-F-scaled.jpg
Riutilizzo della connessione esistente a costruisciearreda.it:443.
Richiesta HTTP inviata, in attesa di risposta... 200 OK
Lunghezza: 317879 (310K) [image/jpeg]
Salvataggio in: ‘costruisciearreda-static/costruisciearreda.it/wp-content/uploads/2024/08/12_CAMERETTA-F-scaled.jpg’

     0K .......... .......... .......... .......... .......... 16% 14,4M 0s
    50K .......... .......... .......... .......... .......... 32%  509M 0s
   100K .......... .......... .......... .......... .......... 48% 36,8M 0s
   150K .......... .......... .......... .......... .......... 64% 14,2M 0s
   200K .......... .......... .......... .......... .......... 80%  453M 0s
   250K .......... .......... .......... .......... .......... 96% 58,5M 0s
   300K ..........                                            100%  579M=0,009s

2026-09-01 15:14:32 (32,9 MB/s) - ‘costruisciearreda-static/costruisciearreda.it/wp-content/uploads/2024/08/12_CAMERETTA-F-scaled.jpg’ salvato [317879/317879]

--2026-09-01 15:14:32--  https://costruisciearreda.it/wp-content/uploads/2024/08/13_CAMERETTA-F-scaled.jpg
Riutilizzo della connessione esistente a costruisciearreda.it:443.
Richiesta HTTP inviata, in attesa di risposta... 200 OK
Lunghezza: 258102 (252K) [image/jpeg]
Salvataggio in: ‘costruisciearreda-static/costruisciearreda.it/wp-content/uploads/2024/08/13_CAMERETTA-F-scaled.jpg’

     0K .......... .......... .......... .......... .......... 19% 17,0M 0s
    50K .......... .......... .......... .......... .......... 39% 9,63M 0s
   100K .......... .......... .......... .......... .......... 59%  679M 0s
   150K .......... .......... .......... .......... .......... 79%  683M 0s
   200K .......... .......... .......... .......... .......... 99% 57,3M 0s
   250K ..                                                    100% 3,82T=0,009s

2026-09-01 15:14:32 (27,5 MB/s) - ‘costruisciearreda-static/costruisciearreda.it/wp-content/uploads/2024/08/13_CAMERETTA-F-scaled.jpg’ salvato [258102/258102]

--2026-09-01 15:14:32--  https://costruisciearreda.it/wp-content/uploads/2024/08/14_CAMERA-MATRIMONIALE-scaled.jpg
Riutilizzo della connessione esistente a costruisciearreda.it:443.
Richiesta HTTP inviata, in attesa di risposta... 200 OK
Lunghezza: 276288 (270K) [image/jpeg]
Salvataggio in: ‘costruisciearreda-static/costruisciearreda.it/wp-content/uploads/2024/08/14_CAMERA-MATRIMONIALE-scaled.jpg’

     0K .......... .......... .......... .......... .......... 18% 33,4M 0s
    50K .......... .......... .......... .......... .......... 37%  694M 0s
   100K .......... .......... .......... .......... .......... 55% 15,3M 0s
   150K .......... .......... .......... .......... .......... 74%  774M 0s
   200K .......... .......... .......... .......... .......... 92% 29,2M 0s
   250K .......... .........                                  100%  783M=0,006s

2026-09-01 15:14:33 (40,6 MB/s) - ‘costruisciearreda-static/costruisciearreda.it/wp-content/uploads/2024/08/14_CAMERA-MATRIMONIALE-scaled.jpg’ salvato [276288/276288]

--2026-09-01 15:14:33--  https://costruisciearreda.it/wp-content/uploads/2024/08/15_CAMERA-MATRIMONIALE-scaled.jpg
Riutilizzo della connessione esistente a costruisciearreda.it:443.
Richiesta HTTP inviata, in attesa di risposta... 200 OK
Lunghezza: 296836 (290K) [image/jpeg]
Salvataggio in: ‘costruisciearreda-static/costruisciearreda.it/wp-content/uploads/2024/08/15_CAMERA-MATRIMONIALE-scaled.jpg’

     0K .......... .......... .......... .......... .......... 17%  439M 0s
    50K .......... .......... .......... .......... .......... 34% 17,4M 0s
   100K .......... .......... .......... .......... .......... 51% 16,7M 0s
   150K .......... .......... .......... .......... .......... 68% 38,2M 0s
   200K .......... .......... .......... .......... .......... 86%  684M 0s
   250K .......... .......... .......... .........            100%  678M=0,007s

2026-09-01 15:14:33 (39,1 MB/s) - ‘costruisciearreda-static/costruisciearreda.it/wp-content/uploads/2024/08/15_CAMERA-MATRIMONIALE-scaled.jpg’ salvato [296836/296836]

--2026-09-01 15:14:33--  https://costruisciearreda.it/wp-content/uploads/2024/08/16_CAMERA-MATRIMONIALE-scaled.jpg
Riutilizzo della connessione esistente a costruisciearreda.it:443.
Richiesta HTTP inviata, in attesa di risposta... 200 OK
Lunghezza: 271963 (266K) [image/jpeg]
Salvataggio in: ‘costruisciearreda-static/costruisciearreda.it/wp-content/uploads/2024/08/16_CAMERA-MATRIMONIALE-scaled.jpg’

     0K .......... .......... .......... .......... .......... 18%  572M 0s
    50K .......... .......... .......... .......... .......... 37% 21,6M 0s
   100K .......... .......... .......... .......... .......... 56% 16,8M 0s
   150K .......... .......... .......... .......... .......... 75% 17,1M 0s
   200K .......... .......... .......... .......... .......... 94%  431M 0s
   250K .......... .....                                      100%  663M=0,008s

2026-09-01 15:14:33 (31,5 MB/s) - ‘costruisciearreda-static/costruisciearreda.it/wp-content/uploads/2024/08/16_CAMERA-MATRIMONIALE-scaled.jpg’ salvato [271963/271963]

--2026-09-01 15:14:33--  https://costruisciearreda.it/wp-content/uploads/2024/08/17_CAMERETTA-MASCHIETTO-scaled.jpg
Riutilizzo della connessione esistente a costruisciearreda.it:443.
Richiesta HTTP inviata, in attesa di risposta... 200 OK
Lunghezza: 280767 (274K) [image/jpeg]
Salvataggio in: ‘costruisciearreda-static/costruisciearreda.it/wp-content/uploads/2024/08/17_CAMERETTA-MASCHIETTO-scaled.jpg’

     0K .......... .......... .......... .......... .......... 18% 15,5M 0s
    50K .......... .......... .......... .......... .......... 36%  719M 0s
   100K .......... .......... .......... .......... .......... 54% 17,8M 0s
   150K .......... .......... .......... .......... .......... 72%  505M 0s
   200K .......... .......... .......... .......... .......... 91% 41,6M 0s
   250K .......... .......... ....                            100%  476M=0,007s

2026-09-01 15:14:33 (36,8 MB/s) - ‘costruisciearreda-static/costruisciearreda.it/wp-content/uploads/2024/08/17_CAMERETTA-MASCHIETTO-scaled.jpg’ salvato [280767/280767]

--2026-09-01 15:14:33--  https://costruisciearreda.it/wp-content/uploads/2024/08/18_CAMERETTA-MASCHIETTO-scaled.jpg
Riutilizzo della connessione esistente a costruisciearreda.it:443.
Richiesta HTTP inviata, in attesa di risposta... 200 OK
Lunghezza: 272797 (266K) [image/jpeg]
Salvataggio in: ‘costruisciearreda-static/costruisciearreda.it/wp-content/uploads/2024/08/18_CAMERETTA-MASCHIETTO-scaled.jpg’

     0K .......... .......... .......... .......... .......... 18%  338M 0s
    50K .......... .......... .......... .......... .......... 37% 18,5M 0s
   100K .......... .......... .......... .......... .......... 56% 17,2M 0s
   150K .......... .......... .......... .......... .......... 75%  455M 0s
   200K .......... .......... .......... .......... .......... 93%  107M 0s
   250K .......... ......                                     100%  595M=0,006s

2026-09-01 15:14:33 (41,9 MB/s) - ‘costruisciearreda-static/costruisciearreda.it/wp-content/uploads/2024/08/18_CAMERETTA-MASCHIETTO-scaled.jpg’ salvato [272797/272797]

--2026-09-01 15:14:33--  https://costruisciearreda.it/wp-content/uploads/2024/08/19_BAGNO-BLU-scaled.jpg
Riutilizzo della connessione esistente a costruisciearreda.it:443.
Richiesta HTTP inviata, in attesa di risposta... 200 OK
Lunghezza: 234765 (229K) [image/jpeg]
Salvataggio in: ‘costruisciearreda-static/costruisciearreda.it/wp-content/uploads/2024/08/19_BAGNO-BLU-scaled.jpg’

     0K .......... .......... .......... .......... .......... 21%  417M 0s
    50K .......... .......... .......... .......... .......... 43% 5,92M 0s
   100K .......... .......... .......... .......... .......... 65%  344M 0s
   150K .......... .......... .......... .......... .......... 87%  453M 0s
   200K .......... .......... .........                       100%  465M=0,009s

2026-09-01 15:14:33 (25,8 MB/s) - ‘costruisciearreda-static/costruisciearreda.it/wp-content/uploads/2024/08/19_BAGNO-BLU-scaled.jpg’ salvato [234765/234765]

--2026-09-01 15:14:33--  https://costruisciearreda.it/wp-content/uploads/2024/08/20_BAGNO-BLU-scaled.jpg
Riutilizzo della connessione esistente a costruisciearreda.it:443.
Richiesta HTTP inviata, in attesa di risposta... 200 OK
Lunghezza: 290534 (284K) [image/jpeg]
Salvataggio in: ‘costruisciearreda-static/costruisciearreda.it/wp-content/uploads/2024/08/20_BAGNO-BLU-scaled.jpg’

     0K .......... .......... .......... .......... .......... 17%  463M 0s
    50K .......... .......... .......... .......... .......... 35% 16,8M 0s
   100K .......... .......... .......... .......... .......... 52% 17,1M 0s
   150K .......... .......... .......... .......... .......... 70%  303M 0s
   200K .......... .......... .......... .......... .......... 88% 17,7M 0s
   250K .......... .......... .......... ...                  100%  359M=0,009s

2026-09-01 15:14:33 (31,2 MB/s) - ‘costruisciearreda-static/costruisciearreda.it/wp-content/uploads/2024/08/20_BAGNO-BLU-scaled.jpg’ salvato [290534/290534]

--2026-09-01 15:14:33--  https://costruisciearreda.it/wp-content/uploads/2024/08/21_BAGNO-ROSA-scaled.jpg
Riutilizzo della connessione esistente a costruisciearreda.it:443.
Richiesta HTTP inviata, in attesa di risposta... 200 OK
Lunghezza: 216003 (211K) [image/jpeg]
Salvataggio in: ‘costruisciearreda-static/costruisciearreda.it/wp-content/uploads/2024/08/21_BAGNO-ROSA-scaled.jpg’

     0K .......... .......... .......... .......... .......... 23% 16,5M 0s
    50K .......... .......... .......... .......... .......... 47%  432M 0s
   100K .......... .......... .......... .......... .......... 71% 10,1M 0s
   150K .......... .......... .......... .......... .......... 94%  519M 0s
   200K ..........                                            100%  378M=0,008s

2026-09-01 15:14:33 (25,6 MB/s) - ‘costruisciearreda-static/costruisciearreda.it/wp-content/uploads/2024/08/21_BAGNO-ROSA-scaled.jpg’ salvato [216003/216003]

--2026-09-01 15:14:33--  https://costruisciearreda.it/wp-content/uploads/2024/08/22_BAGNO-ROSA-scaled.jpg
Riutilizzo della connessione esistente a costruisciearreda.it:443.
Richiesta HTTP inviata, in attesa di risposta... 200 OK
Lunghezza: 252657 (247K) [image/jpeg]
Salvataggio in: ‘costruisciearreda-static/costruisciearreda.it/wp-content/uploads/2024/08/22_BAGNO-ROSA-scaled.jpg’

     0K .......... .......... .......... .......... .......... 20% 7,38M 0s
    50K .......... .......... .......... .......... .......... 40%  384M 0s
   100K .......... .......... .......... .......... .......... 60% 17,4M 0s
   150K .......... .......... .......... .......... .......... 81%  736M 0s
   200K .......... .......... .......... .......... ......    100%  101M=0,01s

2026-09-01 15:14:33 (23,9 MB/s) - ‘costruisciearreda-static/costruisciearreda.it/wp-content/uploads/2024/08/22_BAGNO-ROSA-scaled.jpg’ salvato [252657/252657]

--2026-09-01 15:14:33--  https://costruisciearreda.it/wp-json/oembed/1.0/embed?url=https%3A%2F%2Fcostruisciearreda.it%2Frealizzazioni%2Fappartamento-moderno-prima-e-dopo%2F
Riutilizzo della connessione esistente a costruisciearreda.it:443.
Richiesta HTTP inviata, in attesa di risposta... 200 OK
Lunghezza: non specificato [application/json]
Salvataggio in: ‘costruisciearreda-static/costruisciearreda.it/wp-json/oembed/1.0/embed?url=https:%2F%2Fcostruisciearreda.it%2Frealizzazioni%2Fappartamento-moderno-prima-e-dopo%2F’

     0K ..                                                     1,13G=0s

Intestazione Last-modified mancante -- marche temporali disattivate.
2026-09-01 15:14:33 (1,13 GB/s) - ‘costruisciearreda-static/costruisciearreda.it/wp-json/oembed/1.0/embed?url=https:%2F%2Fcostruisciearreda.it%2Frealizzazioni%2Fappartamento-moderno-prima-e-dopo%2F’ salvato [2518]

--2026-09-01 15:14:33--  https://costruisciearreda.it/wp-json/oembed/1.0/embed?url=https%3A%2F%2Fcostruisciearreda.it%2Frealizzazioni%2Fappartamento-moderno-prima-e-dopo%2F&format=xml
Riutilizzo della connessione esistente a costruisciearreda.it:443.
Richiesta HTTP inviata, in attesa di risposta... 200 OK
Lunghezza: non specificato [text/xml]
Salvataggio in: ‘costruisciearreda-static/costruisciearreda.it/wp-json/oembed/1.0/embed?url=https:%2F%2Fcostruisciearreda.it%2Frealizzazioni%2Fappartamento-moderno-prima-e-dopo%2F&format=xml’

     0K ..                                                     1,97G=0s

Intestazione Last-modified mancante -- marche temporali disattivate.
2026-09-01 15:14:34 (1,97 GB/s) - ‘costruisciearreda-static/costruisciearreda.it/wp-json/oembed/1.0/embed?url=https:%2F%2Fcostruisciearreda.it%2Frealizzazioni%2Fappartamento-moderno-prima-e-dopo%2F&format=xml’ salvato [2706]

--2026-09-01 15:14:34--  https://costruisciearreda.it/?p=4208
Riutilizzo della connessione esistente a costruisciearreda.it:443.
Richiesta HTTP inviata, in attesa di risposta... 301 Moved Permanently
Posizione: https://costruisciearreda.it/realizzazioni/appartamento-moderno-prima-e-dopo/ [segue]
--2026-09-01 15:14:34--  https://costruisciearreda.it/realizzazioni/appartamento-moderno-prima-e-dopo/
Riutilizzo della connessione esistente a costruisciearreda.it:443.
Richiesta HTTP inviata, in attesa di risposta... 200 OK
Lunghezza: non specificato [text/html]
Salvataggio in: ‘costruisciearreda-static/costruisciearreda.it/index.html?p=4208.html’

     0K .......... .......... .......... .......... .......... 2,70M
    50K .......... .......... ........                          641M=0,02s

2026-09-01 15:14:34 (4,24 MB/s) - ‘costruisciearreda-static/costruisciearreda.it/index.html?p=4208.html’ salvato [80662]

--2026-09-01 15:14:34--  https://costruisciearreda.it/wp-content/uploads/2024/08/001-PLANIMETRICA-scaled.jpg
Riutilizzo della connessione esistente a costruisciearreda.it:443.
Richiesta HTTP inviata, in attesa di risposta... 200 OK
Lunghezza: 404727 (395K) [image/jpeg]
Salvataggio in: ‘costruisciearreda-static/costruisciearreda.it/wp-content/uploads/2024/08/001-PLANIMETRICA-scaled.jpg’

     0K .......... .......... .......... .......... .......... 12%  505M 0s
    50K .......... .......... .......... .......... .......... 25% 2,54M 0s
   100K .......... .......... .......... .......... .......... 37% 14,5M 0s
   150K .......... .......... .......... .......... .......... 50% 25,5M 0s
   200K .......... .......... .......... .......... .......... 63%  447M 0s
   250K .......... .......... .......... .......... .......... 75% 2,59M 0s
   300K .......... .......... .......... .......... .......... 88%  395M 0s
   350K .......... .......... .......... .......... .....     100% 44,4M=0,04s

2026-09-01 15:14:34 (8,64 MB/s) - ‘costruisciearreda-static/costruisciearreda.it/wp-content/uploads/2024/08/001-PLANIMETRICA-scaled.jpg’ salvato [404727/404727]

--2026-09-01 15:14:34--  https://costruisciearreda.it/wp-content/uploads/2024/08/002-PLANIMETRICA-scaled.jpg
Riutilizzo della connessione esistente a costruisciearreda.it:443.
Richiesta HTTP inviata, in attesa di risposta... 200 OK
Lunghezza: 365802 (357K) [image/jpeg]
Salvataggio in: ‘costruisciearreda-static/costruisciearreda.it/wp-content/uploads/2024/08/002-PLANIMETRICA-scaled.jpg’

     0K .......... .......... .......... .......... .......... 13% 16,8M 0s
    50K .......... .......... .......... .......... .......... 27% 16,8M 0s
   100K .......... .......... .......... .......... .......... 41%  436M 0s
   150K .......... .......... .......... .......... .......... 55% 18,2M 0s
   200K .......... .......... .......... .......... .......... 69%  620M 0s
   250K .......... .......... .......... .......... .......... 83%  561M 0s
   300K .......... .......... .......... .......... .......... 97% 5,44M 0s
   350K .......                                               100%  237M=0,02s

2026-09-01 15:14:34 (19,6 MB/s) - ‘costruisciearreda-static/costruisciearreda.it/wp-content/uploads/2024/08/002-PLANIMETRICA-scaled.jpg’ salvato [365802/365802]

--2026-09-01 15:14:34--  https://costruisciearreda.it/wp-content/uploads/2024/08/003-VISTA-INGRESSO-scaled.jpg
Riutilizzo della connessione esistente a costruisciearreda.it:443.
Richiesta HTTP inviata, in attesa di risposta... 200 OK
Lunghezza: 285583 (279K) [image/jpeg]
Salvataggio in: ‘costruisciearreda-static/costruisciearreda.it/wp-content/uploads/2024/08/003-VISTA-INGRESSO-scaled.jpg’

     0K .......... .......... .......... .......... .......... 17% 9,14M 0s
    50K .......... .......... .......... .......... .......... 35%  463M 0s
   100K .......... .......... .......... .......... .......... 53%  695M 0s
   150K .......... .......... .......... .......... .......... 71% 19,1M 0s
   200K .......... .......... .......... .......... .......... 89%  493M 0s
   250K .......... .......... ........                        100%  912M=0,008s

2026-09-01 15:14:34 (33,2 MB/s) - ‘costruisciearreda-static/costruisciearreda.it/wp-content/uploads/2024/08/003-VISTA-INGRESSO-scaled.jpg’ salvato [285583/285583]

--2026-09-01 15:14:34--  https://costruisciearreda.it/wp-content/uploads/2024/08/004-VISTA-INGRESSO-scaled.jpg
Riutilizzo della connessione esistente a costruisciearreda.it:443.
Richiesta HTTP inviata, in attesa di risposta... 200 OK
Lunghezza: 188585 (184K) [image/jpeg]
Salvataggio in: ‘costruisciearreda-static/costruisciearreda.it/wp-content/uploads/2024/08/004-VISTA-INGRESSO-scaled.jpg’

     0K .......... .......... .......... .......... .......... 27% 42,6M 0s
    50K .......... .......... .......... .......... .......... 54% 15,8M 0s
   100K .......... .......... .......... .......... .......... 81% 29,0M 0s
   150K .......... .......... .......... ....                 100%  460M=0,006s

2026-09-01 15:14:34 (30,0 MB/s) - ‘costruisciearreda-static/costruisciearreda.it/wp-content/uploads/2024/08/004-VISTA-INGRESSO-scaled.jpg’ salvato [188585/188585]

--2026-09-01 15:14:34--  https://costruisciearreda.it/wp-content/uploads/2024/08/005-VISTA-SALONE-CUCINA-scaled.jpg
Riutilizzo della connessione esistente a costruisciearreda.it:443.
Richiesta HTTP inviata, in attesa di risposta... 200 OK
Lunghezza: 329275 (322K) [image/jpeg]
Salvataggio in: ‘costruisciearreda-static/costruisciearreda.it/wp-content/uploads/2024/08/005-VISTA-SALONE-CUCINA-scaled.jpg’

     0K .......... .......... .......... .......... .......... 15% 19,5M 0s
    50K .......... .......... .......... .......... .......... 31%  431M 0s
   100K .......... .......... .......... .......... .......... 46% 17,3M 0s
   150K .......... .......... .......... .......... .......... 62%  537M 0s
   200K .......... .......... .......... .......... .......... 77% 10,7M 0s
   250K .......... .......... .......... .......... .......... 93%  488M 0s
   300K .......... .......... .                               100%  459M=0,01s

2026-09-01 15:14:34 (30,7 MB/s) - ‘costruisciearreda-static/costruisciearreda.it/wp-content/uploads/2024/08/005-VISTA-SALONE-CUCINA-scaled.jpg’ salvato [329275/329275]

--2026-09-01 15:14:34--  https://costruisciearreda.it/wp-content/uploads/2024/08/006-VISTA-SALONE-CUCINA-scaled.jpg
Riutilizzo della connessione esistente a costruisciearreda.it:443.
Richiesta HTTP inviata, in attesa di risposta... 200 OK
Lunghezza: 383818 (375K) [image/jpeg]
Salvataggio in: ‘costruisciearreda-static/costruisciearreda.it/wp-content/uploads/2024/08/006-VISTA-SALONE-CUCINA-scaled.jpg’

     0K .......... .......... .......... .......... .......... 13% 20,2M 0s
    50K .......... .......... .......... .......... .......... 26%  343M 0s
   100K .......... .......... .......... .......... .......... 40% 16,8M 0s
   150K .......... .......... .......... .......... .......... 53%  472M 0s
   200K .......... .......... .......... .......... .......... 66% 16,3M 0s
   250K .......... .......... .......... .......... .......... 80% 24,3M 0s
   300K .......... .......... .......... .......... .......... 93%  533M 0s
   350K .......... .......... ....                            100% 1,70M=0,02s

2026-09-01 15:14:34 (14,7 MB/s) - ‘costruisciearreda-static/costruisciearreda.it/wp-content/uploads/2024/08/006-VISTA-SALONE-CUCINA-scaled.jpg’ salvato [383818/383818]

--2026-09-01 15:14:34--  https://costruisciearreda.it/wp-content/uploads/2024/08/007-VISTA-SALONE-CUCINA-scaled.jpg
Riutilizzo della connessione esistente a costruisciearreda.it:443.
Richiesta HTTP inviata, in attesa di risposta... 200 OK
Lunghezza: 298803 (292K) [image/jpeg]
Salvataggio in: ‘costruisciearreda-static/costruisciearreda.it/wp-content/uploads/2024/08/007-VISTA-SALONE-CUCINA-scaled.jpg’

     0K .......... .......... .......... .......... .......... 17%  387M 0s
    50K .......... .......... .......... .......... .......... 34%  537M 0s
   100K .......... .......... .......... .......... .......... 51%  413M 0s
   150K .......... .......... .......... .......... .......... 68% 21,6M 0s
   200K .......... .......... .......... .......... .......... 85% 43,2M 0s
   250K .......... .......... .......... .......... .         100%  525M=0,004s

2026-09-01 15:14:34 (75,0 MB/s) - ‘costruisciearreda-static/costruisciearreda.it/wp-content/uploads/2024/08/007-VISTA-SALONE-CUCINA-scaled.jpg’ salvato [298803/298803]

--2026-09-01 15:14:34--  https://costruisciearreda.it/wp-content/uploads/2024/08/008-BAGNO-scaled.jpg
Riutilizzo della connessione esistente a costruisciearreda.it:443.
Richiesta HTTP inviata, in attesa di risposta... 200 OK
Lunghezza: 334004 (326K) [image/jpeg]
Salvataggio in: ‘costruisciearreda-static/costruisciearreda.it/wp-content/uploads/2024/08/008-BAGNO-scaled.jpg’

     0K .......... .......... .......... .......... .......... 15%  492M 0s
    50K .......... .......... .......... .......... .......... 30% 12,8M 0s
   100K .......... .......... .......... .......... .......... 45% 16,8M 0s
   150K .......... .......... .......... .......... .......... 61%  802M 0s
   200K .......... .......... .......... .......... .......... 76% 19,3M 0s
   250K .......... .......... .......... .......... .......... 91%  489M 0s
   300K .......... .......... ......                          100%  548M=0,01s

2026-09-01 15:14:34 (33,3 MB/s) - ‘costruisciearreda-static/costruisciearreda.it/wp-content/uploads/2024/08/008-BAGNO-scaled.jpg’ salvato [334004/334004]

--2026-09-01 15:14:34--  https://costruisciearreda.it/wp-content/uploads/2024/08/009-BAGNO-scaled.jpg
Riutilizzo della connessione esistente a costruisciearreda.it:443.
Richiesta HTTP inviata, in attesa di risposta... 200 OK
Lunghezza: 189059 (185K) [image/jpeg]
Salvataggio in: ‘costruisciearreda-static/costruisciearreda.it/wp-content/uploads/2024/08/009-BAGNO-scaled.jpg’

     0K .......... .......... .......... .......... .......... 27% 15,5M 0s
    50K .......... .......... .......... .......... .......... 54%  511M 0s
   100K .......... .......... .......... .......... .......... 81% 20,3M 0s
   150K .......... .......... .......... ....                 100%  836M=0,006s

2026-09-01 15:14:34 (31,7 MB/s) - ‘costruisciearreda-static/costruisciearreda.it/wp-content/uploads/2024/08/009-BAGNO-scaled.jpg’ salvato [189059/189059]

--2026-09-01 15:14:34--  https://costruisciearreda.it/wp-content/uploads/2024/08/010-CORRIDOIO-scaled.jpg
Riutilizzo della connessione esistente a costruisciearreda.it:443.
Richiesta HTTP inviata, in attesa di risposta... 200 OK
Lunghezza: 166552 (163K) [image/jpeg]
Salvataggio in: ‘costruisciearreda-static/costruisciearreda.it/wp-content/uploads/2024/08/010-CORRIDOIO-scaled.jpg’

     0K .......... .......... .......... .......... .......... 30% 10,3M 0s
    50K .......... .......... .......... .......... .......... 61%  549M 0s
   100K .......... .......... .......... .......... .......... 92%  694M 0s
   150K .......... ..                                         100% 1,11G=0,005s

2026-09-01 15:14:34 (32,4 MB/s) - ‘costruisciearreda-static/costruisciearreda.it/wp-content/uploads/2024/08/010-CORRIDOIO-scaled.jpg’ salvato [166552/166552]

--2026-09-01 15:14:34--  https://costruisciearreda.it/wp-content/uploads/2024/08/011-CAMERA-MATRIMONIALE-scaled.jpg
Riutilizzo della connessione esistente a costruisciearreda.it:443.
Richiesta HTTP inviata, in attesa di risposta... 200 OK
Lunghezza: 334645 (327K) [image/jpeg]
Salvataggio in: ‘costruisciearreda-static/costruisciearreda.it/wp-content/uploads/2024/08/011-CAMERA-MATRIMONIALE-scaled.jpg’

     0K .......... .......... .......... .......... .......... 15% 12,6M 0s
    50K .......... .......... .......... .......... .......... 30%  398M 0s
   100K .......... .......... .......... .......... .......... 45% 16,7M 0s
   150K .......... .......... .......... .......... .......... 61%  638M 0s
   200K .......... .......... .......... .......... .......... 76% 22,0M 0s
   250K .......... .......... .......... .......... .......... 91%  717M 0s
   300K .......... .......... ......                          100%  225M=0,009s

2026-09-01 15:14:34 (33,9 MB/s) - ‘costruisciearreda-static/costruisciearreda.it/wp-content/uploads/2024/08/011-CAMERA-MATRIMONIALE-scaled.jpg’ salvato [334645/334645]

--2026-09-01 15:14:34--  https://costruisciearreda.it/wp-content/uploads/2024/08/012-CAMERA-MATRIMONIALE-scaled.jpg
Riutilizzo della connessione esistente a costruisciearreda.it:443.
Richiesta HTTP inviata, in attesa di risposta... 200 OK
Lunghezza: 288494 (282K) [image/jpeg]
Salvataggio in: ‘costruisciearreda-static/costruisciearreda.it/wp-content/uploads/2024/08/012-CAMERA-MATRIMONIALE-scaled.jpg’

     0K .......... .......... .......... .......... .......... 17%  108M 0s
    50K .......... .......... .......... .......... .......... 35% 18,2M 0s
   100K .......... .......... .......... .......... .......... 53% 16,2M 0s
   150K .......... .......... .......... .......... .......... 70%  661M 0s
   200K .......... .......... .......... .......... .......... 88% 14,1M 0s
   250K .......... .......... .......... .                    100%  495M=0,01s

2026-09-01 15:14:34 (28,2 MB/s) - ‘costruisciearreda-static/costruisciearreda.it/wp-content/uploads/2024/08/012-CAMERA-MATRIMONIALE-scaled.jpg’ salvato [288494/288494]

--2026-09-01 15:14:34--  https://costruisciearreda.it/wp-content/uploads/2024/08/013-CAMERA-MATRIMONIALE-scaled.jpg
Riutilizzo della connessione esistente a costruisciearreda.it:443.
Richiesta HTTP inviata, in attesa di risposta... 200 OK
Lunghezza: 253142 (247K) [image/jpeg]
Salvataggio in: ‘costruisciearreda-static/costruisciearreda.it/wp-content/uploads/2024/08/013-CAMERA-MATRIMONIALE-scaled.jpg’

     0K .......... .......... .......... .......... .......... 20% 15,7M 0s
    50K .......... .......... .......... .......... .......... 40%  798M 0s
   100K .......... .......... .......... .......... .......... 60% 17,4M 0s
   150K .......... .......... .......... .......... .......... 80%  581M 0s
   200K .......... .......... .......... .......... .......   100% 75,3M=0,007s

2026-09-01 15:14:35 (36,1 MB/s) - ‘costruisciearreda-static/costruisciearreda.it/wp-content/uploads/2024/08/013-CAMERA-MATRIMONIALE-scaled.jpg’ salvato [253142/253142]

--2026-09-01 15:14:35--  https://costruisciearreda.it/wp-content/uploads/2024/08/014-CAMERA-MATRIMONIALE-scaled.jpg
Riutilizzo della connessione esistente a costruisciearreda.it:443.
Richiesta HTTP inviata, in attesa di risposta... 200 OK
Lunghezza: 211450 (206K) [image/jpeg]
Salvataggio in: ‘costruisciearreda-static/costruisciearreda.it/wp-content/uploads/2024/08/014-CAMERA-MATRIMONIALE-scaled.jpg’

     0K .......... .......... .......... .......... .......... 24%  549M 0s
    50K .......... .......... .......... .......... .......... 48% 18,4M 0s
   100K .......... .......... .......... .......... .......... 72% 30,7M 0s
   150K .......... .......... .......... .......... .......... 96%  307M 0s
   200K ......                                                100%  325M=0,005s

2026-09-01 15:14:35 (44,7 MB/s) - ‘costruisciearreda-static/costruisciearreda.it/wp-content/uploads/2024/08/014-CAMERA-MATRIMONIALE-scaled.jpg’ salvato [211450/211450]

--2026-09-01 15:14:35--  https://costruisciearreda.it/wp-content/uploads/2024/08/015-CAMERETTA-FEMMINA-scaled.jpg
Riutilizzo della connessione esistente a costruisciearreda.it:443.
Richiesta HTTP inviata, in attesa di risposta... 200 OK
Lunghezza: 325003 (317K) [image/jpeg]
Salvataggio in: ‘costruisciearreda-static/costruisciearreda.it/wp-content/uploads/2024/08/015-CAMERETTA-FEMMINA-scaled.jpg’

     0K .......... .......... .......... .......... .......... 15% 16,0M 0s
    50K .......... .......... .......... .......... .......... 31%  470M 0s
   100K .......... .......... .......... .......... .......... 47% 17,2M 0s
   150K .......... .......... .......... .......... .......... 63%  481M 0s
   200K .......... .......... .......... .......... .......... 78% 21,3M 0s
   250K .......... .......... .......... .......... .......... 94%  148M 0s
   300K .......... .......                                    100% 2,32M=0,02s

2026-09-01 15:14:35 (19,3 MB/s) - ‘costruisciearreda-static/costruisciearreda.it/wp-content/uploads/2024/08/015-CAMERETTA-FEMMINA-scaled.jpg’ salvato [325003/325003]

--2026-09-01 15:14:35--  https://costruisciearreda.it/wp-content/uploads/2024/08/016-CAMERETTA-FEMMINA-scaled.jpg
Riutilizzo della connessione esistente a costruisciearreda.it:443.
Richiesta HTTP inviata, in attesa di risposta... 200 OK
Lunghezza: 268994 (263K) [image/jpeg]
Salvataggio in: ‘costruisciearreda-static/costruisciearreda.it/wp-content/uploads/2024/08/016-CAMERETTA-FEMMINA-scaled.jpg’

     0K .......... .......... .......... .......... .......... 19%  568M 0s
    50K .......... .......... .......... .......... .......... 38% 20,0M 0s
   100K .......... .......... .......... .......... .......... 57% 8,63M 0s
   150K .......... .......... .......... .......... .......... 76%  511M 0s
   200K .......... .......... .......... .......... .......... 95% 57,8M 0s
   250K .......... ..                                         100%  826M=0,009s

2026-09-01 15:14:35 (28,1 MB/s) - ‘costruisciearreda-static/costruisciearreda.it/wp-content/uploads/2024/08/016-CAMERETTA-FEMMINA-scaled.jpg’ salvato [268994/268994]

--2026-09-01 15:14:35--  https://costruisciearreda.it/wp-content/uploads/2024/08/017-CAMERETTA-MASCHIO-scaled.jpg
Riutilizzo della connessione esistente a costruisciearreda.it:443.
Richiesta HTTP inviata, in attesa di risposta... 200 OK
Lunghezza: 241685 (236K) [image/jpeg]
Salvataggio in: ‘costruisciearreda-static/costruisciearreda.it/wp-content/uploads/2024/08/017-CAMERETTA-MASCHIO-scaled.jpg’

     0K .......... .......... .......... .......... .......... 21% 15,1M 0s
    50K .......... .......... .......... .......... .......... 42% 18,4M 0s
   100K .......... .......... .......... .......... .......... 63%  673M 0s
   150K .......... .......... .......... .......... .......... 84% 42,4M 0s
   200K .......... .......... .......... ......               100%  685M=0,007s

2026-09-01 15:14:35 (32,2 MB/s) - ‘costruisciearreda-static/costruisciearreda.it/wp-content/uploads/2024/08/017-CAMERETTA-MASCHIO-scaled.jpg’ salvato [241685/241685]

--2026-09-01 15:14:35--  https://costruisciearreda.it/wp-content/uploads/2024/08/018-CAMERETTA-MASCHIO-scaled.jpg
Riutilizzo della connessione esistente a costruisciearreda.it:443.
Richiesta HTTP inviata, in attesa di risposta... 200 OK
Lunghezza: 252207 (246K) [image/jpeg]
Salvataggio in: ‘costruisciearreda-static/costruisciearreda.it/wp-content/uploads/2024/08/018-CAMERETTA-MASCHIO-scaled.jpg’

     0K .......... .......... .......... .......... .......... 20% 13,3M 0s
    50K .......... .......... .......... .......... .......... 40%  317M 0s
   100K .......... .......... .......... .......... .......... 60% 17,5M 0s
   150K .......... .......... .......... .......... .......... 81%  443M 0s
   200K .......... .......... .......... .......... ......    100% 27,4M=0,008s

2026-09-01 15:14:35 (28,7 MB/s) - ‘costruisciearreda-static/costruisciearreda.it/wp-content/uploads/2024/08/018-CAMERETTA-MASCHIO-scaled.jpg’ salvato [252207/252207]

--2026-09-01 15:14:35--  https://costruisciearreda.it/wp-content/uploads/2024/08/019-BAGNO-ROMA-IMP-scaled.jpg
Riutilizzo della connessione esistente a costruisciearreda.it:443.
Richiesta HTTP inviata, in attesa di risposta... 200 OK
Lunghezza: 301316 (294K) [image/jpeg]
Salvataggio in: ‘costruisciearreda-static/costruisciearreda.it/wp-content/uploads/2024/08/019-BAGNO-ROMA-IMP-scaled.jpg’

     0K .......... .......... .......... .......... .......... 16%  392M 0s
    50K .......... .......... .......... .......... .......... 33% 14,4M 0s
   100K .......... .......... .......... .......... .......... 50% 16,9M 0s
   150K .......... .......... .......... .......... .......... 67%  727M 0s
   200K .......... .......... .......... .......... .......... 84% 28,0M 0s
   250K .......... .......... .......... .......... ....      100%  754M=0,008s

2026-09-01 15:14:35 (34,7 MB/s) - ‘costruisciearreda-static/costruisciearreda.it/wp-content/uploads/2024/08/019-BAGNO-ROMA-IMP-scaled.jpg’ salvato [301316/301316]

--2026-09-01 15:14:35--  https://costruisciearreda.it/wp-content/uploads/2024/08/020-BAGNO-ROMA-IMP-scaled.jpg
Riutilizzo della connessione esistente a costruisciearreda.it:443.
Richiesta HTTP inviata, in attesa di risposta... 200 OK
Lunghezza: 329140 (321K) [image/jpeg]
Salvataggio in: ‘costruisciearreda-static/costruisciearreda.it/wp-content/uploads/2024/08/020-BAGNO-ROMA-IMP-scaled.jpg’

     0K .......... .......... .......... .......... .......... 15% 8,86M 0s
    50K .......... .......... .......... .......... .......... 31% 15,8M 0s
   100K .......... .......... .......... .......... .......... 46%  406M 0s
   150K .......... .......... .......... .......... .......... 62%  697M 0s
   200K .......... .......... .......... .......... .......... 77% 13,8M 0s
   250K .......... .......... .......... .......... .......... 93%  507M 0s
   300K .......... .......... .                               100%  475M=0,01s

2026-09-01 15:14:35 (25,2 MB/s) - ‘costruisciearreda-static/costruisciearreda.it/wp-content/uploads/2024/08/020-BAGNO-ROMA-IMP-scaled.jpg’ salvato [329140/329140]

--2026-09-01 15:14:35--  https://costruisciearreda.it/wp-json/oembed/1.0/embed?url=https%3A%2F%2Fcostruisciearreda.it%2Frealizzazioni%2Fbar-tabacchi%2F
Riutilizzo della connessione esistente a costruisciearreda.it:443.
Richiesta HTTP inviata, in attesa di risposta... 200 OK
Lunghezza: non specificato [application/json]
Salvataggio in: ‘costruisciearreda-static/costruisciearreda.it/wp-json/oembed/1.0/embed?url=https:%2F%2Fcostruisciearreda.it%2Frealizzazioni%2Fbar-tabacchi%2F’

     0K ..                                                     1,22G=0s

Intestazione Last-modified mancante -- marche temporali disattivate.
2026-09-01 15:14:35 (1,22 GB/s) - ‘costruisciearreda-static/costruisciearreda.it/wp-json/oembed/1.0/embed?url=https:%2F%2Fcostruisciearreda.it%2Frealizzazioni%2Fbar-tabacchi%2F’ salvato [2416]

--2026-09-01 15:14:35--  https://costruisciearreda.it/wp-json/oembed/1.0/embed?url=https%3A%2F%2Fcostruisciearreda.it%2Frealizzazioni%2Fbar-tabacchi%2F&format=xml
Riutilizzo della connessione esistente a costruisciearreda.it:443.
Richiesta HTTP inviata, in attesa di risposta... 200 OK
Lunghezza: non specificato [text/xml]
Salvataggio in: ‘costruisciearreda-static/costruisciearreda.it/wp-json/oembed/1.0/embed?url=https:%2F%2Fcostruisciearreda.it%2Frealizzazioni%2Fbar-tabacchi%2F&format=xml’

     0K ..                                                     2,01G=0s

Intestazione Last-modified mancante -- marche temporali disattivate.
2026-09-01 15:14:36 (2,01 GB/s) - ‘costruisciearreda-static/costruisciearreda.it/wp-json/oembed/1.0/embed?url=https:%2F%2Fcostruisciearreda.it%2Frealizzazioni%2Fbar-tabacchi%2F&format=xml’ salvato [2601]

--2026-09-01 15:14:36--  https://costruisciearreda.it/?p=4188
Riutilizzo della connessione esistente a costruisciearreda.it:443.
Richiesta HTTP inviata, in attesa di risposta... 301 Moved Permanently
Posizione: https://costruisciearreda.it/realizzazioni/bar-tabacchi/ [segue]
--2026-09-01 15:14:36--  https://costruisciearreda.it/realizzazioni/bar-tabacchi/
Riutilizzo della connessione esistente a costruisciearreda.it:443.
Richiesta HTTP inviata, in attesa di risposta... 200 OK
Lunghezza: non specificato [text/html]
Salvataggio in: ‘costruisciearreda-static/costruisciearreda.it/index.html?p=4188.html’

     0K .......... .......... .......... .......... .......... 2,48M
    50K .......... .........                                    606M=0,02s

2026-09-01 15:14:36 (3,45 MB/s) - ‘costruisciearreda-static/costruisciearreda.it/index.html?p=4188.html’ salvato [71323]

--2026-09-01 15:14:36--  https://costruisciearreda.it/wp-content/uploads/2024/08/02_PLANIMETRICA-1-scaled.jpg
Riutilizzo della connessione esistente a costruisciearreda.it:443.
Richiesta HTTP inviata, in attesa di risposta... 200 OK
Lunghezza: 273935 (268K) [image/jpeg]
Salvataggio in: ‘costruisciearreda-static/costruisciearreda.it/wp-content/uploads/2024/08/02_PLANIMETRICA-1-scaled.jpg’

     0K .......... .......... .......... .......... .......... 18% 50,0M 0s
    50K .......... .......... .......... .......... .......... 37% 2,61M 0s
   100K .......... .......... .......... .......... .......... 56% 17,0M 0s
   150K .......... .......... .......... .......... .......... 74%  584M 0s
   200K .......... .......... .......... .......... .......... 93% 56,1M 0s
   250K .......... .......                                    100%  675M=0,02s

2026-09-01 15:14:36 (11,1 MB/s) - ‘costruisciearreda-static/costruisciearreda.it/wp-content/uploads/2024/08/02_PLANIMETRICA-1-scaled.jpg’ salvato [273935/273935]

--2026-09-01 15:14:36--  https://costruisciearreda.it/wp-content/uploads/2024/08/03-VISTA-INGRESSO-SX-scaled.jpg
Riutilizzo della connessione esistente a costruisciearreda.it:443.
Richiesta HTTP inviata, in attesa di risposta... 200 OK
Lunghezza: 344989 (337K) [image/jpeg]
Salvataggio in: ‘costruisciearreda-static/costruisciearreda.it/wp-content/uploads/2024/08/03-VISTA-INGRESSO-SX-scaled.jpg’

     0K .......... .......... .......... .......... .......... 14%  411M 0s
    50K .......... .......... .......... .......... .......... 29% 8,98M 0s
   100K .......... .......... .......... .......... .......... 44% 16,6M 0s
   150K .......... .......... .......... .......... .......... 59%  810M 0s
   200K .......... .......... .......... .......... .......... 74%  656M 0s
   250K .......... .......... .......... .......... .......... 89%  792M 0s
   300K .......... .......... .......... ......               100% 1,86M=0,03s

2026-09-01 15:14:36 (11,7 MB/s) - ‘costruisciearreda-static/costruisciearreda.it/wp-content/uploads/2024/08/03-VISTA-INGRESSO-SX-scaled.jpg’ salvato [344989/344989]

--2026-09-01 15:14:36--  https://costruisciearreda.it/wp-content/uploads/2024/08/04-VISTA-INGRESSO-FRONT-scaled.jpg
Riutilizzo della connessione esistente a costruisciearreda.it:443.
Richiesta HTTP inviata, in attesa di risposta... 200 OK
Lunghezza: 394273 (385K) [image/jpeg]
Salvataggio in: ‘costruisciearreda-static/costruisciearreda.it/wp-content/uploads/2024/08/04-VISTA-INGRESSO-FRONT-scaled.jpg’

     0K .......... .......... .......... .......... .......... 12%  310M 0s
    50K .......... .......... .......... .......... .......... 25% 20,9M 0s
   100K .......... .......... .......... .......... .......... 38% 17,2M 0s
   150K .......... .......... .......... .......... .......... 51% 13,2M 0s
   200K .......... .......... .......... .......... .......... 64%  346M 0s
   250K .......... .......... .......... .......... .......... 77%  773M 0s
   300K .......... .......... .......... .......... .......... 90% 6,38M 0s
   350K .......... .......... .......... .....                100% 4,67M=0,02s

2026-09-01 15:14:36 (15,5 MB/s) - ‘costruisciearreda-static/costruisciearreda.it/wp-content/uploads/2024/08/04-VISTA-INGRESSO-FRONT-scaled.jpg’ salvato [394273/394273]

--2026-09-01 15:14:36--  https://costruisciearreda.it/wp-content/uploads/2024/08/05-VISTA-INGRESSO-DX-scaled.jpg
Riutilizzo della connessione esistente a costruisciearreda.it:443.
Richiesta HTTP inviata, in attesa di risposta... 200 OK
Lunghezza: 444824 (434K) [image/jpeg]
Salvataggio in: ‘costruisciearreda-static/costruisciearreda.it/wp-content/uploads/2024/08/05-VISTA-INGRESSO-DX-scaled.jpg’

     0K .......... .......... .......... .......... .......... 11% 16,8M 0s
    50K .......... .......... .......... .......... .......... 23%  445M 0s
   100K .......... .......... .......... .......... .......... 34% 9,24M 0s
   150K .......... .......... .......... .......... .......... 46%  442M 0s
   200K .......... .......... .......... .......... .......... 57%  381M 0s
   250K .......... .......... .......... .......... .......... 69% 19,3M 0s
   300K .......... .......... .......... .......... .......... 80% 4,30M 0s
   350K .......... .......... .......... .......... .......... 92% 8,43M 0s
   400K .......... .......... .......... ....                 100%  781M=0,03s

2026-09-01 15:14:36 (15,0 MB/s) - ‘costruisciearreda-static/costruisciearreda.it/wp-content/uploads/2024/08/05-VISTA-INGRESSO-DX-scaled.jpg’ salvato [444824/444824]

--2026-09-01 15:14:36--  https://costruisciearreda.it/wp-content/uploads/2024/08/06_VISTA-BANCO-scaled.jpg
Riutilizzo della connessione esistente a costruisciearreda.it:443.
Richiesta HTTP inviata, in attesa di risposta... 200 OK
Lunghezza: 442267 (432K) [image/jpeg]
Salvataggio in: ‘costruisciearreda-static/costruisciearreda.it/wp-content/uploads/2024/08/06_VISTA-BANCO-scaled.jpg’

     0K .......... .......... .......... .......... .......... 11%  291M 0s
    50K .......... .......... .......... .......... .......... 23% 18,3M 0s
   100K .......... .......... .......... .......... .......... 34% 10,9M 0s
   150K .......... .......... .......... .......... .......... 46%  735M 0s
   200K .......... .......... .......... .......... .......... 57%  715M 0s
   250K .......... .......... .......... .......... .......... 69% 44,9M 0s
   300K .......... .......... .......... .......... .......... 81% 9,46M 0s
   350K .......... .......... .......... .......... .......... 92% 3,24M 0s
   400K .......... .......... .......... .                    100%  514M=0,03s

2026-09-01 15:14:36 (14,7 MB/s) - ‘costruisciearreda-static/costruisciearreda.it/wp-content/uploads/2024/08/06_VISTA-BANCO-scaled.jpg’ salvato [442267/442267]

--2026-09-01 15:14:36--  https://costruisciearreda.it/wp-content/uploads/2024/08/07_VISTA-BANCO-scaled.jpg
Riutilizzo della connessione esistente a costruisciearreda.it:443.
Richiesta HTTP inviata, in attesa di risposta... 200 OK
Lunghezza: 416861 (407K) [image/jpeg]
Salvataggio in: ‘costruisciearreda-static/costruisciearreda.it/wp-content/uploads/2024/08/07_VISTA-BANCO-scaled.jpg’

     0K .......... .......... .......... .......... .......... 12%  388M 0s
    50K .......... .......... .......... .......... .......... 24% 17,4M 0s
   100K .......... .......... .......... .......... .......... 36%  415M 0s
   150K .......... .......... .......... .......... .......... 49% 22,1M 0s
   200K .......... .......... .......... .......... .......... 61%  477M 0s
   250K .......... .......... .......... .......... .......... 73% 41,3M 0s
   300K .......... .......... .......... .......... .......... 85% 20,6M 0s
   350K .......... .......... .......... .......... .......... 98% 3,12M 0s
   400K .......                                               100%  392M=0,02s

2026-09-01 15:14:36 (16,2 MB/s) - ‘costruisciearreda-static/costruisciearreda.it/wp-content/uploads/2024/08/07_VISTA-BANCO-scaled.jpg’ salvato [416861/416861]

--2026-09-01 15:14:36--  https://costruisciearreda.it/wp-content/uploads/2024/08/08_VISTA-BANCO-scaled.jpg
Riutilizzo della connessione esistente a costruisciearreda.it:443.
Richiesta HTTP inviata, in attesa di risposta... 200 OK
Lunghezza: 352668 (344K) [image/jpeg]
Salvataggio in: ‘costruisciearreda-static/costruisciearreda.it/wp-content/uploads/2024/08/08_VISTA-BANCO-scaled.jpg’

     0K .......... .......... .......... .......... .......... 14%  479M 0s
    50K .......... .......... .......... .......... .......... 29% 21,0M 0s
   100K .......... .......... .......... .......... .......... 43% 17,8M 0s
   150K .......... .......... .......... .......... .......... 58%  459M 0s
   200K .......... .......... .......... .......... .......... 72% 9,83M 0s
   250K .......... .......... .......... .......... .......... 87%  473M 0s
   300K .......... .......... .......... .......... ....      100% 13,0M=0,01s

2026-09-01 15:14:36 (24,6 MB/s) - ‘costruisciearreda-static/costruisciearreda.it/wp-content/uploads/2024/08/08_VISTA-BANCO-scaled.jpg’ salvato [352668/352668]

--2026-09-01 15:14:36--  https://costruisciearreda.it/wp-content/uploads/2024/08/10_PLANIMETRICA-scaled.jpg
Riutilizzo della connessione esistente a costruisciearreda.it:443.
Richiesta HTTP inviata, in attesa di risposta... 200 OK
Lunghezza: 220978 (216K) [image/jpeg]
Salvataggio in: ‘costruisciearreda-static/costruisciearreda.it/wp-content/uploads/2024/08/10_PLANIMETRICA-scaled.jpg’

     0K .......... .......... .......... .......... .......... 23% 11,6M 0s
    50K .......... .......... .......... .......... .......... 46%  648M 0s
   100K .......... .......... .......... .......... .......... 69%  657M 0s
   150K .......... .......... .......... .......... .......... 92% 43,9M 0s
   200K .......... .....                                      100%  517M=0,005s

2026-09-01 15:14:36 (38,4 MB/s) - ‘costruisciearreda-static/costruisciearreda.it/wp-content/uploads/2024/08/10_PLANIMETRICA-scaled.jpg’ salvato [220978/220978]

--2026-09-01 15:14:36--  https://costruisciearreda.it/wp-content/uploads/2024/08/11_SOLUZIONE-B-scaled.jpg
Riutilizzo della connessione esistente a costruisciearreda.it:443.
Richiesta HTTP inviata, in attesa di risposta... 200 OK
Lunghezza: 523634 (511K) [image/jpeg]
Salvataggio in: ‘costruisciearreda-static/costruisciearreda.it/wp-content/uploads/2024/08/11_SOLUZIONE-B-scaled.jpg’

     0K .......... .......... .......... .......... ..........  9% 19,7M 0s
    50K .......... .......... .......... .......... .......... 19%  713M 0s
   100K .......... .......... .......... .......... .......... 29% 17,3M 0s
   150K .......... .......... .......... .......... .......... 39% 13,7M 0s
   200K .......... .......... .......... .......... .......... 48%  665M 0s
   250K .......... .......... .......... .......... .......... 58% 60,5M 0s
   300K .......... .......... .......... .......... .......... 68% 9,72M 0s
   350K .......... .......... .......... .......... .......... 78% 5,41M 0s
   400K .......... .......... .......... .......... .......... 88% 14,6M 0s
   450K .......... .......... .......... .......... .......... 97%  690M 0s
   500K .......... .                                          100% 1,00G=0,03s

2026-09-01 15:14:37 (18,3 MB/s) - ‘costruisciearreda-static/costruisciearreda.it/wp-content/uploads/2024/08/11_SOLUZIONE-B-scaled.jpg’ salvato [523634/523634]

--2026-09-01 15:14:37--  https://costruisciearreda.it/wp-content/uploads/2024/08/12-PRIMA-DOPO-scaled.jpg
Riutilizzo della connessione esistente a costruisciearreda.it:443.
Richiesta HTTP inviata, in attesa di risposta... 200 OK
Lunghezza: 427531 (418K) [image/jpeg]
Salvataggio in: ‘costruisciearreda-static/costruisciearreda.it/wp-content/uploads/2024/08/12-PRIMA-DOPO-scaled.jpg’

     0K .......... .......... .......... .......... .......... 11% 10,5M 0s
    50K .......... .......... .......... .......... .......... 23%  474M 0s
   100K .......... .......... .......... .......... .......... 35% 9,21M 0s
   150K .......... .......... .......... .......... .......... 47%  684M 0s
   200K .......... .......... .......... .......... .......... 59%  709M 0s
   250K .......... .......... .......... .......... .......... 71% 19,2M 0s
   300K .......... .......... .......... .......... .......... 83%  569M 0s
   350K .......... .......... .......... .......... .......... 95% 6,09M 0s
   400K .......... .......                                    100%  552M=0,02s

2026-09-01 15:14:37 (19,5 MB/s) - ‘costruisciearreda-static/costruisciearreda.it/wp-content/uploads/2024/08/12-PRIMA-DOPO-scaled.jpg’ salvato [427531/427531]

--2026-09-01 15:14:37--  https://costruisciearreda.it/wp-json/oembed/1.0/embed?url=https%3A%2F%2Fcostruisciearreda.it%2Frealizzazioni%2Fwood-e-white%2F
Riutilizzo della connessione esistente a costruisciearreda.it:443.
Richiesta HTTP inviata, in attesa di risposta... 200 OK
Lunghezza: non specificato [application/json]
Salvataggio in: ‘costruisciearreda-static/costruisciearreda.it/wp-json/oembed/1.0/embed?url=https:%2F%2Fcostruisciearreda.it%2Frealizzazioni%2Fwood-e-white%2F’

     0K ..                                                     1,58G=0s

Intestazione Last-modified mancante -- marche temporali disattivate.
2026-09-01 15:14:37 (1,58 GB/s) - ‘costruisciearreda-static/costruisciearreda.it/wp-json/oembed/1.0/embed?url=https:%2F%2Fcostruisciearreda.it%2Frealizzazioni%2Fwood-e-white%2F’ salvato [2407]

--2026-09-01 15:14:37--  https://costruisciearreda.it/wp-json/oembed/1.0/embed?url=https%3A%2F%2Fcostruisciearreda.it%2Frealizzazioni%2Fwood-e-white%2F&format=xml
Riutilizzo della connessione esistente a costruisciearreda.it:443.
Richiesta HTTP inviata, in attesa di risposta... 200 OK
Lunghezza: non specificato [text/xml]
Salvataggio in: ‘costruisciearreda-static/costruisciearreda.it/wp-json/oembed/1.0/embed?url=https:%2F%2Fcostruisciearreda.it%2Frealizzazioni%2Fwood-e-white%2F&format=xml’

     0K ..                                                     1,46G=0s

Intestazione Last-modified mancante -- marche temporali disattivate.
2026-09-01 15:14:37 (1,46 GB/s) - ‘costruisciearreda-static/costruisciearreda.it/wp-json/oembed/1.0/embed?url=https:%2F%2Fcostruisciearreda.it%2Frealizzazioni%2Fwood-e-white%2F&format=xml’ salvato [2595]

--2026-09-01 15:14:37--  https://costruisciearreda.it/?p=4155
Riutilizzo della connessione esistente a costruisciearreda.it:443.
Richiesta HTTP inviata, in attesa di risposta... 301 Moved Permanently
Posizione: https://costruisciearreda.it/realizzazioni/wood-e-white/ [segue]
--2026-09-01 15:14:38--  https://costruisciearreda.it/realizzazioni/wood-e-white/
Riutilizzo della connessione esistente a costruisciearreda.it:443.
Richiesta HTTP inviata, in attesa di risposta... 200 OK
Lunghezza: non specificato [text/html]
Salvataggio in: ‘costruisciearreda-static/costruisciearreda.it/index.html?p=4155.html’

     0K .......... .......... .......... .......... .......... 3,24M
    50K .......... .......                                     5,23M=0,02s

2026-09-01 15:14:38 (3,60 MB/s) - ‘costruisciearreda-static/costruisciearreda.it/index.html?p=4155.html’ salvato [69122]

--2026-09-01 15:14:38--  https://costruisciearreda.it/wp-content/uploads/2024/08/3.png
Riutilizzo della connessione esistente a costruisciearreda.it:443.
Richiesta HTTP inviata, in attesa di risposta... 200 OK
Lunghezza: 5432260 (5,2M) [image/png]
Salvataggio in: ‘costruisciearreda-static/costruisciearreda.it/wp-content/uploads/2024/08/3.png’

     0K .......... .......... .......... .......... ..........  0% 18,5M 0s
    50K .......... .......... .......... .......... ..........  1%  369M 0s
   100K .......... .......... .......... .......... ..........  2% 2,68M 1s
   150K .......... .......... .......... .......... ..........  3% 8,87M 1s
   200K .......... .......... .......... .......... ..........  4% 18,3M 1s
   250K .......... .......... .......... .......... ..........  5%  714M 0s
   300K .......... .......... .......... .......... ..........  6%  826M 0s
   350K .......... .......... .......... .......... ..........  7% 3,51M 1s
   400K .......... .......... .......... .......... ..........  8%  539M 0s
   450K .......... .......... .......... .......... ..........  9% 6,76M 0s
   500K .......... .......... .......... .......... .......... 10%  474M 0s
   550K .......... .......... .......... .......... .......... 11% 19,8M 0s
   600K .......... .......... .......... .......... .......... 12% 18,7M 0s
   650K .......... .......... .......... .......... .......... 13%  463M 0s
   700K .......... .......... .......... .......... .......... 14% 8,31M 0s
   750K .......... .......... .......... .......... .......... 15% 9,67M 0s
   800K .......... .......... .......... .......... .......... 16% 6,95M 0s
   850K .......... .......... .......... .......... .......... 16% 12,7M 0s
   900K .......... .......... .......... .......... .......... 17% 16,5M 0s
   950K .......... .......... .......... .......... .......... 18%  494M 0s
  1000K .......... .......... .......... .......... .......... 19%  524M 0s
  1050K .......... .......... .......... .......... .......... 20% 31,1M 0s
  1100K .......... .......... .......... .......... .......... 21% 5,90M 0s
  1150K .......... .......... .......... .......... .......... 22% 33,2M 0s
  1200K .......... .......... .......... .......... .......... 23%  460M 0s
  1250K .......... .......... .......... .......... .......... 24% 32,3M 0s
  1300K .......... .......... .......... .......... .......... 25% 8,43M 0s
  1350K .......... .......... .......... .......... .......... 26% 19,7M 0s
  1400K .......... .......... .......... .......... .......... 27% 6,65M 0s
  1450K .......... .......... .......... .......... .......... 28%  410M 0s
  1500K .......... .......... .......... .......... .......... 29% 18,0M 0s
  1550K .......... .......... .......... .......... .......... 30%  689M 0s
  1600K .......... .......... .......... .......... .......... 31% 14,9M 0s
  1650K .......... .......... .......... .......... .......... 32% 60,3M 0s
  1700K .......... .......... .......... .......... .......... 32% 14,2M 0s
  1750K .......... .......... .......... .......... .......... 33% 4,32M 0s
  1800K .......... .......... .......... .......... .......... 34% 5,67M 0s
  1850K .......... .......... .......... .......... .......... 35%  650M 0s
  1900K .......... .......... .......... .......... .......... 36% 24,5M 0s
  1950K .......... .......... .......... .......... .......... 37%  457M 0s
  2000K .......... .......... .......... .......... .......... 38%  537M 0s
  2050K .......... .......... .......... .......... .......... 39% 4,21M 0s
  2100K .......... .......... .......... .......... .......... 40% 19,4M 0s
  2150K .......... .......... .......... .......... .......... 41%  481M 0s
  2200K .......... .......... .......... .......... .......... 42% 10,4M 0s
  2250K .......... .......... .......... .......... .......... 43% 5,35M 0s
  2300K .......... .......... .......... .......... .......... 44%  720M 0s
  2350K .......... .......... .......... .......... .......... 45%  684M 0s
  2400K .......... .......... .......... .......... .......... 46% 12,0M 0s
  2450K .......... .......... .......... .......... .......... 47% 12,9M 0s
  2500K .......... .......... .......... .......... .......... 48%  696M 0s
  2550K .......... .......... .......... .......... .......... 49% 28,7M 0s
  2600K .......... .......... .......... .......... .......... 49% 34,6M 0s
  2650K .......... .......... .......... .......... .......... 50% 4,55M 0s
  2700K .......... .......... .......... .......... .......... 51% 17,2M 0s
  2750K .......... .......... .......... .......... .......... 52%  696M 0s
  2800K .......... .......... .......... .......... .......... 53% 34,6M 0s
  2850K .......... .......... .......... .......... .......... 54% 16,4M 0s
  2900K .......... .......... .......... .......... .......... 55% 21,4M 0s
  2950K .......... .......... .......... .......... .......... 56% 14,8M 0s
  3000K .......... .......... .......... .......... .......... 57% 11,9M 0s
  3050K .......... .......... .......... .......... .......... 58% 49,3M 0s
  3100K .......... .......... .......... .......... .......... 59% 7,29M 0s
  3150K .......... .......... .......... .......... .......... 60% 13,0M 0s
  3200K .......... .......... .......... .......... .......... 61%  516M 0s
  3250K .......... .......... .......... .......... .......... 62% 28,3M 0s
  3300K .......... .......... .......... .......... .......... 63% 11,1M 0s
  3350K .......... .......... .......... .......... .......... 64% 21,2M 0s
  3400K .......... .......... .......... .......... .......... 65% 12,6M 0s
  3450K .......... .......... .......... .......... .......... 65%  162M 0s
  3500K .......... .......... .......... .......... .......... 66% 8,66M 0s
  3550K .......... .......... .......... .......... .......... 67% 33,5M 0s
  3600K .......... .......... .......... .......... .......... 68% 49,4M 0s
  3650K .......... .......... .......... .......... .......... 69% 7,63M 0s
  3700K .......... .......... .......... .......... .......... 70% 17,9M 0s
  3750K .......... .......... .......... .......... .......... 71% 18,7M 0s
  3800K .......... .......... .......... .......... .......... 72% 14,6M 0s
  3850K .......... .......... .......... .......... .......... 73%  495M 0s
  3900K .......... .......... .......... .......... .......... 74%  796M 0s
  3950K .......... .......... .......... .......... .......... 75% 2,65M 0s
  4000K .......... .......... .......... .......... .......... 76%  603M 0s
  4050K .......... .......... .......... .......... .......... 77% 9,61M 0s
  4100K .......... .......... .......... .......... .......... 78%  459M 0s
  4150K .......... .......... .......... .......... .......... 79%  829M 0s
  4200K .......... .......... .......... .......... .......... 80% 5,14M 0s
  4250K .......... .......... .......... .......... .......... 81%  757M 0s
  4300K .......... .......... .......... .......... .......... 81% 53,5M 0s
  4350K .......... .......... .......... .......... .......... 82% 5,47M 0s
  4400K .......... .......... .......... .......... .......... 83% 17,5M 0s
  4450K .......... .......... .......... .......... .......... 84%  567M 0s
  4500K .......... .......... .......... .......... .......... 85% 38,0M 0s
  4550K .......... .......... .......... .......... .......... 86% 16,6M 0s
  4600K .......... .......... .......... .......... .......... 87% 7,84M 0s
  4650K .......... .......... .......... .......... .......... 88%  778M 0s
  4700K .......... .......... .......... .......... .......... 89% 19,2M 0s
  4750K .......... .......... .......... .......... .......... 90% 62,0M 0s
  4800K .......... .......... .......... .......... .......... 91% 8,78M 0s
  4850K .......... .......... .......... .......... .......... 92% 7,85M 0s
  4900K .......... .......... .......... .......... .......... 93%  599M 0s
  4950K .......... .......... .......... .......... .......... 94% 15,3M 0s
  5000K .......... .......... .......... .......... .......... 95% 19,4M 0s
  5050K .......... .......... .......... .......... .......... 96% 54,6M 0s
  5100K .......... .......... .......... .......... .......... 97% 16,4M 0s
  5150K .......... .......... .......... .......... .......... 98% 17,0M 0s
  5200K .......... .......... .......... .......... .......... 98% 7,62M 0s
  5250K .......... .......... .......... .......... .......... 99% 27,0M 0s
  5300K ....                                                  100%  297M=0,3s

2026-09-01 15:14:38 (14,9 MB/s) - ‘costruisciearreda-static/costruisciearreda.it/wp-content/uploads/2024/08/3.png’ salvato [5432260/5432260]

--2026-09-01 15:14:38--  https://costruisciearreda.it/wp-content/uploads/2024/08/1.jpg
Riutilizzo della connessione esistente a costruisciearreda.it:443.
Richiesta HTTP inviata, in attesa di risposta... 200 OK
Lunghezza: 1810164 (1,7M) [image/jpeg]
Salvataggio in: ‘costruisciearreda-static/costruisciearreda.it/wp-content/uploads/2024/08/1.jpg’

     0K .......... .......... .......... .......... ..........  2%  515M 0s
    50K .......... .......... .......... .......... ..........  5% 17,6M 0s
   100K .......... .......... .......... .......... ..........  8%  565M 0s
   150K .......... .......... .......... .......... .......... 11% 18,4M 0s
   200K .......... .......... .......... .......... .......... 14%  438M 0s
   250K .......... .......... .......... .......... .......... 16% 8,76M 0s
   300K .......... .......... .......... .......... .......... 19% 36,5M 0s
   350K .......... .......... .......... .......... .......... 22%  406M 0s
   400K .......... .......... .......... .......... .......... 25% 5,56M 0s
   450K .......... .......... .......... .......... .......... 28% 6,28M 0s
   500K .......... .......... .......... .......... .......... 31% 18,1M 0s
   550K .......... .......... .......... .......... .......... 33%  778M 0s
   600K .......... .......... .......... .......... .......... 36% 25,0M 0s
   650K .......... .......... .......... .......... .......... 39%  814M 0s
   700K .......... .......... .......... .......... .......... 42% 7,20M 0s
   750K .......... .......... .......... .......... .......... 45%  720M 0s
   800K .......... .......... .......... .......... .......... 48% 14,8M 0s
   850K .......... .......... .......... .......... .......... 50% 12,9M 0s
   900K .......... .......... .......... .......... .......... 53% 11,1M 0s
   950K .......... .......... .......... .......... .......... 56% 18,8M 0s
  1000K .......... .......... .......... .......... .......... 59%  778M 0s
  1050K .......... .......... .......... .......... .......... 62% 6,63M 0s
  1100K .......... .......... .......... .......... .......... 65% 22,0M 0s
  1150K .......... .......... .......... .......... .......... 67%  789M 0s
  1200K .......... .......... .......... .......... .......... 70% 19,6M 0s
  1250K .......... .......... .......... .......... .......... 73%  711M 0s
  1300K .......... .......... .......... .......... .......... 76% 33,3M 0s
  1350K .......... .......... .......... .......... .......... 79% 4,08M 0s
  1400K .......... .......... .......... .......... .......... 82% 18,6M 0s
  1450K .......... .......... .......... .......... .......... 84%  443M 0s
  1500K .......... .......... .......... .......... .......... 87% 6,76M 0s
  1550K .......... .......... .......... .......... .......... 90%  419M 0s
  1600K .......... .......... .......... .......... .......... 93% 27,9M 0s
  1650K .......... .......... .......... .......... .......... 96%  684M 0s
  1700K .......... .......... .......... .......... .......... 98% 5,66M 0s
  1750K .......... .......                                    100%  389M=0,1s

2026-09-01 15:14:38 (17,0 MB/s) - ‘costruisciearreda-static/costruisciearreda.it/wp-content/uploads/2024/08/1.jpg’ salvato [1810164/1810164]

--2026-09-01 15:14:38--  https://costruisciearreda.it/wp-content/uploads/2024/08/opzione-2-BAGNO-PICCOLO-2.jpg
Riutilizzo della connessione esistente a costruisciearreda.it:443.
Richiesta HTTP inviata, in attesa di risposta... 200 OK
Lunghezza: 1845322 (1,8M) [image/jpeg]
Salvataggio in: ‘costruisciearreda-static/costruisciearreda.it/wp-content/uploads/2024/08/opzione-2-BAGNO-PICCOLO-2.jpg’

     0K .......... .......... .......... .......... ..........  2%  426M 0s
    50K .......... .......... .......... .......... ..........  5% 17,5M 0s
   100K .......... .......... .......... .......... ..........  8%  602M 0s
   150K .......... .......... .......... .......... .......... 11% 11,4M 0s
   200K .......... .......... .......... .......... .......... 13%  358M 0s
   250K .......... .......... .......... .......... .......... 16% 8,61M 0s
   300K .......... .......... .......... .......... .......... 19% 17,5M 0s
   350K .......... .......... .......... .......... .......... 22%  396M 0s
   400K .......... .......... .......... .......... .......... 24% 8,58M 0s
   450K .......... .......... .......... .......... .......... 27% 6,70M 0s
   500K .......... .......... .......... .......... .......... 30%  506M 0s
   550K .......... .......... .......... .......... .......... 33% 26,4M 0s
   600K .......... .......... .......... .......... .......... 36% 5,55M 0s
   650K .......... .......... .......... .......... .......... 38%  690M 0s
   700K .......... .......... .......... .......... .......... 41% 10,4M 0s
   750K .......... .......... .......... .......... .......... 44%  475M 0s
   800K .......... .......... .......... .......... .......... 47%  817M 0s
   850K .......... .......... .......... .......... .......... 49%  716M 0s
   900K .......... .......... .......... .......... .......... 52% 2,08M 0s
   950K .......... .......... .......... .......... .......... 55%  498M 0s
  1000K .......... .......... .......... .......... .......... 58%  812M 0s
  1050K .......... .......... .......... .......... .......... 61%  811M 0s
  1100K .......... .......... .......... .......... .......... 63% 2,97M 0s
  1150K .......... .......... .......... .......... .......... 66%  513M 0s
  1200K .......... .......... .......... .......... .......... 69% 17,9M 0s
  1250K .......... .......... .......... .......... .......... 72% 18,6M 0s
  1300K .......... .......... .......... .......... .......... 74%  740M 0s
  1350K .......... .......... .......... .......... .......... 77% 21,6M 0s
  1400K .......... .......... .......... .......... .......... 80%  329M 0s
  1450K .......... .......... .......... .......... .......... 83% 10,2M 0s
  1500K .......... .......... .......... .......... .......... 86% 21,4M 0s
  1550K .......... .......... .......... .......... .......... 88% 8,32M 0s
  1600K .......... .......... .......... .......... .......... 91% 29,7M 0s
  1650K .......... .......... .......... .......... .......... 94% 13,2M 0s
  1700K .......... .......... .......... .......... .......... 97% 20,9M 0s
  1750K .......... .......... .......... .......... .......... 99% 39,6M 0s
  1800K ..                                                    100% 3,86T=0,1s

2026-09-01 15:14:38 (15,4 MB/s) - ‘costruisciearreda-static/costruisciearreda.it/wp-content/uploads/2024/08/opzione-2-BAGNO-PICCOLO-2.jpg’ salvato [1845322/1845322]

--2026-09-01 15:14:38--  https://costruisciearreda.it/wp-content/uploads/2024/08/opzione-2-BAGNO-PICCOLO-1.jpg
Riutilizzo della connessione esistente a costruisciearreda.it:443.
Richiesta HTTP inviata, in attesa di risposta... 200 OK
Lunghezza: 1696309 (1,6M) [image/jpeg]
Salvataggio in: ‘costruisciearreda-static/costruisciearreda.it/wp-content/uploads/2024/08/opzione-2-BAGNO-PICCOLO-1.jpg’

     0K .......... .......... .......... .......... ..........  3% 14,8M 0s
    50K .......... .......... .......... .......... ..........  6%  714M 0s
   100K .......... .......... .......... .......... ..........  9% 25,8M 0s
   150K .......... .......... .......... .......... .......... 12% 14,3M 0s
   200K .......... .......... .......... .......... .......... 15%  460M 0s
   250K .......... .......... .......... .......... .......... 18% 37,8M 0s
   300K .......... .......... .......... .......... .......... 21% 3,73M 0s
   350K .......... .......... .......... .......... .......... 24% 39,1M 0s
   400K .......... .......... .......... .......... .......... 27%  606M 0s
   450K .......... .......... .......... .......... .......... 30% 15,1M 0s
   500K .......... .......... .......... .......... .......... 33% 15,1M 0s
   550K .......... .......... .......... .......... .......... 36%  699M 0s
   600K .......... .......... .......... .......... .......... 39% 5,05M 0s
   650K .......... .......... .......... .......... .......... 42%  313M 0s
   700K .......... .......... .......... .......... .......... 45% 14,2M 0s
   750K .......... .......... .......... .......... .......... 48%  717M 0s
   800K .......... .......... .......... .......... .......... 51% 33,4M 0s
   850K .......... .......... .......... .......... .......... 54% 9,95M 0s
   900K .......... .......... .......... .......... .......... 57% 22,0M 0s
   950K .......... .......... .......... .......... .......... 60% 7,19M 0s
  1000K .......... .......... .......... .......... .......... 63% 10,0M 0s
  1050K .......... .......... .......... .......... .......... 66%  771M 0s
  1100K .......... .......... .......... .......... .......... 69% 9,73M 0s
  1150K .......... .......... .......... .......... .......... 72%  555M 0s
  1200K .......... .......... .......... .......... .......... 75%  515M 0s
  1250K .......... .......... .......... .......... .......... 78% 4,81M 0s
  1300K .......... .......... .......... .......... .......... 81% 16,4M 0s
  1350K .......... .......... .......... .......... .......... 84%  439M 0s
  1400K .......... .......... .......... .......... .......... 87% 71,0M 0s
  1450K .......... .......... .......... .......... .......... 90% 8,15M 0s
  1500K .......... .......... .......... .......... .......... 93% 16,9M 0s
  1550K .......... .......... .......... .......... .......... 96%  778M 0s
  1600K .......... .......... .......... .......... .......... 99% 4,72M 0s
  1650K ......                                                100%  330M=0,1s

2026-09-01 15:14:39 (15,7 MB/s) - ‘costruisciearreda-static/costruisciearreda.it/wp-content/uploads/2024/08/opzione-2-BAGNO-PICCOLO-1.jpg’ salvato [1696309/1696309]

--2026-09-01 15:14:39--  https://costruisciearreda.it/wp-content/uploads/2024/08/BAGNO-GRANDE-2.jpg
Riutilizzo della connessione esistente a costruisciearreda.it:443.
Richiesta HTTP inviata, in attesa di risposta... 200 OK
Lunghezza: 2421825 (2,3M) [image/jpeg]
Salvataggio in: ‘costruisciearreda-static/costruisciearreda.it/wp-content/uploads/2024/08/BAGNO-GRANDE-2.jpg’

     0K .......... .......... .......... .......... ..........  2% 20,4M 0s
    50K .......... .......... .......... .......... ..........  4%  707M 0s
   100K .......... .......... .......... .......... ..........  6% 16,3M 0s
   150K .......... .......... .......... .......... ..........  8%  779M 0s
   200K .......... .......... .......... .......... .......... 10% 4,93M 0s
   250K .......... .......... .......... .......... .......... 12%  623M 0s
   300K .......... .......... .......... .......... .......... 14% 9,33M 0s
   350K .......... .......... .......... .......... .......... 16%  512M 0s
   400K .......... .......... .......... .......... .......... 19% 11,0M 0s
   450K .......... .......... .......... .......... .......... 21% 14,0M 0s
   500K .......... .......... .......... .......... .......... 23%  701M 0s
   550K .......... .......... .......... .......... .......... 25% 23,9M 0s
   600K .......... .......... .......... .......... .......... 27% 68,1M 0s
   650K .......... .......... .......... .......... .......... 29% 10,4M 0s
   700K .......... .......... .......... .......... .......... 31% 17,2M 0s
   750K .......... .......... .......... .......... .......... 33% 25,5M 0s
   800K .......... .......... .......... .......... .......... 35% 17,0M 0s
   850K .......... .......... .......... .......... .......... 38% 5,80M 0s
   900K .......... .......... .......... .......... .......... 40% 18,0M 0s
   950K .......... .......... .......... .......... .......... 42% 13,2M 0s
  1000K .......... .......... .......... .......... .......... 44%  547M 0s
  1050K .......... .......... .......... .......... .......... 46%  603M 0s
  1100K .......... .......... .......... .......... .......... 48%  662M 0s
  1150K .......... .......... .......... .......... .......... 50% 7,91M 0s
  1200K .......... .......... .......... .......... .......... 52% 16,4M 0s
  1250K .......... .......... .......... .......... .......... 54%  786M 0s
  1300K .......... .......... .......... .......... .......... 57% 4,74M 0s
  1350K .......... .......... .......... .......... .......... 59% 14,9M 0s
  1400K .......... .......... .......... .......... .......... 61%  735M 0s
  1450K .......... .......... .......... .......... .......... 63% 5,58M 0s
  1500K .......... .......... .......... .......... .......... 65%  527M 0s
  1550K .......... .......... .......... .......... .......... 67%  771M 0s
  1600K .......... .......... .......... .......... .......... 69% 17,6M 0s
  1650K .......... .......... .......... .......... .......... 71% 2,29M 0s
  1700K .......... .......... .......... .......... .......... 73%  691M 0s
  1750K .......... .......... .......... .......... .......... 76%  576M 0s
  1800K .......... .......... .......... .......... .......... 78%  562M 0s
  1850K .......... .......... .......... .......... .......... 80%  651M 0s
  1900K .......... .......... .......... .......... .......... 82%  513M 0s
  1950K .......... .......... .......... .......... .......... 84%  481M 0s
  2000K .......... .......... .......... .......... .......... 86% 5,82M 0s
  2050K .......... .......... .......... .......... .......... 88% 7,95M 0s
  2100K .......... .......... .......... .......... .......... 90% 19,6M 0s
  2150K .......... .......... .......... .......... .......... 93%  755M 0s
  2200K .......... .......... .......... .......... .......... 95% 10,6M 0s
  2250K .......... .......... .......... .......... .......... 97% 28,9M 0s
  2300K .......... .......... .......... .......... .......... 99%  518M 0s
  2350K .......... .....                                      100%  682M=0,1s

2026-09-01 15:14:39 (16,6 MB/s) - ‘costruisciearreda-static/costruisciearreda.it/wp-content/uploads/2024/08/BAGNO-GRANDE-2.jpg’ salvato [2421825/2421825]

--2026-09-01 15:14:39--  https://costruisciearreda.it/wp-content/uploads/2024/08/BAGNO-GRANDE-1.jpg
Riutilizzo della connessione esistente a costruisciearreda.it:443.
Richiesta HTTP inviata, in attesa di risposta... 200 OK
Lunghezza: 1725890 (1,6M) [image/jpeg]
Salvataggio in: ‘costruisciearreda-static/costruisciearreda.it/wp-content/uploads/2024/08/BAGNO-GRANDE-1.jpg’

     0K .......... .......... .......... .......... ..........  2%  507M 0s
    50K .......... .......... .......... .......... ..........  5% 16,0M 0s
   100K .......... .......... .......... .......... ..........  8% 17,4M 0s
   150K .......... .......... .......... .......... .......... 11%  779M 0s
   200K .......... .......... .......... .......... .......... 14% 12,4M 0s
   250K .......... .......... .......... .......... .......... 17%  842M 0s
   300K .......... .......... .......... .......... .......... 20% 5,36M 0s
   350K .......... .......... .......... .......... .......... 23% 4,44M 0s
   400K .......... .......... .......... .......... .......... 26%  720M 0s
   450K .......... .......... .......... .......... .......... 29% 17,8M 0s
   500K .......... .......... .......... .......... .......... 32%  708M 0s
   550K .......... .......... .......... .......... .......... 35% 26,9M 0s
   600K .......... .......... .......... .......... .......... 38% 17,9M 0s
   650K .......... .......... .......... .......... .......... 41% 2,16M 0s
   700K .......... .......... .......... .......... .......... 44%  293M 0s
   750K .......... .......... .......... .......... .......... 47% 16,3M 0s
   800K .......... .......... .......... .......... .......... 50%  488M 0s
   850K .......... .......... .......... .......... .......... 53% 19,5M 0s
   900K .......... .......... .......... .......... .......... 56%  489M 0s
   950K .......... .......... .......... .......... .......... 59% 28,2M 0s
  1000K .......... .......... .......... .......... .......... 62% 3,09M 0s
  1050K .......... .......... .......... .......... .......... 65% 13,2M 0s
  1100K .......... .......... .......... .......... .......... 68% 42,4M 0s
  1150K .......... .......... .......... .......... .......... 71%  608M 0s
  1200K .......... .......... .......... .......... .......... 74% 17,1M 0s
  1250K .......... .......... .......... .......... .......... 77% 13,0M 0s
  1300K .......... .......... .......... .......... .......... 80% 7,91M 0s
  1350K .......... .......... .......... .......... .......... 83% 29,2M 0s
  1400K .......... .......... .......... .......... .......... 86% 6,18M 0s
  1450K .......... .......... .......... .......... .......... 88%  652M 0s
  1500K .......... .......... .......... .......... .......... 91% 11,3M 0s
  1550K .......... .......... .......... .......... .......... 94%  513M 0s
  1600K .......... .......... .......... .......... .......... 97% 17,5M 0s
  1650K .......... .......... .......... .....                100% 9,62M=0,1s

2026-09-01 15:14:39 (13,5 MB/s) - ‘costruisciearreda-static/costruisciearreda.it/wp-content/uploads/2024/08/BAGNO-GRANDE-1.jpg’ salvato [1725890/1725890]

--2026-09-01 15:14:39--  https://costruisciearreda.it/wp-content/uploads/2024/08/3.jpg
Riutilizzo della connessione esistente a costruisciearreda.it:443.
Richiesta HTTP inviata, in attesa di risposta... 200 OK
Lunghezza: 2075782 (2,0M) [image/jpeg]
Salvataggio in: ‘costruisciearreda-static/costruisciearreda.it/wp-content/uploads/2024/08/3.jpg’

     0K .......... .......... .......... .......... ..........  2%  148M 0s
    50K .......... .......... .......... .......... ..........  4% 7,44M 0s
   100K .......... .......... .......... .......... ..........  7%  547M 0s
   150K .......... .......... .......... .......... ..........  9% 13,2M 0s
   200K .......... .......... .......... .......... .......... 12%  667M 0s
   250K .......... .......... .......... .......... .......... 14%  141M 0s
   300K .......... .......... .......... .......... .......... 17% 3,45M 0s
   350K .......... .......... .......... .......... .......... 19% 7,99M 0s
   400K .......... .......... .......... .......... .......... 22%  495M 0s
   450K .......... .......... .......... .......... .......... 24% 4,57M 0s
   500K .......... .......... .......... .......... .......... 27%  739M 0s
   550K .......... .......... .......... .......... .......... 29%  761M 0s
   600K .......... .......... .......... .......... .......... 32% 33,8M 0s
   650K .......... .......... .......... .......... .......... 34% 5,76M 0s
   700K .......... .......... .......... .......... .......... 36% 12,1M 0s
   750K .......... .......... .......... .......... .......... 39% 6,53M 0s
   800K .......... .......... .......... .......... .......... 41% 15,0M 0s
   850K .......... .......... .......... .......... .......... 44%  436M 0s
   900K .......... .......... .......... .......... .......... 46%  557M 0s
   950K .......... .......... .......... .......... .......... 49% 30,2M 0s
  1000K .......... .......... .......... .......... .......... 51% 16,1M 0s
  1050K .......... .......... .......... .......... .......... 54% 8,13M 0s
  1100K .......... .......... .......... .......... .......... 56% 4,62M 0s
  1150K .......... .......... .......... .......... .......... 59% 17,2M 0s
  1200K .......... .......... .......... .......... .......... 61%  471M 0s
  1250K .......... .......... .......... .......... .......... 64% 19,6M 0s
  1300K .......... .......... .......... .......... .......... 66% 31,6M 0s
  1350K .......... .......... .......... .......... .......... 69% 25,7M 0s
  1400K .......... .......... .......... .......... .......... 71% 3,25M 0s
  1450K .......... .......... .......... .......... .......... 73% 8,11M 0s
  1500K .......... .......... .......... .......... .......... 76%  445M 0s
  1550K .......... .......... .......... .......... .......... 78%  555M 0s
  1600K .......... .......... .......... .......... .......... 81%  479M 0s
  1650K .......... .......... .......... .......... .......... 83% 7,69M 0s
  1700K .......... .......... .......... .......... .......... 86%  439M 0s
  1750K .......... .......... .......... .......... .......... 88% 2,85M 0s
  1800K .......... .......... .......... .......... .......... 91% 18,4M 0s
  1850K .......... .......... .......... .......... .......... 93%  404M 0s
  1900K .......... .......... .......... .......... .......... 96% 14,9M 0s
  1950K .......... .......... .......... .......... .......... 98%  372M 0s
  2000K .......... .......... .......                         100%  522M=0,1s

2026-09-01 15:14:39 (13,3 MB/s) - ‘costruisciearreda-static/costruisciearreda.it/wp-content/uploads/2024/08/3.jpg’ salvato [2075782/2075782]

--2026-09-01 15:14:39--  https://costruisciearreda.it/wp-content/uploads/2024/08/2.jpg
Riutilizzo della connessione esistente a costruisciearreda.it:443.
Richiesta HTTP inviata, in attesa di risposta... 200 OK
Lunghezza: 1934999 (1,8M) [image/jpeg]
Salvataggio in: ‘costruisciearreda-static/costruisciearreda.it/wp-content/uploads/2024/08/2.jpg’

     0K .......... .......... .......... .......... ..........  2%  479M 0s
    50K .......... .......... .......... .......... ..........  5% 6,26M 0s
   100K .......... .......... .......... .......... ..........  7% 27,2M 0s
   150K .......... .......... .......... .......... .......... 10%  727M 0s
   200K .......... .......... .......... .......... .......... 13%  652M 0s
   250K .......... .......... .......... .......... .......... 15%  599M 0s
   300K .......... .......... .......... .......... .......... 18% 3,36M 0s
   350K .......... .......... .......... .......... .......... 21%  623M 0s
   400K .......... .......... .......... .......... .......... 23% 10,5M 0s
   450K .......... .......... .......... .......... .......... 26% 14,1M 0s
   500K .......... .......... .......... .......... .......... 29%  674M 0s
   550K .......... .......... .......... .......... .......... 31% 22,8M 0s
   600K .......... .......... .......... .......... .......... 34% 5,80M 0s
   650K .......... .......... .......... .......... .......... 37% 53,6M 0s
   700K .......... .......... .......... .......... .......... 39% 5,12M 0s
   750K .......... .......... .......... .......... .......... 42% 13,1M 0s
   800K .......... .......... .......... .......... .......... 44%  676M 0s
   850K .......... .......... .......... .......... .......... 47% 26,8M 0s
   900K .......... .......... .......... .......... .......... 50% 13,9M 0s
   950K .......... .......... .......... .......... .......... 52% 23,1M 0s
  1000K .......... .......... .......... .......... .......... 55% 3,44M 0s
  1050K .......... .......... .......... .......... .......... 58% 23,2M 0s
  1100K .......... .......... .......... .......... .......... 60% 13,0M 0s
  1150K .......... .......... .......... .......... .......... 63%  663M 0s
  1200K .......... .......... .......... .......... .......... 66%  685M 0s
  1250K .......... .......... .......... .......... .......... 68% 12,9M 0s
  1300K .......... .......... .......... .......... .......... 71% 25,3M 0s
  1350K .......... .......... .......... .......... .......... 74% 7,10M 0s
  1400K .......... .......... .......... .......... .......... 76% 8,72M 0s
  1450K .......... .......... .......... .......... .......... 79% 23,0M 0s
  1500K .......... .......... .......... .......... .......... 82% 21,6M 0s
  1550K .......... .......... .......... .......... .......... 84% 49,2M 0s
  1600K .......... .......... .......... .......... .......... 87% 10,1M 0s
  1650K .......... .......... .......... .......... .......... 89% 18,3M 0s
  1700K .......... .......... .......... .......... .......... 92% 8,92M 0s
  1750K .......... .......... .......... .......... .......... 95% 7,10M 0s
  1800K .......... .......... .......... .......... .......... 97% 44,3M 0s
  1850K .......... .......... .......... .........            100% 17,3M=0,1s

2026-09-01 15:14:39 (14,0 MB/s) - ‘costruisciearreda-static/costruisciearreda.it/wp-content/uploads/2024/08/2.jpg’ salvato [1934999/1934999]

--2026-09-01 15:14:39--  https://costruisciearreda.it/wp-json/oembed/1.0/embed?url=https%3A%2F%2Fcostruisciearreda.it%2Frealizzazioni%2Fcasa-prima-e-dopo%2F
Riutilizzo della connessione esistente a costruisciearreda.it:443.
Richiesta HTTP inviata, in attesa di risposta... 200 OK
Lunghezza: non specificato [application/json]
Salvataggio in: ‘costruisciearreda-static/costruisciearreda.it/wp-json/oembed/1.0/embed?url=https:%2F%2Fcostruisciearreda.it%2Frealizzazioni%2Fcasa-prima-e-dopo%2F’

     0K ..                                                     1,45G=0s

Intestazione Last-modified mancante -- marche temporali disattivate.
2026-09-01 15:14:40 (1,45 GB/s) - ‘costruisciearreda-static/costruisciearreda.it/wp-json/oembed/1.0/embed?url=https:%2F%2Fcostruisciearreda.it%2Frealizzazioni%2Fcasa-prima-e-dopo%2F’ salvato [2440]

--2026-09-01 15:14:40--  https://costruisciearreda.it/wp-json/oembed/1.0/embed?url=https%3A%2F%2Fcostruisciearreda.it%2Frealizzazioni%2Fcasa-prima-e-dopo%2F&format=xml
Riutilizzo della connessione esistente a costruisciearreda.it:443.
Richiesta HTTP inviata, in attesa di risposta... 200 OK
Lunghezza: non specificato [text/xml]
Salvataggio in: ‘costruisciearreda-static/costruisciearreda.it/wp-json/oembed/1.0/embed?url=https:%2F%2Fcostruisciearreda.it%2Frealizzazioni%2Fcasa-prima-e-dopo%2F&format=xml’

     0K ..                                                     1,56G=0s

Intestazione Last-modified mancante -- marche temporali disattivate.
2026-09-01 15:14:40 (1,56 GB/s) - ‘costruisciearreda-static/costruisciearreda.it/wp-json/oembed/1.0/embed?url=https:%2F%2Fcostruisciearreda.it%2Frealizzazioni%2Fcasa-prima-e-dopo%2F&format=xml’ salvato [2628]

--2026-09-01 15:14:40--  https://costruisciearreda.it/?p=4137
Riutilizzo della connessione esistente a costruisciearreda.it:443.
Richiesta HTTP inviata, in attesa di risposta... 301 Moved Permanently
Posizione: https://costruisciearreda.it/realizzazioni/casa-prima-e-dopo/ [segue]
--2026-09-01 15:14:40--  https://costruisciearreda.it/realizzazioni/casa-prima-e-dopo/
Riutilizzo della connessione esistente a costruisciearreda.it:443.
Richiesta HTTP inviata, in attesa di risposta... 200 OK
Lunghezza: non specificato [text/html]
Salvataggio in: ‘costruisciearreda-static/costruisciearreda.it/index.html?p=4137.html’

     0K .......... .......... .......... .......... .......... 2,76M
    50K .......... .......... .                                13,5M=0,02s

2026-09-01 15:14:40 (3,64 MB/s) - ‘costruisciearreda-static/costruisciearreda.it/index.html?p=4137.html’ salvato [73648]

--2026-09-01 15:14:40--  https://costruisciearreda.it/wp-content/uploads/2024/08/PRIMA-E-DOPO-BAGNO-2_1_11zon.jpg
Riutilizzo della connessione esistente a costruisciearreda.it:443.
Richiesta HTTP inviata, in attesa di risposta... 200 OK
Lunghezza: 395470 (386K) [image/jpeg]
Salvataggio in: ‘costruisciearreda-static/costruisciearreda.it/wp-content/uploads/2024/08/PRIMA-E-DOPO-BAGNO-2_1_11zon.jpg’

     0K .......... .......... .......... .......... .......... 12% 18,5M 0s
    50K .......... .......... .......... .......... .......... 25% 2,97M 0s
   100K .......... .......... .......... .......... .......... 38% 16,3M 0s
   150K .......... .......... .......... .......... .......... 51%  548M 0s
   200K .......... .......... .......... .......... .......... 64% 3,20M 0s
   250K .......... .......... .......... .......... .......... 77% 69,8M 0s
   300K .......... .......... .......... .......... .......... 90% 17,8M 0s
   350K .......... .......... .......... ......               100% 18,2M=0,04s

2026-09-01 15:14:40 (8,81 MB/s) - ‘costruisciearreda-static/costruisciearreda.it/wp-content/uploads/2024/08/PRIMA-E-DOPO-BAGNO-2_1_11zon.jpg’ salvato [395470/395470]

--2026-09-01 15:14:40--  https://costruisciearreda.it/wp-content/uploads/2024/08/PRIMA-E-DOPO-BAGNO_2_11zon.jpg
Riutilizzo della connessione esistente a costruisciearreda.it:443.
Richiesta HTTP inviata, in attesa di risposta... 200 OK
Lunghezza: 384937 (376K) [image/jpeg]
Salvataggio in: ‘costruisciearreda-static/costruisciearreda.it/wp-content/uploads/2024/08/PRIMA-E-DOPO-BAGNO_2_11zon.jpg’

     0K .......... .......... .......... .......... .......... 13% 15,5M 0s
    50K .......... .......... .......... .......... .......... 26%  672M 0s
   100K .......... .......... .......... .......... .......... 39% 8,57M 0s
   150K .......... .......... .......... .......... .......... 53%  834M 0s
   200K .......... .......... .......... .......... .......... 66% 20,7M 0s
   250K .......... .......... .......... .......... .......... 79% 10,0M 0s
   300K .......... .......... .......... .......... .......... 93% 5,95M 0s
   350K .......... .......... .....                           100%  601M=0,02s

2026-09-01 15:14:41 (15,0 MB/s) - ‘costruisciearreda-static/costruisciearreda.it/wp-content/uploads/2024/08/PRIMA-E-DOPO-BAGNO_2_11zon.jpg’ salvato [384937/384937]

--2026-09-01 15:14:41--  https://costruisciearreda.it/wp-content/uploads/2024/08/PRIMA-E-DOPO-CAMERA-DA-LETTO-REV-01_3_11zon.jpg
Riutilizzo della connessione esistente a costruisciearreda.it:443.
Richiesta HTTP inviata, in attesa di risposta... 200 OK
Lunghezza: 391371 (382K) [image/jpeg]
Salvataggio in: ‘costruisciearreda-static/costruisciearreda.it/wp-content/uploads/2024/08/PRIMA-E-DOPO-CAMERA-DA-LETTO-REV-01_3_11zon.jpg’

     0K .......... .......... .......... .......... .......... 13% 13,1M 0s
    50K .......... .......... .......... .......... .......... 26% 16,2M 0s
   100K .......... .......... .......... .......... .......... 39% 16,8M 0s
   150K .......... .......... .......... .......... .......... 52%  782M 0s
   200K .......... .......... .......... .......... .......... 65% 23,7M 0s
   250K .......... .......... .......... .......... .......... 78%  673M 0s
   300K .......... .......... .......... .......... .......... 91% 7,20M 0s
   350K .......... .......... .......... ..                   100% 2,98M=0,03s

2026-09-01 15:14:41 (12,8 MB/s) - ‘costruisciearreda-static/costruisciearreda.it/wp-content/uploads/2024/08/PRIMA-E-DOPO-CAMERA-DA-LETTO-REV-01_3_11zon.jpg’ salvato [391371/391371]

--2026-09-01 15:14:41--  https://costruisciearreda.it/wp-content/uploads/2024/08/PRIMA-E-DOPO-CAMERA-DA-LETTO_4_11zon.jpg
Riutilizzo della connessione esistente a costruisciearreda.it:443.
Richiesta HTTP inviata, in attesa di risposta... 200 OK
Lunghezza: 314016 (307K) [image/jpeg]
Salvataggio in: ‘costruisciearreda-static/costruisciearreda.it/wp-content/uploads/2024/08/PRIMA-E-DOPO-CAMERA-DA-LETTO_4_11zon.jpg’

     0K .......... .......... .......... .......... .......... 16% 15,4M 0s
    50K .......... .......... .......... .......... .......... 32%  784M 0s
   100K .......... .......... .......... .......... .......... 48% 5,75M 0s
   150K .......... .......... .......... .......... .......... 65%  576M 0s
   200K .......... .......... .......... .......... .......... 81%  672M 0s
   250K .......... .......... .......... .......... .......... 97% 27,6M 0s
   300K ......                                                100%  268M=0,01s

2026-09-01 15:14:41 (21,9 MB/s) - ‘costruisciearreda-static/costruisciearreda.it/wp-content/uploads/2024/08/PRIMA-E-DOPO-CAMERA-DA-LETTO_4_11zon.jpg’ salvato [314016/314016]

--2026-09-01 15:14:41--  https://costruisciearreda.it/wp-content/uploads/2024/08/PRIMA-E-DOPO-CAMERA-REV-02_5_11zon.jpg
Riutilizzo della connessione esistente a costruisciearreda.it:443.
Richiesta HTTP inviata, in attesa di risposta... 200 OK
Lunghezza: 302656 (296K) [image/jpeg]
Salvataggio in: ‘costruisciearreda-static/costruisciearreda.it/wp-content/uploads/2024/08/PRIMA-E-DOPO-CAMERA-REV-02_5_11zon.jpg’

     0K .......... .......... .......... .......... .......... 16% 5,13M 0s
    50K .......... .......... .......... .......... .......... 33%  345M 0s
   100K .......... .......... .......... .......... .......... 50%  423M 0s
   150K .......... .......... .......... .......... .......... 67%  588M 0s
   200K .......... .......... .......... .......... .......... 84% 15,2M 0s
   250K .......... .......... .......... .......... .....     100%  835M=0,01s

2026-09-01 15:14:41 (22,0 MB/s) - ‘costruisciearreda-static/costruisciearreda.it/wp-content/uploads/2024/08/PRIMA-E-DOPO-CAMERA-REV-02_5_11zon.jpg’ salvato [302656/302656]

--2026-09-01 15:14:41--  https://costruisciearreda.it/wp-content/uploads/2024/08/PRIMA-E-DOPO-CAMERETTA-1_6_11zon.jpg
Riutilizzo della connessione esistente a costruisciearreda.it:443.
Richiesta HTTP inviata, in attesa di risposta... 200 OK
Lunghezza: 195616 (191K) [image/jpeg]
Salvataggio in: ‘costruisciearreda-static/costruisciearreda.it/wp-content/uploads/2024/08/PRIMA-E-DOPO-CAMERETTA-1_6_11zon.jpg’

     0K .......... .......... .......... .......... .......... 26% 5,37M 0s
    50K .......... .......... .......... .......... .......... 52%  669M 0s
   100K .......... .......... .......... .......... .......... 78%  665M 0s
   150K .......... .......... .......... .......... .         100%  775M=0,009s

2026-09-01 15:14:41 (20,1 MB/s) - ‘costruisciearreda-static/costruisciearreda.it/wp-content/uploads/2024/08/PRIMA-E-DOPO-CAMERETTA-1_6_11zon.jpg’ salvato [195616/195616]

--2026-09-01 15:14:41--  https://costruisciearreda.it/wp-content/uploads/2024/08/PRIMA-E-DOPO-CAMERETTA-2_7_11zon.jpg
Riutilizzo della connessione esistente a costruisciearreda.it:443.
Richiesta HTTP inviata, in attesa di risposta... 200 OK
Lunghezza: 372753 (364K) [image/jpeg]
Salvataggio in: ‘costruisciearreda-static/costruisciearreda.it/wp-content/uploads/2024/08/PRIMA-E-DOPO-CAMERETTA-2_7_11zon.jpg’

     0K .......... .......... .......... .......... .......... 13%  444M 0s
    50K .......... .......... .......... .......... .......... 27% 16,7M 0s
   100K .......... .......... .......... .......... .......... 41% 15,7M 0s
   150K .......... .......... .......... .......... .......... 54%  414M 0s
   200K .......... .......... .......... .......... .......... 68%  668M 0s
   250K .......... .......... .......... .......... .......... 82% 41,2M 0s
   300K .......... .......... .......... .......... .......... 96% 3,65M 0s
   350K .......... ....                                       100%  241M=0,02s

2026-09-01 15:14:41 (17,0 MB/s) - ‘costruisciearreda-static/costruisciearreda.it/wp-content/uploads/2024/08/PRIMA-E-DOPO-CAMERETTA-2_7_11zon.jpg’ salvato [372753/372753]

--2026-09-01 15:14:41--  https://costruisciearreda.it/wp-content/uploads/2024/08/PRIMA-E-DOPO-CAMERETTA-REV-01_8_11zon.jpg
Riutilizzo della connessione esistente a costruisciearreda.it:443.
Richiesta HTTP inviata, in attesa di risposta... 200 OK
Lunghezza: 220402 (215K) [image/jpeg]
Salvataggio in: ‘costruisciearreda-static/costruisciearreda.it/wp-content/uploads/2024/08/PRIMA-E-DOPO-CAMERETTA-REV-01_8_11zon.jpg’

     0K .......... .......... .......... .......... .......... 23% 8,97M 0s
    50K .......... .......... .......... .......... .......... 46% 20,6M 0s
   100K .......... .......... .......... .......... .......... 69%  314M 0s
   150K .......... .......... .......... .......... .......... 92%  588M 0s
   200K .......... .....                                      100%  646M=0,008s

2026-09-01 15:14:41 (26,0 MB/s) - ‘costruisciearreda-static/costruisciearreda.it/wp-content/uploads/2024/08/PRIMA-E-DOPO-CAMERETTA-REV-01_8_11zon.jpg’ salvato [220402/220402]

--2026-09-01 15:14:41--  https://costruisciearreda.it/wp-content/uploads/2024/08/PRIMA-E-DOPO-CUCINA_9_11zon.jpg
Riutilizzo della connessione esistente a costruisciearreda.it:443.
Richiesta HTTP inviata, in attesa di risposta... 200 OK
Lunghezza: 404999 (396K) [image/jpeg]
Salvataggio in: ‘costruisciearreda-static/costruisciearreda.it/wp-content/uploads/2024/08/PRIMA-E-DOPO-CUCINA_9_11zon.jpg’

     0K .......... .......... .......... .......... .......... 12%  542M 0s
    50K .......... .......... .......... .......... .......... 25%  743M 0s
   100K .......... .......... .......... .......... .......... 37% 22,4M 0s
   150K .......... .......... .......... .......... .......... 50% 17,3M 0s
   200K .......... .......... .......... .......... .......... 63%  304M 0s
   250K .......... .......... .......... .......... .......... 75%  483M 0s
   300K .......... .......... .......... .......... .......... 88% 2,56M 0s
   350K .......... .......... .......... .......... .....     100%  572M=0,02s

2026-09-01 15:14:41 (15,7 MB/s) - ‘costruisciearreda-static/costruisciearreda.it/wp-content/uploads/2024/08/PRIMA-E-DOPO-CUCINA_9_11zon.jpg’ salvato [404999/404999]

--2026-09-01 15:14:41--  https://costruisciearreda.it/wp-content/uploads/2024/08/PRIMA-E-DOPO-SALONE_10_11zon.jpg
Riutilizzo della connessione esistente a costruisciearreda.it:443.
Richiesta HTTP inviata, in attesa di risposta... 200 OK
Lunghezza: 439220 (429K) [image/jpeg]
Salvataggio in: ‘costruisciearreda-static/costruisciearreda.it/wp-content/uploads/2024/08/PRIMA-E-DOPO-SALONE_10_11zon.jpg’

     0K .......... .......... .......... .......... .......... 11%  519M 0s
    50K .......... .......... .......... .......... .......... 23% 16,8M 0s
   100K .......... .......... .......... .......... .......... 34% 5,39M 0s
   150K .......... .......... .......... .......... .......... 46%  458M 0s
   200K .......... .......... .......... .......... .......... 58% 21,3M 0s
   250K .......... .......... .......... .......... .......... 69%  442M 0s
   300K .......... .......... .......... .......... .......... 81% 4,16M 0s
   350K .......... .......... .......... .......... .......... 93% 22,1M 0s
   400K .......... .......... ........                        100%  564M=0,03s

2026-09-01 15:14:41 (14,7 MB/s) - ‘costruisciearreda-static/costruisciearreda.it/wp-content/uploads/2024/08/PRIMA-E-DOPO-SALONE_10_11zon.jpg’ salvato [439220/439220]

--2026-09-01 15:14:41--  https://costruisciearreda.it/wp-content/uploads/2024/08/PRIMA-E-DOPO-ZONA-GIORNO_11_11zon.jpg
Riutilizzo della connessione esistente a costruisciearreda.it:443.
Richiesta HTTP inviata, in attesa di risposta... 200 OK
Lunghezza: 377290 (368K) [image/jpeg]
Salvataggio in: ‘costruisciearreda-static/costruisciearreda.it/wp-content/uploads/2024/08/PRIMA-E-DOPO-ZONA-GIORNO_11_11zon.jpg’

     0K .......... .......... .......... .......... .......... 13%  451M 0s
    50K .......... .......... .......... .......... .......... 27% 15,2M 0s
   100K .......... .......... .......... .......... .......... 40% 17,4M 0s
   150K .......... .......... .......... .......... .......... 54%  765M 0s
   200K .......... .......... .......... .......... .......... 67% 24,8M 0s
   250K .......... .......... .......... .......... .......... 81%  584M 0s
   300K .......... .......... .......... .......... .......... 94% 4,82M 0s
   350K .......... ........                                   100%  526M=0,02s

2026-09-01 15:14:41 (19,6 MB/s) - ‘costruisciearreda-static/costruisciearreda.it/wp-content/uploads/2024/08/PRIMA-E-DOPO-ZONA-GIORNO_11_11zon.jpg’ salvato [377290/377290]

--2026-09-01 15:14:41--  https://costruisciearreda.it/wp-content/uploads/2024/08/PRIMA-RENDER_12_11zon.jpg
Riutilizzo della connessione esistente a costruisciearreda.it:443.
Richiesta HTTP inviata, in attesa di risposta... 200 OK
Lunghezza: 329810 (322K) [image/jpeg]
Salvataggio in: ‘costruisciearreda-static/costruisciearreda.it/wp-content/uploads/2024/08/PRIMA-RENDER_12_11zon.jpg’

     0K .......... .......... .......... .......... .......... 15%  418M 0s
    50K .......... .......... .......... .......... .......... 31% 14,6M 0s
   100K .......... .......... .......... .......... .......... 46% 17,8M 0s
   150K .......... .......... .......... .......... .......... 62%  783M 0s
   200K .......... .......... .......... .......... .......... 77% 19,1M 0s
   250K .......... .......... .......... .......... .......... 93%  696M 0s
   300K .......... .......... ..                              100%  726M=0,009s

2026-09-01 15:14:41 (35,3 MB/s) - ‘costruisciearreda-static/costruisciearreda.it/wp-content/uploads/2024/08/PRIMA-RENDER_12_11zon.jpg’ salvato [329810/329810]

--2026-09-01 15:14:41--  https://costruisciearreda.it/wp-json/oembed/1.0/embed?url=https%3A%2F%2Fcostruisciearreda.it%2Frealizzazioni%2Fgreen-house%2F
Riutilizzo della connessione esistente a costruisciearreda.it:443.
Richiesta HTTP inviata, in attesa di risposta... 200 OK
Lunghezza: non specificato [application/json]
Salvataggio in: ‘costruisciearreda-static/costruisciearreda.it/wp-json/oembed/1.0/embed?url=https:%2F%2Fcostruisciearreda.it%2Frealizzazioni%2Fgreen-house%2F’

     0K ..                                                     1,48G=0s

Intestazione Last-modified mancante -- marche temporali disattivate.
2026-09-01 15:14:41 (1,48 GB/s) - ‘costruisciearreda-static/costruisciearreda.it/wp-json/oembed/1.0/embed?url=https:%2F%2Fcostruisciearreda.it%2Frealizzazioni%2Fgreen-house%2F’ salvato [2416]

--2026-09-01 15:14:41--  https://costruisciearreda.it/wp-json/oembed/1.0/embed?url=https%3A%2F%2Fcostruisciearreda.it%2Frealizzazioni%2Fgreen-house%2F&format=xml
Riutilizzo della connessione esistente a costruisciearreda.it:443.
Richiesta HTTP inviata, in attesa di risposta... 200 OK
Lunghezza: non specificato [text/xml]
Salvataggio in: ‘costruisciearreda-static/costruisciearreda.it/wp-json/oembed/1.0/embed?url=https:%2F%2Fcostruisciearreda.it%2Frealizzazioni%2Fgreen-house%2F&format=xml’

     0K ..                                                     1,12G=0s

Intestazione Last-modified mancante -- marche temporali disattivate.
2026-09-01 15:14:42 (1,12 GB/s) - ‘costruisciearreda-static/costruisciearreda.it/wp-json/oembed/1.0/embed?url=https:%2F%2Fcostruisciearreda.it%2Frealizzazioni%2Fgreen-house%2F&format=xml’ salvato [2604]

--2026-09-01 15:14:42--  https://costruisciearreda.it/?p=4078
Riutilizzo della connessione esistente a costruisciearreda.it:443.
Richiesta HTTP inviata, in attesa di risposta... 301 Moved Permanently
Posizione: https://costruisciearreda.it/realizzazioni/green-house/ [segue]
--2026-09-01 15:14:42--  https://costruisciearreda.it/realizzazioni/green-house/
Riutilizzo della connessione esistente a costruisciearreda.it:443.
Richiesta HTTP inviata, in attesa di risposta... 200 OK
Lunghezza: non specificato [text/html]
Salvataggio in: ‘costruisciearreda-static/costruisciearreda.it/index.html?p=4078.html’

     0K .......... .......... .......... .......... .......... 2,73M
    50K .......... .......... .......... ..                    32,0M=0,02s

2026-09-01 15:14:42 (4,26 MB/s) - ‘costruisciearreda-static/costruisciearreda.it/index.html?p=4078.html’ salvato [84286]

--2026-09-01 15:14:42--  https://costruisciearreda.it/wp-content/uploads/2024/08/GreenHouse.jpg
Riutilizzo della connessione esistente a costruisciearreda.it:443.
Richiesta HTTP inviata, in attesa di risposta... 200 OK
Lunghezza: 31491 (31K) [image/jpeg]
Salvataggio in: ‘costruisciearreda-static/costruisciearreda.it/wp-content/uploads/2024/08/GreenHouse.jpg’

     0K .......... .......... ..........                      100%  388M=0s

2026-09-01 15:14:42 (388 MB/s) - ‘costruisciearreda-static/costruisciearreda.it/wp-content/uploads/2024/08/GreenHouse.jpg’ salvato [31491/31491]

--2026-09-01 15:14:42--  https://costruisciearreda.it/wp-content/uploads/2024/08/CAMERA-DA-LETTO-1_1_11zon.jpg
Riutilizzo della connessione esistente a costruisciearreda.it:443.
Richiesta HTTP inviata, in attesa di risposta... 200 OK
Lunghezza: 316159 (309K) [image/jpeg]
Salvataggio in: ‘costruisciearreda-static/costruisciearreda.it/wp-content/uploads/2024/08/CAMERA-DA-LETTO-1_1_11zon.jpg’

     0K .......... .......... .......... .......... .......... 16% 28,8M 0s
    50K .......... .......... .......... .......... .......... 32% 58,3M 0s
   100K .......... .......... .......... .......... .......... 48% 1,99M 0s
   150K .......... .......... .......... .......... .......... 64% 27,5M 0s
   200K .......... .......... .......... .......... .......... 80% 13,4M 0s
   250K .......... .......... .......... .......... .......... 97%  423M 0s
   300K ........                                              100%  492M=0,03s

2026-09-01 15:14:42 (9,25 MB/s) - ‘costruisciearreda-static/costruisciearreda.it/wp-content/uploads/2024/08/CAMERA-DA-LETTO-1_1_11zon.jpg’ salvato [316159/316159]

--2026-09-01 15:14:42--  https://costruisciearreda.it/wp-content/uploads/2024/08/CAMERA-DA-LETTO_2_11zon.jpg
Riutilizzo della connessione esistente a costruisciearreda.it:443.
Richiesta HTTP inviata, in attesa di risposta... 200 OK
Lunghezza: 298531 (292K) [image/jpeg]
Salvataggio in: ‘costruisciearreda-static/costruisciearreda.it/wp-content/uploads/2024/08/CAMERA-DA-LETTO_2_11zon.jpg’

     0K .......... .......... .......... .......... .......... 17% 31,2M 0s
    50K .......... .......... .......... .......... .......... 34% 36,1M 0s
   100K .......... .......... .......... .......... .......... 51% 6,43M 0s
   150K .......... .......... .......... .......... .......... 68%  511M 0s
   200K .......... .......... .......... .......... .......... 85%  581M 0s
   250K .......... .......... .......... .......... .         100%  820M=0,01s

2026-09-01 15:14:43 (26,5 MB/s) - ‘costruisciearreda-static/costruisciearreda.it/wp-content/uploads/2024/08/CAMERA-DA-LETTO_2_11zon.jpg’ salvato [298531/298531]

--2026-09-01 15:14:43--  https://costruisciearreda.it/wp-content/uploads/2024/08/CUCINA-DURANTE_3_11zon.jpg
Riutilizzo della connessione esistente a costruisciearreda.it:443.
Richiesta HTTP inviata, in attesa di risposta... 200 OK
Lunghezza: 325991 (318K) [image/jpeg]
Salvataggio in: ‘costruisciearreda-static/costruisciearreda.it/wp-content/uploads/2024/08/CUCINA-DURANTE_3_11zon.jpg’

     0K .......... .......... .......... .......... .......... 15% 19,6M 0s
    50K .......... .......... .......... .......... .......... 31% 14,3M 0s
   100K .......... .......... .......... .......... .......... 47%  701M 0s
   150K .......... .......... .......... .......... .......... 62% 33,6M 0s
   200K .......... .......... .......... .......... .......... 78% 20,8M 0s
   250K .......... .......... .......... .......... .......... 94%  732M 0s
   300K .......... ........                                   100% 2,04M=0,02s

2026-09-01 15:14:43 (16,7 MB/s) - ‘costruisciearreda-static/costruisciearreda.it/wp-content/uploads/2024/08/CUCINA-DURANTE_3_11zon.jpg’ salvato [325991/325991]

--2026-09-01 15:14:43--  https://costruisciearreda.it/wp-content/uploads/2024/08/CUCINA_4_11zon.jpg
Riutilizzo della connessione esistente a costruisciearreda.it:443.
Richiesta HTTP inviata, in attesa di risposta... 200 OK
Lunghezza: 360324 (352K) [image/jpeg]
Salvataggio in: ‘costruisciearreda-static/costruisciearreda.it/wp-content/uploads/2024/08/CUCINA_4_11zon.jpg’

     0K .......... .......... .......... .......... .......... 14% 29,2M 0s
    50K .......... .......... .......... .......... .......... 28% 13,0M 0s
   100K .......... .......... .......... .......... .......... 42%  291M 0s
   150K .......... .......... .......... .......... .......... 56%  702M 0s
   200K .......... .......... .......... .......... .......... 71% 13,6M 0s
   250K .......... .......... .......... .......... .......... 85% 26,2M 0s
   300K .......... .......... .......... .......... .......... 99% 3,97M 0s
   350K .                                                     100%  115M=0,02s

2026-09-01 15:14:43 (14,7 MB/s) - ‘costruisciearreda-static/costruisciearreda.it/wp-content/uploads/2024/08/CUCINA_4_11zon.jpg’ salvato [360324/360324]

--2026-09-01 15:14:43--  https://costruisciearreda.it/wp-content/uploads/2024/08/VISUALE-APPENA-ENTRI_5_11zon.jpg
Riutilizzo della connessione esistente a costruisciearreda.it:443.
Richiesta HTTP inviata, in attesa di risposta... 200 OK
Lunghezza: 461972 (451K) [image/jpeg]
Salvataggio in: ‘costruisciearreda-static/costruisciearreda.it/wp-content/uploads/2024/08/VISUALE-APPENA-ENTRI_5_11zon.jpg’

     0K .......... .......... .......... .......... .......... 11% 29,2M 0s
    50K .......... .......... .......... .......... .......... 22% 12,1M 0s
   100K .......... .......... .......... .......... .......... 33%  380M 0s
   150K .......... .......... .......... .......... .......... 44%  579M 0s
   200K .......... .......... .......... .......... .......... 55% 20,0M 0s
   250K .......... .......... .......... .......... .......... 66% 20,5M 0s
   300K .......... .......... .......... .......... .......... 77% 3,70M 0s
   350K .......... .......... .......... .......... .......... 88% 23,4M 0s
   400K .......... .......... .......... .......... .......... 99% 20,2M 0s
   450K .                                                     100% 2,13T=0,03s

2026-09-01 15:14:43 (15,5 MB/s) - ‘costruisciearreda-static/costruisciearreda.it/wp-content/uploads/2024/08/VISUALE-APPENA-ENTRI_5_11zon.jpg’ salvato [461972/461972]

--2026-09-01 15:14:43--  https://costruisciearreda.it/wp-content/uploads/2024/08/ZONA-GIORNO-DURANTE_6_11zon.jpg
Riutilizzo della connessione esistente a costruisciearreda.it:443.
Richiesta HTTP inviata, in attesa di risposta... 200 OK
Lunghezza: 364682 (356K) [image/jpeg]
Salvataggio in: ‘costruisciearreda-static/costruisciearreda.it/wp-content/uploads/2024/08/ZONA-GIORNO-DURANTE_6_11zon.jpg’

     0K .......... .......... .......... .......... .......... 14% 9,92M 0s
    50K .......... .......... .......... .......... .......... 28%  402M 0s
   100K .......... .......... .......... .......... .......... 42% 15,7M 0s
   150K .......... .......... .......... .......... .......... 56%  795M 0s
   200K .......... .......... .......... .......... .......... 70% 12,6M 0s
   250K .......... .......... .......... .......... .......... 84%  374M 0s
   300K .......... .......... .......... .......... .......... 98% 6,32M 0s
   350K ......                                                100%  251M=0,02s

2026-09-01 15:14:43 (17,4 MB/s) - ‘costruisciearreda-static/costruisciearreda.it/wp-content/uploads/2024/08/ZONA-GIORNO-DURANTE_6_11zon.jpg’ salvato [364682/364682]

--2026-09-01 15:14:43--  https://costruisciearreda.it/wp-content/uploads/2024/08/BAGNO-1-DOPO_1_11zon.jpg
Riutilizzo della connessione esistente a costruisciearreda.it:443.
Richiesta HTTP inviata, in attesa di risposta... 200 OK
Lunghezza: 169139 (165K) [image/jpeg]
Salvataggio in: ‘costruisciearreda-static/costruisciearreda.it/wp-content/uploads/2024/08/BAGNO-1-DOPO_1_11zon.jpg’

     0K .......... .......... .......... .......... .......... 30% 23,3M 0s
    50K .......... .......... .......... .......... .......... 60%  476M 0s
   100K .......... .......... .......... .......... .......... 90% 9,67M 0s
   150K .......... .....                                      100%  367M=0,007s

2026-09-01 15:14:43 (22,1 MB/s) - ‘costruisciearreda-static/costruisciearreda.it/wp-content/uploads/2024/08/BAGNO-1-DOPO_1_11zon.jpg’ salvato [169139/169139]

--2026-09-01 15:14:43--  https://costruisciearreda.it/wp-content/uploads/2024/08/BAGNO-DOPO_3_11zon.jpg
Riutilizzo della connessione esistente a costruisciearreda.it:443.
Richiesta HTTP inviata, in attesa di risposta... 200 OK
Lunghezza: 308146 (301K) [image/jpeg]
Salvataggio in: ‘costruisciearreda-static/costruisciearreda.it/wp-content/uploads/2024/08/BAGNO-DOPO_3_11zon.jpg’

     0K .......... .......... .......... .......... .......... 16%  375M 0s
    50K .......... .......... .......... .......... .......... 33% 33,7M 0s
   100K .......... .......... .......... .......... .......... 49% 20,4M 0s
   150K .......... .......... .......... .......... .......... 66%  509M 0s
   200K .......... .......... .......... .......... .......... 83% 8,38M 0s
   250K .......... .......... .......... .......... .......... 99%  734M 0s
   300K                                                       100% 1,72T=0,01s

2026-09-01 15:14:43 (29,5 MB/s) - ‘costruisciearreda-static/costruisciearreda.it/wp-content/uploads/2024/08/BAGNO-DOPO_3_11zon.jpg’ salvato [308146/308146]

--2026-09-01 15:14:43--  https://costruisciearreda.it/wp-content/uploads/2024/08/BAGNO-IN-CAMERA_4_11zon.jpg
Riutilizzo della connessione esistente a costruisciearreda.it:443.
Richiesta HTTP inviata, in attesa di risposta... 200 OK
Lunghezza: 267779 (262K) [image/jpeg]
Salvataggio in: ‘costruisciearreda-static/costruisciearreda.it/wp-content/uploads/2024/08/BAGNO-IN-CAMERA_4_11zon.jpg’

     0K .......... .......... .......... .......... .......... 19%  432M 0s
    50K .......... .......... .......... .......... .......... 38% 11,3M 0s
   100K .......... .......... .......... .......... .......... 57% 15,1M 0s
   150K .......... .......... .......... .......... .......... 76%  521M 0s
   200K .......... .......... .......... .......... .......... 95%  738M 0s
   250K .......... .                                          100%  595M=0,008s

2026-09-01 15:14:43 (32,5 MB/s) - ‘costruisciearreda-static/costruisciearreda.it/wp-content/uploads/2024/08/BAGNO-IN-CAMERA_4_11zon.jpg’ salvato [267779/267779]

--2026-09-01 15:14:43--  https://costruisciearreda.it/wp-content/uploads/2024/08/CAM-DA-LETTO-CASA-GTALLO_5_11zon.jpg
Riutilizzo della connessione esistente a costruisciearreda.it:443.
Richiesta HTTP inviata, in attesa di risposta... 200 OK
Lunghezza: 272828 (266K) [image/jpeg]
Salvataggio in: ‘costruisciearreda-static/costruisciearreda.it/wp-content/uploads/2024/08/CAM-DA-LETTO-CASA-GTALLO_5_11zon.jpg’

     0K .......... .......... .......... .......... .......... 18% 18,1M 0s
    50K .......... .......... .......... .......... .......... 37%  391M 0s
   100K .......... .......... .......... .......... .......... 56% 17,1M 0s
   150K .......... .......... .......... .......... .......... 75% 42,9M 0s
   200K .......... .......... .......... .......... .......... 93%  424M 0s
   250K .......... ......                                     100%  666M=0,007s

2026-09-01 15:14:43 (37,4 MB/s) - ‘costruisciearreda-static/costruisciearreda.it/wp-content/uploads/2024/08/CAM-DA-LETTO-CASA-GTALLO_5_11zon.jpg’ salvato [272828/272828]

--2026-09-01 15:14:43--  https://costruisciearreda.it/wp-content/uploads/2024/08/CAM-DA-LETTO-REV-02_6_11zon.jpg
Riutilizzo della connessione esistente a costruisciearreda.it:443.
Richiesta HTTP inviata, in attesa di risposta... 200 OK
Lunghezza: 204033 (199K) [image/jpeg]
Salvataggio in: ‘costruisciearreda-static/costruisciearreda.it/wp-content/uploads/2024/08/CAM-DA-LETTO-REV-02_6_11zon.jpg’

     0K .......... .......... .......... .......... .......... 25%  501M 0s
    50K .......... .......... .......... .......... .......... 50% 18,1M 0s
   100K .......... .......... .......... .......... .......... 75%  436M 0s
   150K .......... .......... .......... .......... ......... 100%  110M=0,003s

2026-09-01 15:14:43 (58,1 MB/s) - ‘costruisciearreda-static/costruisciearreda.it/wp-content/uploads/2024/08/CAM-DA-LETTO-REV-02_6_11zon.jpg’ salvato [204033/204033]

--2026-09-01 15:14:43--  https://costruisciearreda.it/wp-content/uploads/2024/08/CAM-DA-LETTO-REV-03_7_11zon.jpg
Riutilizzo della connessione esistente a costruisciearreda.it:443.
Richiesta HTTP inviata, in attesa di risposta... 200 OK
Lunghezza: 251818 (246K) [image/jpeg]
Salvataggio in: ‘costruisciearreda-static/costruisciearreda.it/wp-content/uploads/2024/08/CAM-DA-LETTO-REV-03_7_11zon.jpg’

     0K .......... .......... .......... .......... .......... 20%  491M 0s
    50K .......... .......... .......... .......... .......... 40%  125M 0s
   100K .......... .......... .......... .......... .......... 60% 19,1M 0s
   150K .......... .......... .......... .......... .......... 81% 30,1M 0s
   200K .......... .......... .......... .......... .....     100%  698M=0,005s

2026-09-01 15:14:43 (50,7 MB/s) - ‘costruisciearreda-static/costruisciearreda.it/wp-content/uploads/2024/08/CAM-DA-LETTO-REV-03_7_11zon.jpg’ salvato [251818/251818]

--2026-09-01 15:14:43--  https://costruisciearreda.it/wp-content/uploads/2024/08/CAM-DA-LETTO-REV-04_8_11zon.jpg
Riutilizzo della connessione esistente a costruisciearreda.it:443.
Richiesta HTTP inviata, in attesa di risposta... 200 OK
Lunghezza: 95029 (93K) [image/jpeg]
Salvataggio in: ‘costruisciearreda-static/costruisciearreda.it/wp-content/uploads/2024/08/CAM-DA-LETTO-REV-04_8_11zon.jpg’

     0K .......... .......... .......... .......... .......... 53% 17,4M 0s
    50K .......... .......... .......... .......... ..        100%  762M=0,003s

2026-09-01 15:14:43 (31,7 MB/s) - ‘costruisciearreda-static/costruisciearreda.it/wp-content/uploads/2024/08/CAM-DA-LETTO-REV-04_8_11zon.jpg’ salvato [95029/95029]

--2026-09-01 15:14:43--  https://costruisciearreda.it/wp-content/uploads/2024/08/CASA-GALLO-DOPO-BAGNO_9_11zon.jpg
Riutilizzo della connessione esistente a costruisciearreda.it:443.
Richiesta HTTP inviata, in attesa di risposta... 200 OK
Lunghezza: 321001 (313K) [image/jpeg]
Salvataggio in: ‘costruisciearreda-static/costruisciearreda.it/wp-content/uploads/2024/08/CASA-GALLO-DOPO-BAGNO_9_11zon.jpg’

     0K .......... .......... .......... .......... .......... 15% 16,1M 0s
    50K .......... .......... .......... .......... .......... 31%  660M 0s
   100K .......... .......... .......... .......... .......... 47% 16,4M 0s
   150K .......... .......... .......... .......... .......... 63%  822M 0s
   200K .......... .......... .......... .......... .......... 79% 18,8M 0s
   250K .......... .......... .......... .......... .......... 95%  741M 0s
   300K .......... ...                                        100%  648M=0,009s

2026-09-01 15:14:43 (34,7 MB/s) - ‘costruisciearreda-static/costruisciearreda.it/wp-content/uploads/2024/08/CASA-GALLO-DOPO-BAGNO_9_11zon.jpg’ salvato [321001/321001]

--2026-09-01 15:14:43--  https://costruisciearreda.it/wp-content/uploads/2024/08/DOPO-BAGNO-IN-CAMERA-CASA-GALLO-GIULIO_10_11zon.jpg
Riutilizzo della connessione esistente a costruisciearreda.it:443.
Richiesta HTTP inviata, in attesa di risposta... 200 OK
Lunghezza: 223021 (218K) [image/jpeg]
Salvataggio in: ‘costruisciearreda-static/costruisciearreda.it/wp-content/uploads/2024/08/DOPO-BAGNO-IN-CAMERA-CASA-GALLO-GIULIO_10_11zon.jpg’

     0K .......... .......... .......... .......... .......... 22%  469M 0s
    50K .......... .......... .......... .......... .......... 45% 23,8M 0s
   100K .......... .......... .......... .......... .......... 68%  519M 0s
   150K .......... .......... .......... .......... .......... 91% 39,9M 0s
   200K .......... .......                                    100%  634M=0,004s

2026-09-01 15:14:43 (60,7 MB/s) - ‘costruisciearreda-static/costruisciearreda.it/wp-content/uploads/2024/08/DOPO-BAGNO-IN-CAMERA-CASA-GALLO-GIULIO_10_11zon.jpg’ salvato [223021/223021]

--2026-09-01 15:14:43--  https://costruisciearreda.it/wp-content/uploads/2024/08/DOPO-CASA-GALLO_11_11zon.jpg
Riutilizzo della connessione esistente a costruisciearreda.it:443.
Richiesta HTTP inviata, in attesa di risposta... 200 OK
Lunghezza: 178159 (174K) [image/jpeg]
Salvataggio in: ‘costruisciearreda-static/costruisciearreda.it/wp-content/uploads/2024/08/DOPO-CASA-GALLO_11_11zon.jpg’

     0K .......... .......... .......... .......... .......... 28% 9,70M 0s
    50K .......... .......... .......... .......... .......... 57%  746M 0s
   100K .......... .......... .......... .......... .......... 86%  662M 0s
   150K .......... .......... ...                             100%  812M=0,005s

2026-09-01 15:14:43 (32,7 MB/s) - ‘costruisciearreda-static/costruisciearreda.it/wp-content/uploads/2024/08/DOPO-CASA-GALLO_11_11zon.jpg’ salvato [178159/178159]

--2026-09-01 15:14:43--  https://costruisciearreda.it/wp-content/uploads/2024/08/DOPO-CUCINA-GALLO_12_11zon.jpg
Riutilizzo della connessione esistente a costruisciearreda.it:443.
Richiesta HTTP inviata, in attesa di risposta... 200 OK
Lunghezza: 152337 (149K) [image/jpeg]
Salvataggio in: ‘costruisciearreda-static/costruisciearreda.it/wp-content/uploads/2024/08/DOPO-CUCINA-GALLO_12_11zon.jpg’

     0K .......... .......... .......... .......... .......... 33% 7,00M 0s
    50K .......... .......... .......... .......... .......... 67%  547M 0s
   100K .......... .......... .......... .......... ........  100%  687M=0,007s

2026-09-01 15:14:43 (20,4 MB/s) - ‘costruisciearreda-static/costruisciearreda.it/wp-content/uploads/2024/08/DOPO-CUCINA-GALLO_12_11zon.jpg’ salvato [152337/152337]

--2026-09-01 15:14:43--  https://costruisciearreda.it/wp-content/uploads/2024/08/INGRESSO-DOPO_13_11zon.jpg
Riutilizzo della connessione esistente a costruisciearreda.it:443.
Richiesta HTTP inviata, in attesa di risposta... 200 OK
Lunghezza: 317547 (310K) [image/jpeg]
Salvataggio in: ‘costruisciearreda-static/costruisciearreda.it/wp-content/uploads/2024/08/INGRESSO-DOPO_13_11zon.jpg’

     0K .......... .......... .......... .......... .......... 16% 15,5M 0s
    50K .......... .......... .......... .......... .......... 32%  366M 0s
   100K .......... .......... .......... .......... .......... 48% 8,66M 0s
   150K .......... .......... .......... .......... .......... 64%  413M 0s
   200K .......... .......... .......... .......... .......... 80% 24,8M 0s
   250K .......... .......... .......... .......... .......... 96%  719M 0s
   300K ..........                                            100%  874M=0,01s

2026-09-01 15:14:43 (27,3 MB/s) - ‘costruisciearreda-static/costruisciearreda.it/wp-content/uploads/2024/08/INGRESSO-DOPO_13_11zon.jpg’ salvato [317547/317547]

--2026-09-01 15:14:43--  https://costruisciearreda.it/wp-content/uploads/2024/08/INGRESSO-REV01_14_11zon.jpg
Riutilizzo della connessione esistente a costruisciearreda.it:443.
Richiesta HTTP inviata, in attesa di risposta... 200 OK
Lunghezza: 272999 (267K) [image/jpeg]
Salvataggio in: ‘costruisciearreda-static/costruisciearreda.it/wp-content/uploads/2024/08/INGRESSO-REV01_14_11zon.jpg’

     0K .......... .......... .......... .......... .......... 18%  303M 0s
    50K .......... .......... .......... .......... .......... 37% 15,2M 0s
   100K .......... .......... .......... .......... .......... 56% 7,38M 0s
   150K .......... .......... .......... .......... .......... 75%  779M 0s
   200K .......... .......... .......... .......... .......... 93% 9,51M 0s
   250K .......... ......                                     100%  617M=0,02s

2026-09-01 15:14:43 (17,1 MB/s) - ‘costruisciearreda-static/costruisciearreda.it/wp-content/uploads/2024/08/INGRESSO-REV01_14_11zon.jpg’ salvato [272999/272999]

--2026-09-01 15:14:43--  https://costruisciearreda.it/wp-json/oembed/1.0/embed?url=https%3A%2F%2Fcostruisciearreda.it%2Frealizzazioni%2Fhome-albe%2F
Riutilizzo della connessione esistente a costruisciearreda.it:443.
Richiesta HTTP inviata, in attesa di risposta... 200 OK
Lunghezza: non specificato [application/json]
Salvataggio in: ‘costruisciearreda-static/costruisciearreda.it/wp-json/oembed/1.0/embed?url=https:%2F%2Fcostruisciearreda.it%2Frealizzazioni%2Fhome-albe%2F’

     0K ..                                                     1,41G=0s

Intestazione Last-modified mancante -- marche temporali disattivate.
2026-09-01 15:14:44 (1,41 GB/s) - ‘costruisciearreda-static/costruisciearreda.it/wp-json/oembed/1.0/embed?url=https:%2F%2Fcostruisciearreda.it%2Frealizzazioni%2Fhome-albe%2F’ salvato [2391]

--2026-09-01 15:14:44--  https://costruisciearreda.it/wp-json/oembed/1.0/embed?url=https%3A%2F%2Fcostruisciearreda.it%2Frealizzazioni%2Fhome-albe%2F&format=xml
Riutilizzo della connessione esistente a costruisciearreda.it:443.
Richiesta HTTP inviata, in attesa di risposta... 200 OK
Lunghezza: non specificato [text/xml]
Salvataggio in: ‘costruisciearreda-static/costruisciearreda.it/wp-json/oembed/1.0/embed?url=https:%2F%2Fcostruisciearreda.it%2Frealizzazioni%2Fhome-albe%2F&format=xml’

     0K ..                                                     1,72G=0s

Intestazione Last-modified mancante -- marche temporali disattivate.
2026-09-01 15:14:44 (1,72 GB/s) - ‘costruisciearreda-static/costruisciearreda.it/wp-json/oembed/1.0/embed?url=https:%2F%2Fcostruisciearreda.it%2Frealizzazioni%2Fhome-albe%2F&format=xml’ salvato [2579]

--2026-09-01 15:14:44--  https://costruisciearreda.it/?p=1407
Riutilizzo della connessione esistente a costruisciearreda.it:443.
Richiesta HTTP inviata, in attesa di risposta... 301 Moved Permanently
Posizione: https://costruisciearreda.it/realizzazioni/home-albe/ [segue]
--2026-09-01 15:14:44--  https://costruisciearreda.it/realizzazioni/home-albe/
Riutilizzo della connessione esistente a costruisciearreda.it:443.
Richiesta HTTP inviata, in attesa di risposta... 200 OK
Lunghezza: non specificato [text/html]
Salvataggio in: ‘costruisciearreda-static/costruisciearreda.it/index.html?p=1407.html’

     0K .......... .......... .......... .......... .......... 2,69M
    50K .......... .......... .......... .......... .......... 28,5M
   100K .......... ..                                           341M=0,02s

2026-09-01 15:14:44 (5,53 MB/s) - ‘costruisciearreda-static/costruisciearreda.it/index.html?p=1407.html’ salvato [115212]

--2026-09-01 15:14:44--  https://costruisciearreda.it/wp-content/uploads/2024/06/Albe.jpg
Riutilizzo della connessione esistente a costruisciearreda.it:443.
Richiesta HTTP inviata, in attesa di risposta... 200 OK
Lunghezza: 26111 (25K) [image/jpeg]
Salvataggio in: ‘costruisciearreda-static/costruisciearreda.it/wp-content/uploads/2024/06/Albe.jpg’

     0K .......... .......... .....                           100% 29,0M=0,001s

2026-09-01 15:14:45 (29,0 MB/s) - ‘costruisciearreda-static/costruisciearreda.it/wp-content/uploads/2024/06/Albe.jpg’ salvato [26111/26111]

--2026-09-01 15:14:45--  https://costruisciearreda.it/wp-content/uploads/2024/06/3d_1_11zon.jpg
Riutilizzo della connessione esistente a costruisciearreda.it:443.
Richiesta HTTP inviata, in attesa di risposta... 200 OK
Lunghezza: 530727 (518K) [image/jpeg]
Salvataggio in: ‘costruisciearreda-static/costruisciearreda.it/wp-content/uploads/2024/06/3d_1_11zon.jpg’

     0K .......... .......... .......... .......... ..........  9%  404M 0s
    50K .......... .......... .......... .......... .......... 19% 23,1M 0s
   100K .......... .......... .......... .......... .......... 28% 4,00M 0s
   150K .......... .......... .......... .......... .......... 38% 7,50M 0s
   200K .......... .......... .......... .......... .......... 48% 20,8M 0s
   250K .......... .......... .......... .......... .......... 57% 18,0M 0s
   300K .......... .......... .......... .......... .......... 67% 29,0M 0s
   350K .......... .......... .......... .......... .......... 77%  679M 0s
   400K .......... .......... .......... .......... .......... 86%  675M 0s
   450K .......... .......... .......... .......... .......... 96% 2,01M 0s
   500K .......... ........                                   100%  700M=0,05s

2026-09-01 15:14:45 (9,69 MB/s) - ‘costruisciearreda-static/costruisciearreda.it/wp-content/uploads/2024/06/3d_1_11zon.jpg’ salvato [530727/530727]

--2026-09-01 15:14:45--  https://costruisciearreda.it/wp-content/uploads/2024/06/bagno-prima_2_11zon.jpg
Riutilizzo della connessione esistente a costruisciearreda.it:443.
Richiesta HTTP inviata, in attesa di risposta... 200 OK
Lunghezza: 315170 (308K) [image/jpeg]
Salvataggio in: ‘costruisciearreda-static/costruisciearreda.it/wp-content/uploads/2024/06/bagno-prima_2_11zon.jpg’

     0K .......... .......... .......... .......... .......... 16% 9,20M 0s
    50K .......... .......... .......... .......... .......... 32%  481M 0s
   100K .......... .......... .......... .......... .......... 48%  715M 0s
   150K .......... .......... .......... .......... .......... 64%  881M 0s
   200K .......... .......... .......... .......... .......... 81% 17,0M 0s
   250K .......... .......... .......... .......... .......... 97%  511M 0s
   300K .......                                               100%  231M=0,009s

2026-09-01 15:14:45 (35,2 MB/s) - ‘costruisciearreda-static/costruisciearreda.it/wp-content/uploads/2024/06/bagno-prima_2_11zon.jpg’ salvato [315170/315170]

--2026-09-01 15:14:45--  https://costruisciearreda.it/wp-content/uploads/2024/06/bagno-scuro-prima-1_3_11zon.jpg
Riutilizzo della connessione esistente a costruisciearreda.it:443.
Richiesta HTTP inviata, in attesa di risposta... 200 OK
Lunghezza: 388143 (379K) [image/jpeg]
Salvataggio in: ‘costruisciearreda-static/costruisciearreda.it/wp-content/uploads/2024/06/bagno-scuro-prima-1_3_11zon.jpg’

     0K .......... .......... .......... .......... .......... 13% 20,4M 0s
    50K .......... .......... .......... .......... .......... 26%  622M 0s
   100K .......... .......... .......... .......... .......... 39% 16,7M 0s
   150K .......... .......... .......... .......... .......... 52%  728M 0s
   200K .......... .......... .......... .......... .......... 65% 7,84M 0s
   250K .......... .......... .......... .......... .......... 79%  668M 0s
   300K .......... .......... .......... .......... .......... 92% 4,08M 0s
   350K .......... .......... .........                       100%  608M=0,02s

2026-09-01 15:14:45 (15,6 MB/s) - ‘costruisciearreda-static/costruisciearreda.it/wp-content/uploads/2024/06/bagno-scuro-prima-1_3_11zon.jpg’ salvato [388143/388143]

--2026-09-01 15:14:45--  https://costruisciearreda.it/wp-content/uploads/2024/06/bagno-scuro-prima_4_11zon.jpg
Riutilizzo della connessione esistente a costruisciearreda.it:443.
Richiesta HTTP inviata, in attesa di risposta... 200 OK
Lunghezza: 300101 (293K) [image/jpeg]
Salvataggio in: ‘costruisciearreda-static/costruisciearreda.it/wp-content/uploads/2024/06/bagno-scuro-prima_4_11zon.jpg’

     0K .......... .......... .......... .......... .......... 17% 16,8M 0s
    50K .......... .......... .......... .......... .......... 34%  471M 0s
   100K .......... .......... .......... .......... .......... 51% 8,36M 0s
   150K .......... .......... .......... .......... .......... 68%  788M 0s
   200K .......... .......... .......... .......... .......... 85%  717M 0s
   250K .......... .......... .......... .......... ...       100%  647M=0,009s

2026-09-01 15:14:45 (31,6 MB/s) - ‘costruisciearreda-static/costruisciearreda.it/wp-content/uploads/2024/06/bagno-scuro-prima_4_11zon.jpg’ salvato [300101/300101]

--2026-09-01 15:14:45--  https://costruisciearreda.it/wp-content/uploads/2024/06/camera-1_5_11zon.jpg
Riutilizzo della connessione esistente a costruisciearreda.it:443.
Richiesta HTTP inviata, in attesa di risposta... 200 OK
Lunghezza: 193606 (189K) [image/jpeg]
Salvataggio in: ‘costruisciearreda-static/costruisciearreda.it/wp-content/uploads/2024/06/camera-1_5_11zon.jpg’

     0K .......... .......... .......... .......... .......... 26% 38,2M 0s
    50K .......... .......... .......... .......... .......... 52% 6,31M 0s
   100K .......... .......... .......... .......... .......... 79%  650M 0s
   150K .......... .......... .......... .........            100% 91,7M=0,01s

2026-09-01 15:14:45 (19,4 MB/s) - ‘costruisciearreda-static/costruisciearreda.it/wp-content/uploads/2024/06/camera-1_5_11zon.jpg’ salvato [193606/193606]

--2026-09-01 15:14:45--  https://costruisciearreda.it/wp-content/uploads/2024/06/cameretta_6_11zon.jpg
Riutilizzo della connessione esistente a costruisciearreda.it:443.
Richiesta HTTP inviata, in attesa di risposta... 200 OK
Lunghezza: 311953 (305K) [image/jpeg]
Salvataggio in: ‘costruisciearreda-static/costruisciearreda.it/wp-content/uploads/2024/06/cameretta_6_11zon.jpg’

     0K .......... .......... .......... .......... .......... 16%  546M 0s
    50K .......... .......... .......... .......... .......... 32% 8,16M 0s
   100K .......... .......... .......... .......... .......... 49%  387M 0s
   150K .......... .......... .......... .......... .......... 65%  559M 0s
   200K .......... .......... .......... .......... .......... 82% 19,3M 0s
   250K .......... .......... .......... .......... .......... 98%  453M 0s
   300K ....                                                  100%  266M=0,009s

2026-09-01 15:14:45 (33,3 MB/s) - ‘costruisciearreda-static/costruisciearreda.it/wp-content/uploads/2024/06/cameretta_6_11zon.jpg’ salvato [311953/311953]

--2026-09-01 15:14:45--  https://costruisciearreda.it/wp-content/uploads/2024/06/cappotto-termico-facciata-appartamento_7_11zon.jpg
Riutilizzo della connessione esistente a costruisciearreda.it:443.
Richiesta HTTP inviata, in attesa di risposta... 200 OK
Lunghezza: 309692 (302K) [image/jpeg]
Salvataggio in: ‘costruisciearreda-static/costruisciearreda.it/wp-content/uploads/2024/06/cappotto-termico-facciata-appartamento_7_11zon.jpg’

     0K .......... .......... .......... .......... .......... 16%  558M 0s
    50K .......... .......... .......... .......... .......... 33% 5,72M 0s
   100K .......... .......... .......... .......... .......... 49% 8,32M 0s
   150K .......... .......... .......... .......... .......... 66%  521M 0s
   200K .......... .......... .......... .......... .......... 82% 39,6M 0s
   250K .......... .......... .......... .......... .......... 99%  527M 0s
   300K ..                                                    100% 4,53T=0,02s

2026-09-01 15:14:45 (18,5 MB/s) - ‘costruisciearreda-static/costruisciearreda.it/wp-content/uploads/2024/06/cappotto-termico-facciata-appartamento_7_11zon.jpg’ salvato [309692/309692]

--2026-09-01 15:14:45--  https://costruisciearreda.it/wp-content/uploads/2024/06/cucina-1_8_11zon.jpg
Riutilizzo della connessione esistente a costruisciearreda.it:443.
Richiesta HTTP inviata, in attesa di risposta... 200 OK
Lunghezza: 226066 (221K) [image/jpeg]
Salvataggio in: ‘costruisciearreda-static/costruisciearreda.it/wp-content/uploads/2024/06/cucina-1_8_11zon.jpg’

     0K .......... .......... .......... .......... .......... 22%  312M 0s
    50K .......... .......... .......... .......... .......... 45%  583M 0s
   100K .......... .......... .......... .......... .......... 67%  506M 0s
   150K .......... .......... .......... .......... .......... 90% 63,5M 0s
   200K .......... ..........                                 100%  430M=0,001s

2026-09-01 15:14:45 (187 MB/s) - ‘costruisciearreda-static/costruisciearreda.it/wp-content/uploads/2024/06/cucina-1_8_11zon.jpg’ salvato [226066/226066]

--2026-09-01 15:14:45--  https://costruisciearreda.it/wp-content/uploads/2024/06/cucina-2_9_11zon.jpg
Riutilizzo della connessione esistente a costruisciearreda.it:443.
Richiesta HTTP inviata, in attesa di risposta... 200 OK
Lunghezza: 202729 (198K) [image/jpeg]
Salvataggio in: ‘costruisciearreda-static/costruisciearreda.it/wp-content/uploads/2024/06/cucina-2_9_11zon.jpg’

     0K .......... .......... .......... .......... .......... 25% 8,41M 0s
    50K .......... .......... .......... .......... .......... 50% 24,3M 0s
   100K .......... .......... .......... .......... .......... 75%  405M 0s
   150K .......... .......... .......... .......... .......   100%  754M=0,008s

2026-09-01 15:14:45 (24,2 MB/s) - ‘costruisciearreda-static/costruisciearreda.it/wp-content/uploads/2024/06/cucina-2_9_11zon.jpg’ salvato [202729/202729]

--2026-09-01 15:14:45--  https://costruisciearreda.it/wp-content/uploads/2024/06/cucina-boiserie-pittura_10_11zon.jpg
Riutilizzo della connessione esistente a costruisciearreda.it:443.
Richiesta HTTP inviata, in attesa di risposta... 200 OK
Lunghezza: 276818 (270K) [image/jpeg]
Salvataggio in: ‘costruisciearreda-static/costruisciearreda.it/wp-content/uploads/2024/06/cucina-boiserie-pittura_10_11zon.jpg’

     0K .......... .......... .......... .......... .......... 18% 15,4M 0s
    50K .......... .......... .......... .......... .......... 36%  513M 0s
   100K .......... .......... .......... .......... .......... 55% 18,3M 0s
   150K .......... .......... .......... .......... .......... 73%  563M 0s
   200K .......... .......... .......... .......... .......... 92% 29,6M 0s
   250K .......... ..........                                 100%  560M=0,008s

2026-09-01 15:14:45 (34,3 MB/s) - ‘costruisciearreda-static/costruisciearreda.it/wp-content/uploads/2024/06/cucina-boiserie-pittura_10_11zon.jpg’ salvato [276818/276818]

--2026-09-01 15:14:45--  https://costruisciearreda.it/wp-content/uploads/2024/06/cucina_11_11zon.jpg
Riutilizzo della connessione esistente a costruisciearreda.it:443.
Richiesta HTTP inviata, in attesa di risposta... 200 OK
Lunghezza: 205829 (201K) [image/jpeg]
Salvataggio in: ‘costruisciearreda-static/costruisciearreda.it/wp-content/uploads/2024/06/cucina_11_11zon.jpg’

     0K .......... .......... .......... .......... .......... 24%  466M 0s
    50K .......... .......... .......... .......... .......... 49% 10,5M 0s
   100K .......... .......... .......... .......... .......... 74% 38,2M 0s
   150K .......... .......... .......... .......... .......... 99%  521M 0s
   200K .                                                     100% 1,87T=0,006s

2026-09-01 15:14:45 (32,1 MB/s) - ‘costruisciearreda-static/costruisciearreda.it/wp-content/uploads/2024/06/cucina_11_11zon.jpg’ salvato [205829/205829]

--2026-09-01 15:14:45--  https://costruisciearreda.it/wp-content/uploads/2024/06/demolizione-giardino_12_11zon.jpg
Riutilizzo della connessione esistente a costruisciearreda.it:443.
Richiesta HTTP inviata, in attesa di risposta... 200 OK
Lunghezza: 821486 (802K) [image/jpeg]
Salvataggio in: ‘costruisciearreda-static/costruisciearreda.it/wp-content/uploads/2024/06/demolizione-giardino_12_11zon.jpg’

     0K .......... .......... .......... .......... ..........  6%  468M 0s
    50K .......... .......... .......... .......... .......... 12% 15,1M 0s
   100K .......... .......... .......... .......... .......... 18% 18,6M 0s
   150K .......... .......... .......... .......... .......... 24%  574M 0s
   200K .......... .......... .......... .......... .......... 31% 8,56M 0s
   250K .......... .......... .......... .......... .......... 37%  446M 0s
   300K .......... .......... .......... .......... .......... 43% 8,32M 0s
   350K .......... .......... .......... .......... .......... 49% 13,4M 0s
   400K .......... .......... .......... .......... .......... 56% 20,4M 0s
   450K .......... .......... .......... .......... .......... 62% 9,46M 0s
   500K .......... .......... .......... .......... .......... 68%  529M 0s
   550K .......... .......... .......... .......... .......... 74% 78,0M 0s
   600K .......... .......... .......... .......... .......... 81% 14,2M 0s
   650K .......... .......... .......... .......... .......... 87%  814M 0s
   700K .......... .......... .......... .......... .......... 93% 4,69M 0s
   750K .......... .......... .......... .......... .......... 99% 22,1M 0s
   800K ..                                                    100% 4,16T=0,05s

2026-09-01 15:14:45 (17,1 MB/s) - ‘costruisciearreda-static/costruisciearreda.it/wp-content/uploads/2024/06/demolizione-giardino_12_11zon.jpg’ salvato [821486/821486]

--2026-09-01 15:14:45--  https://costruisciearreda.it/wp-content/uploads/2024/06/direzione-lavori_13_11zon.jpg
Riutilizzo della connessione esistente a costruisciearreda.it:443.
Richiesta HTTP inviata, in attesa di risposta... 200 OK
Lunghezza: 311477 (304K) [image/jpeg]
Salvataggio in: ‘costruisciearreda-static/costruisciearreda.it/wp-content/uploads/2024/06/direzione-lavori_13_11zon.jpg’

     0K .......... .......... .......... .......... .......... 16%  334M 0s
    50K .......... .......... .......... .......... .......... 32% 27,5M 0s
   100K .......... .......... .......... .......... .......... 49% 17,9M 0s
   150K .......... .......... .......... .......... .......... 65%  350M 0s
   200K .......... .......... .......... .......... .......... 82% 22,1M 0s
   250K .......... .......... .......... .......... .......... 98%  447M 0s
   300K ....                                                  100% 7,78T=0,007s

2026-09-01 15:14:45 (41,8 MB/s) - ‘costruisciearreda-static/costruisciearreda.it/wp-content/uploads/2024/06/direzione-lavori_13_11zon.jpg’ salvato [311477/311477]

--2026-09-01 15:14:45--  https://costruisciearreda.it/wp-content/uploads/2024/06/disimpegno_14_11zon.jpg
Riutilizzo della connessione esistente a costruisciearreda.it:443.
Richiesta HTTP inviata, in attesa di risposta... 200 OK
Lunghezza: 233606 (228K) [image/jpeg]
Salvataggio in: ‘costruisciearreda-static/costruisciearreda.it/wp-content/uploads/2024/06/disimpegno_14_11zon.jpg’

     0K .......... .......... .......... .......... .......... 21%  558M 0s
    50K .......... .......... .......... .......... .......... 43% 21,3M 0s
   100K .......... .......... .......... .......... .......... 65%  562M 0s
   150K .......... .......... .......... .......... .......... 87%  671M 0s
   200K .......... .......... ........                        100%  608M=0,003s

2026-09-01 15:14:45 (86,4 MB/s) - ‘costruisciearreda-static/costruisciearreda.it/wp-content/uploads/2024/06/disimpegno_14_11zon.jpg’ salvato [233606/233606]

--2026-09-01 15:14:45--  https://costruisciearreda.it/wp-content/uploads/2024/06/esterno_15_11zon.jpg
Riutilizzo della connessione esistente a costruisciearreda.it:443.
Richiesta HTTP inviata, in attesa di risposta... 200 OK
Lunghezza: 572664 (559K) [image/jpeg]
Salvataggio in: ‘costruisciearreda-static/costruisciearreda.it/wp-content/uploads/2024/06/esterno_15_11zon.jpg’

     0K .......... .......... .......... .......... ..........  8%  470M 0s
    50K .......... .......... .......... .......... .......... 17% 8,73M 0s
   100K .......... .......... .......... .......... .......... 26%  661M 0s
   150K .......... .......... .......... .......... .......... 35%  858M 0s
   200K .......... .......... .......... .......... .......... 44%  676M 0s
   250K .......... .......... .......... .......... .......... 53% 25,6M 0s
   300K .......... .......... .......... .......... .......... 62% 3,54M 0s
   350K .......... .......... .......... .......... .......... 71% 17,7M 0s
   400K .......... .......... .......... .......... .......... 80% 10,9M 0s
   450K .......... .......... .......... .......... .......... 89% 21,6M 0s
   500K .......... .......... .......... .......... .......... 98%  720M 0s
   550K .........                                             100%  800M=0,03s

2026-09-01 15:14:45 (17,5 MB/s) - ‘costruisciearreda-static/costruisciearreda.it/wp-content/uploads/2024/06/esterno_15_11zon.jpg’ salvato [572664/572664]

--2026-09-01 15:14:45--  https://costruisciearreda.it/wp-content/uploads/2024/06/giardino-2_16_11zon.jpg
Riutilizzo della connessione esistente a costruisciearreda.it:443.
Richiesta HTTP inviata, in attesa di risposta... 200 OK
Lunghezza: 556100 (543K) [image/jpeg]
Salvataggio in: ‘costruisciearreda-static/costruisciearreda.it/wp-content/uploads/2024/06/giardino-2_16_11zon.jpg’

     0K .......... .......... .......... .......... ..........  9% 16,0M 0s
    50K .......... .......... .......... .......... .......... 18%  787M 0s
   100K .......... .......... .......... .......... .......... 27% 9,22M 0s
   150K .......... .......... .......... .......... .......... 36% 16,8M 0s
   200K .......... .......... .......... .......... .......... 46%  602M 0s
   250K .......... .......... .......... .......... .......... 55% 46,3M 0s
   300K .......... .......... .......... .......... .......... 64% 4,16M 0s
   350K .......... .......... .......... .......... .......... 73%  416M 0s
   400K .......... .......... .......... .......... .......... 82% 23,6M 0s
   450K .......... .......... .......... .......... .......... 92% 5,31M 0s
   500K .......... .......... .......... .......... ...       100%  681M=0,04s

2026-09-01 15:14:45 (14,9 MB/s) - ‘costruisciearreda-static/costruisciearreda.it/wp-content/uploads/2024/06/giardino-2_16_11zon.jpg’ salvato [556100/556100]

--2026-09-01 15:14:45--  https://costruisciearreda.it/wp-content/uploads/2024/06/giardino_17_11zon.jpg
Riutilizzo della connessione esistente a costruisciearreda.it:443.
Richiesta HTTP inviata, in attesa di risposta... 200 OK
Lunghezza: 610129 (596K) [image/jpeg]
Salvataggio in: ‘costruisciearreda-static/costruisciearreda.it/wp-content/uploads/2024/06/giardino_17_11zon.jpg’

     0K .......... .......... .......... .......... ..........  8%  483M 0s
    50K .......... .......... .......... .......... .......... 16% 17,1M 0s
   100K .......... .......... .......... .......... .......... 25% 18,1M 0s
   150K .......... .......... .......... .......... .......... 33%  593M 0s
   200K .......... .......... .......... .......... .......... 41% 15,8M 0s
   250K .......... .......... .......... .......... .......... 50%  557M 0s
   300K .......... .......... .......... .......... .......... 58% 12,4M 0s
   350K .......... .......... .......... .......... .......... 67% 3,32M 0s
   400K .......... .......... .......... .......... .......... 75% 17,3M 0s
   450K .......... .......... .......... .......... .......... 83%  520M 0s
   500K .......... .......... .......... .......... .......... 92% 21,0M 0s
   550K .......... .......... .......... .......... .....     100%  625M=0,03s

2026-09-01 15:14:45 (17,7 MB/s) - ‘costruisciearreda-static/costruisciearreda.it/wp-content/uploads/2024/06/giardino_17_11zon.jpg’ salvato [610129/610129]

--2026-09-01 15:14:45--  https://costruisciearreda.it/wp-content/uploads/2024/06/giarino-durante_18_11zon.jpg
Riutilizzo della connessione esistente a costruisciearreda.it:443.
Richiesta HTTP inviata, in attesa di risposta... 200 OK
Lunghezza: 536833 (524K) [image/jpeg]
Salvataggio in: ‘costruisciearreda-static/costruisciearreda.it/wp-content/uploads/2024/06/giarino-durante_18_11zon.jpg’

     0K .......... .......... .......... .......... ..........  9%  591M 0s
    50K .......... .......... .......... .......... .......... 19% 14,8M 0s
   100K .......... .......... .......... .......... .......... 28% 16,4M 0s
   150K .......... .......... .......... .......... .......... 38%  648M 0s
   200K .......... .......... .......... .......... .......... 47%  683M 0s
   250K .......... .......... .......... .......... .......... 57% 28,8M 0s
   300K .......... .......... .......... .......... .......... 66% 4,65M 0s
   350K .......... .......... .......... .......... .......... 76% 6,33M 0s
   400K .......... .......... .......... .......... .......... 85% 77,2M 0s
   450K .......... .......... .......... .......... .......... 95% 5,54M 0s
   500K .......... .......... ....                            100%  451M=0,04s

2026-09-01 15:14:45 (14,3 MB/s) - ‘costruisciearreda-static/costruisciearreda.it/wp-content/uploads/2024/06/giarino-durante_18_11zon.jpg’ salvato [536833/536833]

--2026-09-01 15:14:45--  https://costruisciearreda.it/wp-content/uploads/2024/06/ingresso-prima-rev01_19_11zon.jpg
Riutilizzo della connessione esistente a costruisciearreda.it:443.
Richiesta HTTP inviata, in attesa di risposta... 200 OK
Lunghezza: 248096 (242K) [image/jpeg]
Salvataggio in: ‘costruisciearreda-static/costruisciearreda.it/wp-content/uploads/2024/06/ingresso-prima-rev01_19_11zon.jpg’

     0K .......... .......... .......... .......... .......... 20%  455M 0s
    50K .......... .......... .......... .......... .......... 41% 16,9M 0s
   100K .......... .......... .......... .......... .......... 61%  604M 0s
   150K .......... .......... .......... .......... .......... 82% 32,1M 0s
   200K .......... .......... .......... .......... ..        100% 37,5M=0,006s

2026-09-01 15:14:45 (41,5 MB/s) - ‘costruisciearreda-static/costruisciearreda.it/wp-content/uploads/2024/06/ingresso-prima-rev01_19_11zon.jpg’ salvato [248096/248096]

--2026-09-01 15:14:45--  https://costruisciearreda.it/wp-content/uploads/2024/06/ingresso-prima_20_11zon.jpg
Riutilizzo della connessione esistente a costruisciearreda.it:443.
Richiesta HTTP inviata, in attesa di risposta... 200 OK
Lunghezza: 290965 (284K) [image/jpeg]
Salvataggio in: ‘costruisciearreda-static/costruisciearreda.it/wp-content/uploads/2024/06/ingresso-prima_20_11zon.jpg’

     0K .......... .......... .......... .......... .......... 17%  537M 0s
    50K .......... .......... .......... .......... .......... 35% 16,8M 0s
   100K .......... .......... .......... .......... .......... 52% 18,1M 0s
   150K .......... .......... .......... .......... .......... 70%  519M 0s
   200K .......... .......... .......... .......... .......... 87% 26,1M 0s
   250K .......... .......... .......... ....                 100%  652M=0,008s

2026-09-01 15:14:45 (36,0 MB/s) - ‘costruisciearreda-static/costruisciearreda.it/wp-content/uploads/2024/06/ingresso-prima_20_11zon.jpg’ salvato [290965/290965]

--2026-09-01 15:14:45--  https://costruisciearreda.it/wp-content/uploads/2024/06/ingresso-vuoto_21_11zon.jpg
Riutilizzo della connessione esistente a costruisciearreda.it:443.
Richiesta HTTP inviata, in attesa di risposta... 200 OK
Lunghezza: 252062 (246K) [image/jpeg]
Salvataggio in: ‘costruisciearreda-static/costruisciearreda.it/wp-content/uploads/2024/06/ingresso-vuoto_21_11zon.jpg’

     0K .......... .......... .......... .......... .......... 20% 16,5M 0s
    50K .......... .......... .......... .......... .......... 40% 16,2M 0s
   100K .......... .......... .......... .......... .......... 60%  650M 0s
   150K .......... .......... .......... .......... .......... 81%  826M 0s
   200K .......... .......... .......... .......... ......    100% 22,6M=0,008s

2026-09-01 15:14:45 (29,7 MB/s) - ‘costruisciearreda-static/costruisciearreda.it/wp-content/uploads/2024/06/ingresso-vuoto_21_11zon.jpg’ salvato [252062/252062]

--2026-09-01 15:14:45--  https://costruisciearreda.it/wp-content/uploads/2024/06/posa-boiserie-per-interno_22_11zon.jpg
Riutilizzo della connessione esistente a costruisciearreda.it:443.
Richiesta HTTP inviata, in attesa di risposta... 200 OK
Lunghezza: 292420 (286K) [image/jpeg]
Salvataggio in: ‘costruisciearreda-static/costruisciearreda.it/wp-content/uploads/2024/06/posa-boiserie-per-interno_22_11zon.jpg’

     0K .......... .......... .......... .......... .......... 17%  389M 0s
    50K .......... .......... .......... .......... .......... 35%  561M 0s
   100K .......... .......... .......... .......... .......... 52%  470M 0s
   150K .......... .......... .......... .......... .......... 70% 14,7M 0s
   200K .......... .......... .......... .......... .......... 87%  458M 0s
   250K .......... .......... .......... .....                100%  576M=0,004s

2026-09-01 15:14:45 (73,3 MB/s) - ‘costruisciearreda-static/costruisciearreda.it/wp-content/uploads/2024/06/posa-boiserie-per-interno_22_11zon.jpg’ salvato [292420/292420]

--2026-09-01 15:14:45--  https://costruisciearreda.it/wp-content/uploads/2024/06/posa-rivestimenti-per-esterno_23_11zon.jpg
Riutilizzo della connessione esistente a costruisciearreda.it:443.
Richiesta HTTP inviata, in attesa di risposta... 200 OK
Lunghezza: 132252 (129K) [image/jpeg]
Salvataggio in: ‘costruisciearreda-static/costruisciearreda.it/wp-content/uploads/2024/06/posa-rivestimenti-per-esterno_23_11zon.jpg’

     0K .......... .......... .......... .......... .......... 38%  426M 0s
    50K .......... .......... .......... .......... .......... 77% 10,4M 0s
   100K .......... .......... .........                       100%  462M=0,005s

2026-09-01 15:14:46 (25,8 MB/s) - ‘costruisciearreda-static/costruisciearreda.it/wp-content/uploads/2024/06/posa-rivestimenti-per-esterno_23_11zon.jpg’ salvato [132252/132252]

--2026-09-01 15:14:46--  https://costruisciearreda.it/wp-content/uploads/2024/06/salone-prima_24_11zon.jpg
Riutilizzo della connessione esistente a costruisciearreda.it:443.
Richiesta HTTP inviata, in attesa di risposta... 200 OK
Lunghezza: 240497 (235K) [image/jpeg]
Salvataggio in: ‘costruisciearreda-static/costruisciearreda.it/wp-content/uploads/2024/06/salone-prima_24_11zon.jpg’

     0K .......... .......... .......... .......... .......... 21% 20,8M 0s
    50K .......... .......... .......... .......... .......... 42% 16,0M 0s
   100K .......... .......... .......... .......... .......... 63%  667M 0s
   150K .......... .......... .......... .......... .......... 85%  827M 0s
   200K .......... .......... .......... ....                 100%  701M=0,006s

2026-09-01 15:14:46 (41,1 MB/s) - ‘costruisciearreda-static/costruisciearreda.it/wp-content/uploads/2024/06/salone-prima_24_11zon.jpg’ salvato [240497/240497]

--2026-09-01 15:14:46--  https://costruisciearreda.it/wp-content/uploads/2024/06/salone-vuoto_25_11zon.jpg
Riutilizzo della connessione esistente a costruisciearreda.it:443.
Richiesta HTTP inviata, in attesa di risposta... 200 OK
Lunghezza: 158760 (155K) [image/jpeg]
Salvataggio in: ‘costruisciearreda-static/costruisciearreda.it/wp-content/uploads/2024/06/salone-vuoto_25_11zon.jpg’

     0K .......... .......... .......... .......... .......... 32% 16,2M 0s
    50K .......... .......... .......... .......... .......... 64%  410M 0s
   100K .......... .......... .......... .......... .......... 96% 36,1M 0s
   150K .....                                                 100% 9,39T=0,004s

2026-09-01 15:14:46 (33,7 MB/s) - ‘costruisciearreda-static/costruisciearreda.it/wp-content/uploads/2024/06/salone-vuoto_25_11zon.jpg’ salvato [158760/158760]

--2026-09-01 15:14:46--  https://costruisciearreda.it/wp-content/uploads/2024/06/scale-cucina_26_11zon.jpg
Riutilizzo della connessione esistente a costruisciearreda.it:443.
Richiesta HTTP inviata, in attesa di risposta... 200 OK
Lunghezza: 190091 (186K) [image/jpeg]
Salvataggio in: ‘costruisciearreda-static/costruisciearreda.it/wp-content/uploads/2024/06/scale-cucina_26_11zon.jpg’

     0K .......... .......... .......... .......... .......... 26%  450M 0s
    50K .......... .......... .......... .......... .......... 53% 19,0M 0s
   100K .......... .......... .......... .......... .......... 80%  441M 0s
   150K .......... .......... .......... .....                100%  921M=0,003s

2026-09-01 15:14:46 (64,1 MB/s) - ‘costruisciearreda-static/costruisciearreda.it/wp-content/uploads/2024/06/scale-cucina_26_11zon.jpg’ salvato [190091/190091]

--2026-09-01 15:14:46--  https://costruisciearreda.it/wp-content/uploads/2024/06/sospensione-cucina_27_11zon.jpg
Riutilizzo della connessione esistente a costruisciearreda.it:443.
Richiesta HTTP inviata, in attesa di risposta... 200 OK
Lunghezza: 187071 (183K) [image/jpeg]
Salvataggio in: ‘costruisciearreda-static/costruisciearreda.it/wp-content/uploads/2024/06/sospensione-cucina_27_11zon.jpg’

     0K .......... .......... .......... .......... .......... 27% 12,2M 0s
    50K .......... .......... .......... .......... .......... 54%  642M 0s
   100K .......... .......... .......... .......... .......... 82%  580M 0s
   150K .......... .......... .......... ..                   100%  758M=0,004s

2026-09-01 15:14:46 (42,4 MB/s) - ‘costruisciearreda-static/costruisciearreda.it/wp-content/uploads/2024/06/sospensione-cucina_27_11zon.jpg’ salvato [187071/187071]

--2026-09-01 15:14:46--  https://costruisciearreda.it/wp-content/uploads/2024/06/BAGNO-ROSA-A-1.jpeg
Riutilizzo della connessione esistente a costruisciearreda.it:443.
Richiesta HTTP inviata, in attesa di risposta... 200 OK
Lunghezza: 129227 (126K) [image/jpeg]
Salvataggio in: ‘costruisciearreda-static/costruisciearreda.it/wp-content/uploads/2024/06/BAGNO-ROSA-A-1.jpeg’

     0K .......... .......... .......... .......... .......... 39%  602M 0s
    50K .......... .......... .......... .......... .......... 79% 22,3M 0s
   100K .......... .......... ......                          100%  529M=0,002s

2026-09-01 15:14:46 (53,2 MB/s) - ‘costruisciearreda-static/costruisciearreda.it/wp-content/uploads/2024/06/BAGNO-ROSA-A-1.jpeg’ salvato [129227/129227]

--2026-09-01 15:14:46--  https://costruisciearreda.it/wp-content/uploads/2024/06/BAGNO-ROSA-1.jpeg
Riutilizzo della connessione esistente a costruisciearreda.it:443.
Richiesta HTTP inviata, in attesa di risposta... 200 OK
Lunghezza: 168089 (164K) [image/jpeg]
Salvataggio in: ‘costruisciearreda-static/costruisciearreda.it/wp-content/uploads/2024/06/BAGNO-ROSA-1.jpeg’

     0K .......... .......... .......... .......... .......... 30%  409M 0s
    50K .......... .......... .......... .......... .......... 60% 12,7M 0s
   100K .......... .......... .......... .......... .......... 91%  486M 0s
   150K .......... ....                                       100%  514M=0,004s

2026-09-01 15:14:46 (39,2 MB/s) - ‘costruisciearreda-static/costruisciearreda.it/wp-content/uploads/2024/06/BAGNO-ROSA-1.jpeg’ salvato [168089/168089]

--2026-09-01 15:14:46--  https://costruisciearreda.it/wp-content/uploads/2024/06/BIOCLIMATICA-GIARDINO-1.jpeg
Riutilizzo della connessione esistente a costruisciearreda.it:443.
Richiesta HTTP inviata, in attesa di risposta... 200 OK
Lunghezza: 100363 (98K) [image/jpeg]
Salvataggio in: ‘costruisciearreda-static/costruisciearreda.it/wp-content/uploads/2024/06/BIOCLIMATICA-GIARDINO-1.jpeg’

     0K .......... .......... .......... .......... .......... 51%  398M 0s
    50K .......... .......... .......... .......... ........  100%  547M=0s

2026-09-01 15:14:46 (459 MB/s) - ‘costruisciearreda-static/costruisciearreda.it/wp-content/uploads/2024/06/BIOCLIMATICA-GIARDINO-1.jpeg’ salvato [100363/100363]

--2026-09-01 15:14:46--  https://costruisciearreda.it/wp-content/uploads/2024/06/BOISERIE-BLACK-1.jpeg
Riutilizzo della connessione esistente a costruisciearreda.it:443.
Richiesta HTTP inviata, in attesa di risposta... 200 OK
Lunghezza: 141989 (139K) [image/jpeg]
Salvataggio in: ‘costruisciearreda-static/costruisciearreda.it/wp-content/uploads/2024/06/BOISERIE-BLACK-1.jpeg’

     0K .......... .......... .......... .......... .......... 36%  396M 0s
    50K .......... .......... .......... .......... .......... 72% 42,5M 0s
   100K .......... .......... .......... ........             100% 93,3M=0,002s

2026-09-01 15:14:46 (80,8 MB/s) - ‘costruisciearreda-static/costruisciearreda.it/wp-content/uploads/2024/06/BOISERIE-BLACK-1.jpeg’ salvato [141989/141989]

--2026-09-01 15:14:46--  https://costruisciearreda.it/wp-content/uploads/2024/06/BOISERIE-CON-VANO-TV-1.jpeg
Riutilizzo della connessione esistente a costruisciearreda.it:443.
Richiesta HTTP inviata, in attesa di risposta... 200 OK
Lunghezza: 164046 (160K) [image/jpeg]
Salvataggio in: ‘costruisciearreda-static/costruisciearreda.it/wp-content/uploads/2024/06/BOISERIE-CON-VANO-TV-1.jpeg’

     0K .......... .......... .......... .......... .......... 31%  425M 0s
    50K .......... .......... .......... .......... .......... 62% 21,6M 0s
   100K .......... .......... .......... .......... .......... 93% 90,9M 0s
   150K ..........                                            100%  446M=0,003s

2026-09-01 15:14:46 (53,2 MB/s) - ‘costruisciearreda-static/costruisciearreda.it/wp-content/uploads/2024/06/BOISERIE-CON-VANO-TV-1.jpeg’ salvato [164046/164046]

--2026-09-01 15:14:46--  https://costruisciearreda.it/wp-content/uploads/2024/06/BOISERIE-NERA-1.jpeg
Riutilizzo della connessione esistente a costruisciearreda.it:443.
Richiesta HTTP inviata, in attesa di risposta... 200 OK
Lunghezza: 159731 (156K) [image/jpeg]
Salvataggio in: ‘costruisciearreda-static/costruisciearreda.it/wp-content/uploads/2024/06/BOISERIE-NERA-1.jpeg’

     0K .......... .......... .......... .......... .......... 32%  571M 0s
    50K .......... .......... .......... .......... .......... 64% 7,84M 0s
   100K .......... .......... .......... .......... .......... 96%  608M 0s
   150K .....                                                 100% 11,2T=0,006s

2026-09-01 15:14:46 (23,8 MB/s) - ‘costruisciearreda-static/costruisciearreda.it/wp-content/uploads/2024/06/BOISERIE-NERA-1.jpeg’ salvato [159731/159731]

--2026-09-01 15:14:46--  https://costruisciearreda.it/wp-content/uploads/2024/06/CAB-ARMADIO-1.jpeg
Riutilizzo della connessione esistente a costruisciearreda.it:443.
Richiesta HTTP inviata, in attesa di risposta... 200 OK
Lunghezza: 146447 (143K) [image/jpeg]
Salvataggio in: ‘costruisciearreda-static/costruisciearreda.it/wp-content/uploads/2024/06/CAB-ARMADIO-1.jpeg’

     0K .......... .......... .......... .......... .......... 34%  317M 0s
    50K .......... .......... .......... .......... .......... 69% 19,0M 0s
   100K .......... .......... .......... .......... ...       100% 30,9M=0,004s

2026-09-01 15:14:46 (34,1 MB/s) - ‘costruisciearreda-static/costruisciearreda.it/wp-content/uploads/2024/06/CAB-ARMADIO-1.jpeg’ salvato [146447/146447]

--2026-09-01 15:14:46--  https://costruisciearreda.it/wp-content/uploads/2024/06/CABINA-ARMADIO-1.jpeg
Riutilizzo della connessione esistente a costruisciearreda.it:443.
Richiesta HTTP inviata, in attesa di risposta... 200 OK
Lunghezza: 199101 (194K) [image/jpeg]
Salvataggio in: ‘costruisciearreda-static/costruisciearreda.it/wp-content/uploads/2024/06/CABINA-ARMADIO-1.jpeg’

     0K .......... .......... .......... .......... .......... 25% 14,4M 0s
    50K .......... .......... .......... .......... .......... 51%  626M 0s
   100K .......... .......... .......... .......... .......... 77% 29,0M 0s
   150K .......... .......... .......... .......... ....      100%  715M=0,005s

2026-09-01 15:14:46 (36,5 MB/s) - ‘costruisciearreda-static/costruisciearreda.it/wp-content/uploads/2024/06/CABINA-ARMADIO-1.jpeg’ salvato [199101/199101]

--2026-09-01 15:14:46--  https://costruisciearreda.it/wp-content/uploads/2024/06/CAMERA-AA-1.jpeg
Riutilizzo della connessione esistente a costruisciearreda.it:443.
Richiesta HTTP inviata, in attesa di risposta... 200 OK
Lunghezza: 114344 (112K) [image/jpeg]
Salvataggio in: ‘costruisciearreda-static/costruisciearreda.it/wp-content/uploads/2024/06/CAMERA-AA-1.jpeg’

     0K .......... .......... .......... .......... .......... 44% 50,6M 0s
    50K .......... .......... .......... .......... .......... 89% 32,4M 0s
   100K .......... .                                          100%  401M=0,002s

2026-09-01 15:14:46 (43,6 MB/s) - ‘costruisciearreda-static/costruisciearreda.it/wp-content/uploads/2024/06/CAMERA-AA-1.jpeg’ salvato [114344/114344]

--2026-09-01 15:14:46--  https://costruisciearreda.it/wp-content/uploads/2024/06/CAMERA-MATRIMONIALE-1.jpeg
Riutilizzo della connessione esistente a costruisciearreda.it:443.
Richiesta HTTP inviata, in attesa di risposta... 200 OK
Lunghezza: 183164 (179K) [image/jpeg]
Salvataggio in: ‘costruisciearreda-static/costruisciearreda.it/wp-content/uploads/2024/06/CAMERA-MATRIMONIALE-1.jpeg’

     0K .......... .......... .......... .......... .......... 27%  538M 0s
    50K .......... .......... .......... .......... .......... 55% 19,4M 0s
   100K .......... .......... .......... .......... .......... 83% 39,3M 0s
   150K .......... .......... ........                        100%  848M=0,004s

2026-09-01 15:14:46 (45,0 MB/s) - ‘costruisciearreda-static/costruisciearreda.it/wp-content/uploads/2024/06/CAMERA-MATRIMONIALE-1.jpeg’ salvato [183164/183164]

--2026-09-01 15:14:46--  https://costruisciearreda.it/wp-content/uploads/2024/06/CAMERETTA-BOY-1.jpeg
Riutilizzo della connessione esistente a costruisciearreda.it:443.
Richiesta HTTP inviata, in attesa di risposta... 200 OK
Lunghezza: 90349 (88K) [image/jpeg]
Salvataggio in: ‘costruisciearreda-static/costruisciearreda.it/wp-content/uploads/2024/06/CAMERETTA-BOY-1.jpeg’

     0K .......... .......... .......... .......... .......... 56%  564M 0s
    50K .......... .......... .......... ........             100% 27,1M=0,001s

2026-09-01 15:14:46 (58,9 MB/s) - ‘costruisciearreda-static/costruisciearreda.it/wp-content/uploads/2024/06/CAMERETTA-BOY-1.jpeg’ salvato [90349/90349]

--2026-09-01 15:14:46--  https://costruisciearreda.it/wp-content/uploads/2024/06/DISIMPEGNO-1.jpeg
Riutilizzo della connessione esistente a costruisciearreda.it:443.
Richiesta HTTP inviata, in attesa di risposta... 200 OK
Lunghezza: 75701 (74K) [image/jpeg]
Salvataggio in: ‘costruisciearreda-static/costruisciearreda.it/wp-content/uploads/2024/06/DISIMPEGNO-1.jpeg’

     0K .......... .......... .......... .......... .......... 67% 5,67M 0s
    50K .......... .......... ...                             100%  601M=0,009s

2026-09-01 15:14:46 (8,35 MB/s) - ‘costruisciearreda-static/costruisciearreda.it/wp-content/uploads/2024/06/DISIMPEGNO-1.jpeg’ salvato [75701/75701]

--2026-09-01 15:14:46--  https://costruisciearreda.it/wp-content/uploads/2024/06/GIARDINO-2.jpeg
Riutilizzo della connessione esistente a costruisciearreda.it:443.
Richiesta HTTP inviata, in attesa di risposta... 200 OK
Lunghezza: 268044 (262K) [image/jpeg]
Salvataggio in: ‘costruisciearreda-static/costruisciearreda.it/wp-content/uploads/2024/06/GIARDINO-2.jpeg’

     0K .......... .......... .......... .......... .......... 19%  576M 0s
    50K .......... .......... .......... .......... .......... 38% 16,1M 0s
   100K .......... .......... .......... .......... .......... 57% 16,9M 0s
   150K .......... .......... .......... .......... .......... 76% 37,5M 0s
   200K .......... .......... .......... .......... .......... 95%  383M 0s
   250K .......... .                                          100%  469M=0,007s

2026-09-01 15:14:46 (34,3 MB/s) - ‘costruisciearreda-static/costruisciearreda.it/wp-content/uploads/2024/06/GIARDINO-2.jpeg’ salvato [268044/268044]

--2026-09-01 15:14:46--  https://costruisciearreda.it/wp-content/uploads/2024/06/INGRESSO-CASA-1.jpeg
Riutilizzo della connessione esistente a costruisciearreda.it:443.
Richiesta HTTP inviata, in attesa di risposta... 200 OK
Lunghezza: 168703 (165K) [image/jpeg]
Salvataggio in: ‘costruisciearreda-static/costruisciearreda.it/wp-content/uploads/2024/06/INGRESSO-CASA-1.jpeg’

     0K .......... .......... .......... .......... .......... 30%  581M 0s
    50K .......... .......... .......... .......... .......... 60% 26,1M 0s
   100K .......... .......... .......... .......... .......... 91% 19,2M 0s
   150K .......... ....                                       100%  624M=0,005s

2026-09-01 15:14:46 (35,5 MB/s) - ‘costruisciearreda-static/costruisciearreda.it/wp-content/uploads/2024/06/INGRESSO-CASA-1.jpeg’ salvato [168703/168703]

--2026-09-01 15:14:46--  https://costruisciearreda.it/wp-content/uploads/2024/06/INKIOSTRO-BIANCO-1.jpeg
Riutilizzo della connessione esistente a costruisciearreda.it:443.
Richiesta HTTP inviata, in attesa di risposta... 200 OK
Lunghezza: 170903 (167K) [image/jpeg]
Salvataggio in: ‘costruisciearreda-static/costruisciearreda.it/wp-content/uploads/2024/06/INKIOSTRO-BIANCO-1.jpeg’

     0K .......... .......... .......... .......... .......... 29%  435M 0s
    50K .......... .......... .......... .......... .......... 59% 30,6M 0s
   100K .......... .......... .......... .......... .......... 89% 50,9M 0s
   150K .......... ......                                     100%  476M=0,003s

2026-09-01 15:14:46 (60,4 MB/s) - ‘costruisciearreda-static/costruisciearreda.it/wp-content/uploads/2024/06/INKIOSTRO-BIANCO-1.jpeg’ salvato [170903/170903]

--2026-09-01 15:14:46--  https://costruisciearreda.it/wp-content/uploads/2024/06/LASTRA-ATLAS-1.jpeg
Riutilizzo della connessione esistente a costruisciearreda.it:443.
Richiesta HTTP inviata, in attesa di risposta... 200 OK
Lunghezza: 306853 (300K) [image/jpeg]
Salvataggio in: ‘costruisciearreda-static/costruisciearreda.it/wp-content/uploads/2024/06/LASTRA-ATLAS-1.jpeg’

     0K .......... .......... .......... .......... .......... 16%  398M 0s
    50K .......... .......... .......... .......... .......... 33% 15,0M 0s
   100K .......... .......... .......... .......... .......... 50% 18,2M 0s
   150K .......... .......... .......... .......... .......... 66%  444M 0s
   200K .......... .......... .......... .......... .......... 83% 21,1M 0s
   250K .......... .......... .......... .......... ......... 100%  354M=0,009s

2026-09-01 15:14:46 (34,0 MB/s) - ‘costruisciearreda-static/costruisciearreda.it/wp-content/uploads/2024/06/LASTRA-ATLAS-1.jpeg’ salvato [306853/306853]

--2026-09-01 15:14:46--  https://costruisciearreda.it/wp-content/uploads/2024/06/LAVABO-IN-GRES-1.jpeg
Riutilizzo della connessione esistente a costruisciearreda.it:443.
Richiesta HTTP inviata, in attesa di risposta... 200 OK
Lunghezza: 369168 (361K) [image/jpeg]
Salvataggio in: ‘costruisciearreda-static/costruisciearreda.it/wp-content/uploads/2024/06/LAVABO-IN-GRES-1.jpeg’

     0K .......... .......... .......... .......... .......... 13%  345M 0s
    50K .......... .......... .......... .......... .......... 27% 20,2M 0s
   100K .......... .......... .......... .......... .......... 41% 16,8M 0s
   150K .......... .......... .......... .......... .......... 55%  528M 0s
   200K .......... .......... .......... .......... .......... 69% 10,3M 0s
   250K .......... .......... .......... .......... .......... 83%  514M 0s
   300K .......... .......... .......... .......... .......... 97% 3,16M 0s
   350K ..........                                            100%  338M=0,03s

2026-09-01 15:14:46 (13,6 MB/s) - ‘costruisciearreda-static/costruisciearreda.it/wp-content/uploads/2024/06/LAVABO-IN-GRES-1.jpeg’ salvato [369168/369168]

--2026-09-01 15:14:46--  https://costruisciearreda.it/wp-content/uploads/2024/06/MOBILE-ARTESI-1.jpeg
Riutilizzo della connessione esistente a costruisciearreda.it:443.
Richiesta HTTP inviata, in attesa di risposta... 200 OK
Lunghezza: 102551 (100K) [image/jpeg]
Salvataggio in: ‘costruisciearreda-static/costruisciearreda.it/wp-content/uploads/2024/06/MOBILE-ARTESI-1.jpeg’

     0K .......... .......... .......... .......... .......... 49%  563M 0s
    50K .......... .......... .......... .......... .......... 99% 26,9M 0s
   100K                                                       100%  281G=0,002s

2026-09-01 15:14:46 (51,3 MB/s) - ‘costruisciearreda-static/costruisciearreda.it/wp-content/uploads/2024/06/MOBILE-ARTESI-1.jpeg’ salvato [102551/102551]

--2026-09-01 15:14:46--  https://costruisciearreda.it/wp-content/uploads/2024/06/MOBILE-CAMERA-DA-LETTOu-1.jpeg
Riutilizzo della connessione esistente a costruisciearreda.it:443.
Richiesta HTTP inviata, in attesa di risposta... 200 OK
Lunghezza: 394972 (386K) [image/jpeg]
Salvataggio in: ‘costruisciearreda-static/costruisciearreda.it/wp-content/uploads/2024/06/MOBILE-CAMERA-DA-LETTOu-1.jpeg’

     0K .......... .......... .......... .......... .......... 12%  486M 0s
    50K .......... .......... .......... .......... .......... 25% 16,8M 0s
   100K .......... .......... .......... .......... .......... 38%  550M 0s
   150K .......... .......... .......... .......... .......... 51% 8,33M 0s
   200K .......... .......... .......... .......... .......... 64% 31,0M 0s
   250K .......... .......... .......... .......... .......... 77%  524M 0s
   300K .......... .......... .......... .......... .......... 90% 10,5M 0s
   350K .......... .......... .......... .....                100% 10,3M=0,02s

2026-09-01 15:14:46 (20,2 MB/s) - ‘costruisciearreda-static/costruisciearreda.it/wp-content/uploads/2024/06/MOBILE-CAMERA-DA-LETTOu-1.jpeg’ salvato [394972/394972]

--2026-09-01 15:14:46--  https://costruisciearreda.it/wp-content/uploads/2024/06/MOBILE-ROSA-1.jpeg
Riutilizzo della connessione esistente a costruisciearreda.it:443.
Richiesta HTTP inviata, in attesa di risposta... 200 OK
Lunghezza: 125858 (123K) [image/jpeg]
Salvataggio in: ‘costruisciearreda-static/costruisciearreda.it/wp-content/uploads/2024/06/MOBILE-ROSA-1.jpeg’

     0K .......... .......... .......... .......... .......... 40%  579M 0s
    50K .......... .......... .......... .......... .......... 81% 11,4M 0s
   100K .......... .......... ..                              100%  557M=0,004s

2026-09-01 15:14:46 (27,2 MB/s) - ‘costruisciearreda-static/costruisciearreda.it/wp-content/uploads/2024/06/MOBILE-ROSA-1.jpeg’ salvato [125858/125858]

--2026-09-01 15:14:46--  https://costruisciearreda.it/wp-content/uploads/2024/06/NICCHIA-BAGNO-1.jpeg
Riutilizzo della connessione esistente a costruisciearreda.it:443.
Richiesta HTTP inviata, in attesa di risposta... 200 OK
Lunghezza: 277671 (271K) [image/jpeg]
Salvataggio in: ‘costruisciearreda-static/costruisciearreda.it/wp-content/uploads/2024/06/NICCHIA-BAGNO-1.jpeg’

     0K .......... .......... .......... .......... .......... 18%  577M 0s
    50K .......... .......... .......... .......... .......... 36% 19,8M 0s
   100K .......... .......... .......... .......... .......... 55% 16,7M 0s
   150K .......... .......... .......... .......... .......... 73%  650M 0s
   200K .......... .......... .......... .......... .......... 92% 73,4M 0s
   250K .......... .......... .                               100%  607M=0,006s

2026-09-01 15:14:46 (42,3 MB/s) - ‘costruisciearreda-static/costruisciearreda.it/wp-content/uploads/2024/06/NICCHIA-BAGNO-1.jpeg’ salvato [277671/277671]

--2026-09-01 15:14:46--  https://costruisciearreda.it/wp-content/uploads/2024/06/PARATO-CAM-1.jpeg
Riutilizzo della connessione esistente a costruisciearreda.it:443.
Richiesta HTTP inviata, in attesa di risposta... 200 OK
Lunghezza: 335017 (327K) [image/jpeg]
Salvataggio in: ‘costruisciearreda-static/costruisciearreda.it/wp-content/uploads/2024/06/PARATO-CAM-1.jpeg’

     0K .......... .......... .......... .......... .......... 15%  508M 0s
    50K .......... .......... .......... .......... .......... 30%  645M 0s
   100K .......... .......... .......... .......... .......... 45% 21,0M 0s
   150K .......... .......... .......... .......... .......... 61% 12,9M 0s
   200K .......... .......... .......... .......... .......... 76%  425M 0s
   250K .......... .......... .......... .......... .......... 91%  728M 0s
   300K .......... .......... .......                         100%  795M=0,006s

2026-09-01 15:14:46 (49,2 MB/s) - ‘costruisciearreda-static/costruisciearreda.it/wp-content/uploads/2024/06/PARATO-CAM-1.jpeg’ salvato [335017/335017]

--2026-09-01 15:14:46--  https://costruisciearreda.it/wp-content/uploads/2024/06/POSTAZIONE-TRUCCO-1.jpeg
Riutilizzo della connessione esistente a costruisciearreda.it:443.
Richiesta HTTP inviata, in attesa di risposta... 200 OK
Lunghezza: 196822 (192K) [image/jpeg]
Salvataggio in: ‘costruisciearreda-static/costruisciearreda.it/wp-content/uploads/2024/06/POSTAZIONE-TRUCCO-1.jpeg’

     0K .......... .......... .......... .......... .......... 26%  490M 0s
    50K .......... .......... .......... .......... .......... 52% 9,04M 0s
   100K .......... .......... .......... .......... .......... 78%  443M 0s
   150K .......... .......... .......... .......... ..        100%  846M=0,006s

2026-09-01 15:14:46 (33,2 MB/s) - ‘costruisciearreda-static/costruisciearreda.it/wp-content/uploads/2024/06/POSTAZIONE-TRUCCO-1.jpeg’ salvato [196822/196822]

--2026-09-01 15:14:46--  https://costruisciearreda.it/wp-content/uploads/2024/06/SOFFITTO-BAGNO-ROSA-1.jpeg
Riutilizzo della connessione esistente a costruisciearreda.it:443.
Richiesta HTTP inviata, in attesa di risposta... 200 OK
Lunghezza: 101698 (99K) [image/jpeg]
Salvataggio in: ‘costruisciearreda-static/costruisciearreda.it/wp-content/uploads/2024/06/SOFFITTO-BAGNO-ROSA-1.jpeg’

     0K .......... .......... .......... .......... .......... 50%  455M 0s
    50K .......... .......... .......... .......... ......... 100%  732M=0s

2026-09-01 15:14:47 (560 MB/s) - ‘costruisciearreda-static/costruisciearreda.it/wp-content/uploads/2024/06/SOFFITTO-BAGNO-ROSA-1.jpeg’ salvato [101698/101698]

--2026-09-01 15:14:47--  https://costruisciearreda.it/wp-content/uploads/2024/06/VANO-ZONA-GIORNO-1.jpeg
Riutilizzo della connessione esistente a costruisciearreda.it:443.
Richiesta HTTP inviata, in attesa di risposta... 200 OK
Lunghezza: 163457 (160K) [image/jpeg]
Salvataggio in: ‘costruisciearreda-static/costruisciearreda.it/wp-content/uploads/2024/06/VANO-ZONA-GIORNO-1.jpeg’

     0K .......... .......... .......... .......... .......... 31%  531M 0s
    50K .......... .......... .......... .......... .......... 62% 20,4M 0s
   100K .......... .......... .......... .......... .......... 93%  136M 0s
   150K .........                                             100%  839M=0,003s

2026-09-01 15:14:47 (54,7 MB/s) - ‘costruisciearreda-static/costruisciearreda.it/wp-content/uploads/2024/06/VANO-ZONA-GIORNO-1.jpeg’ salvato [163457/163457]

--2026-09-01 15:14:47--  https://costruisciearreda.it/wp-content/uploads/2024/06/VETRATA-BIO-1.jpeg
Riutilizzo della connessione esistente a costruisciearreda.it:443.
Richiesta HTTP inviata, in attesa di risposta... 200 OK
Lunghezza: 158678 (155K) [image/jpeg]
Salvataggio in: ‘costruisciearreda-static/costruisciearreda.it/wp-content/uploads/2024/06/VETRATA-BIO-1.jpeg’

     0K .......... .......... .......... .......... .......... 32%  281M 0s
    50K .......... .......... .......... .......... .......... 64%  489M 0s
   100K .......... .......... .......... .......... .......... 96%  404M 0s
   150K ....                                                  100% 9,24T=0s

2026-09-01 15:14:47 (383 MB/s) - ‘costruisciearreda-static/costruisciearreda.it/wp-content/uploads/2024/06/VETRATA-BIO-1.jpeg’ salvato [158678/158678]

--2026-09-01 15:14:47--  https://costruisciearreda.it/wp-content/uploads/2024/06/VETRATE-1.jpeg
Riutilizzo della connessione esistente a costruisciearreda.it:443.
Richiesta HTTP inviata, in attesa di risposta... 200 OK
Lunghezza: 285205 (279K) [image/jpeg]
Salvataggio in: ‘costruisciearreda-static/costruisciearreda.it/wp-content/uploads/2024/06/VETRATE-1.jpeg’

     0K .......... .......... .......... .......... .......... 17%  537M 0s
    50K .......... .......... .......... .......... .......... 35%  731M 0s
   100K .......... .......... .......... .......... .......... 53%  699M 0s
   150K .......... .......... .......... .......... .......... 71% 23,2M 0s
   200K .......... .......... .......... .......... .......... 89%  657M 0s
   250K .......... .......... ........                        100% 49,2M=0,003s

2026-09-01 15:14:47 (91,6 MB/s) - ‘costruisciearreda-static/costruisciearreda.it/wp-content/uploads/2024/06/VETRATE-1.jpeg’ salvato [285205/285205]

--2026-09-01 15:14:47--  https://costruisciearreda.it/wp-content/uploads/2024/06/cameretta-maschio-1.jpg
Riutilizzo della connessione esistente a costruisciearreda.it:443.
Richiesta HTTP inviata, in attesa di risposta... 200 OK
Lunghezza: 109230 (107K) [image/jpeg]
Salvataggio in: ‘costruisciearreda-static/costruisciearreda.it/wp-content/uploads/2024/06/cameretta-maschio-1.jpg’

     0K .......... .......... .......... .......... .......... 46%  431M 0s
    50K .......... .......... .......... .......... .......... 93%  108M 0s
   100K ......                                                100%  539M=0,001s

2026-09-01 15:14:47 (180 MB/s) - ‘costruisciearreda-static/costruisciearreda.it/wp-content/uploads/2024/06/cameretta-maschio-1.jpg’ salvato [109230/109230]

--2026-09-01 15:14:47--  https://costruisciearreda.it/wp-content/uploads/2024/06/igienici-bagno-scuro-cielo-1.jpg
Riutilizzo della connessione esistente a costruisciearreda.it:443.
Richiesta HTTP inviata, in attesa di risposta... 200 OK
Lunghezza: 297621 (291K) [image/jpeg]
Salvataggio in: ‘costruisciearreda-static/costruisciearreda.it/wp-content/uploads/2024/06/igienici-bagno-scuro-cielo-1.jpg’

     0K .......... .......... .......... .......... .......... 17%  351M 0s
    50K .......... .......... .......... .......... .......... 34% 17,6M 0s
   100K .......... .......... .......... .......... .......... 51%  612M 0s
   150K .......... .......... .......... .......... .......... 68% 16,3M 0s
   200K .......... .......... .......... .......... .......... 86% 34,0M 0s
   250K .......... .......... .......... ..........           100%  694M=0,007s

2026-09-01 15:14:47 (38,0 MB/s) - ‘costruisciearreda-static/costruisciearreda.it/wp-content/uploads/2024/06/igienici-bagno-scuro-cielo-1.jpg’ salvato [297621/297621]

--2026-09-01 15:14:47--  https://costruisciearreda.it/author/admin/feed/
Riutilizzo della connessione esistente a costruisciearreda.it:443.
Richiesta HTTP inviata, in attesa di risposta... 200 OK
Lunghezza: non specificato [application/rss+xml]
Salvataggio in: ‘costruisciearreda-static/costruisciearreda.it/author/admin/feed/index.html’

     0K .......... .......... .......... .......... .......... 12,8M
    50K .                                                      2,56T=0,004s

2026-09-01 15:14:47 (13,1 MB/s) - ‘costruisciearreda-static/costruisciearreda.it/author/admin/feed/index.html’ salvato [52609]

--2026-09-01 15:14:47--  https://costruisciearreda.it/wp-json/wp/v2/users/1
Riutilizzo della connessione esistente a costruisciearreda.it:443.
Richiesta HTTP inviata, in attesa di risposta... 200 OK
Lunghezza: non specificato [application/json]
Salvataggio in: ‘costruisciearreda-static/costruisciearreda.it/wp-json/wp/v2/users/1’

     0K ......                                                 4,30G=0s

Intestazione Last-modified mancante -- marche temporali disattivate.
2026-09-01 15:14:47 (4,30 GB/s) - ‘costruisciearreda-static/costruisciearreda.it/wp-json/wp/v2/users/1’ salvato [7043]

--2026-09-01 15:14:47--  https://costruisciearreda.it/gres-costruisciearreda-consigli/feed/
Riutilizzo della connessione esistente a costruisciearreda.it:443.
Richiesta HTTP inviata, in attesa di risposta... 200 OK
Lunghezza: non specificato [application/rss+xml]
Salvataggio in: ‘costruisciearreda-static/costruisciearreda.it/gres-costruisciearreda-consigli/feed/index.html’

     0K                                                         458M=0s

2026-09-01 15:14:48 (458 MB/s) - ‘costruisciearreda-static/costruisciearreda.it/gres-costruisciearreda-consigli/feed/index.html’ salvato [871]

--2026-09-01 15:14:48--  https://costruisciearreda.it/wp-json/oembed/1.0/embed?url=https%3A%2F%2Fcostruisciearreda.it%2Fgres-costruisciearreda-consigli%2F
Riutilizzo della connessione esistente a costruisciearreda.it:443.
Richiesta HTTP inviata, in attesa di risposta... 200 OK
Lunghezza: non specificato [application/json]
Salvataggio in: ‘costruisciearreda-static/costruisciearreda.it/wp-json/oembed/1.0/embed?url=https:%2F%2Fcostruisciearreda.it%2Fgres-costruisciearreda-consigli%2F’

     0K ..                                                     1,83G=0s

Intestazione Last-modified mancante -- marche temporali disattivate.
2026-09-01 15:14:48 (1,83 GB/s) - ‘costruisciearreda-static/costruisciearreda.it/wp-json/oembed/1.0/embed?url=https:%2F%2Fcostruisciearreda.it%2Fgres-costruisciearreda-consigli%2F’ salvato [2674]

--2026-09-01 15:14:48--  https://costruisciearreda.it/wp-json/oembed/1.0/embed?url=https%3A%2F%2Fcostruisciearreda.it%2Fgres-costruisciearreda-consigli%2F&format=xml
Riutilizzo della connessione esistente a costruisciearreda.it:443.
Richiesta HTTP inviata, in attesa di risposta... 200 OK
Lunghezza: non specificato [text/xml]
Salvataggio in: ‘costruisciearreda-static/costruisciearreda.it/wp-json/oembed/1.0/embed?url=https:%2F%2Fcostruisciearreda.it%2Fgres-costruisciearreda-consigli%2F&format=xml’

     0K ..                                                     1,26G=0s

Intestazione Last-modified mancante -- marche temporali disattivate.
2026-09-01 15:14:49 (1,26 GB/s) - ‘costruisciearreda-static/costruisciearreda.it/wp-json/oembed/1.0/embed?url=https:%2F%2Fcostruisciearreda.it%2Fgres-costruisciearreda-consigli%2F&format=xml’ salvato [2874]

--2026-09-01 15:14:49--  https://costruisciearreda.it/wp-json/wp/v2/posts/4603
Riutilizzo della connessione esistente a costruisciearreda.it:443.
Richiesta HTTP inviata, in attesa di risposta... 200 OK
Lunghezza: non specificato [application/json]
Salvataggio in: ‘costruisciearreda-static/costruisciearreda.it/wp-json/wp/v2/posts/4603’

     0K .......... ..........                                  1,13M=0,02s

Intestazione Last-modified mancante -- marche temporali disattivate.
2026-09-01 15:14:49 (1,13 MB/s) - ‘costruisciearreda-static/costruisciearreda.it/wp-json/wp/v2/posts/4603’ salvato [21285]

--2026-09-01 15:14:49--  https://costruisciearreda.it/?p=4603
Riutilizzo della connessione esistente a costruisciearreda.it:443.
Richiesta HTTP inviata, in attesa di risposta... 301 Moved Permanently
Posizione: https://costruisciearreda.it/gres-costruisciearreda-consigli/ [segue]
--2026-09-01 15:14:49--  https://costruisciearreda.it/gres-costruisciearreda-consigli/
Riutilizzo della connessione esistente a costruisciearreda.it:443.
Richiesta HTTP inviata, in attesa di risposta... 200 OK
Lunghezza: non specificato [text/html]
Salvataggio in: ‘costruisciearreda-static/costruisciearreda.it/index.html?p=4603.html’

     0K .......... .......... .......... .......... .......... 1,29M
    50K .......... .......... ..........                        353M=0,04s

2026-09-01 15:14:49 (2,09 MB/s) - ‘costruisciearreda-static/costruisciearreda.it/index.html?p=4603.html’ salvato [82784]

--2026-09-01 15:14:49--  https://costruisciearreda.it/grande-novita-una-nuova-area-formativa-nel-nostro-store-di-via-argine/feed/
Riutilizzo della connessione esistente a costruisciearreda.it:443.
Richiesta HTTP inviata, in attesa di risposta... 200 OK
Lunghezza: non specificato [application/rss+xml]
Salvataggio in: ‘costruisciearreda-static/costruisciearreda.it/grande-novita-una-nuova-area-formativa-nel-nostro-store-di-via-argine/feed/index.html’

     0K                                                         451M=0s

2026-09-01 15:14:50 (451 MB/s) - ‘costruisciearreda-static/costruisciearreda.it/grande-novita-una-nuova-area-formativa-nel-nostro-store-di-via-argine/feed/index.html’ salvato [947]

--2026-09-01 15:14:50--  https://costruisciearreda.it/wp-json/oembed/1.0/embed?url=https%3A%2F%2Fcostruisciearreda.it%2Fgrande-novita-una-nuova-area-formativa-nel-nostro-store-di-via-argine%2F
Riutilizzo della connessione esistente a costruisciearreda.it:443.
Richiesta HTTP inviata, in attesa di risposta... 200 OK
Lunghezza: non specificato [application/json]
Salvataggio in: ‘costruisciearreda-static/costruisciearreda.it/wp-json/oembed/1.0/embed?url=https:%2F%2Fcostruisciearreda.it%2Fgrande-novita-una-nuova-area-formativa-nel-nostro-store-di-via-argine%2F’

     0K ...                                                    1,64G=0s

Intestazione Last-modified mancante -- marche temporali disattivate.
2026-09-01 15:14:50 (1,64 GB/s) - ‘costruisciearreda-static/costruisciearreda.it/wp-json/oembed/1.0/embed?url=https:%2F%2Fcostruisciearreda.it%2Fgrande-novita-una-nuova-area-formativa-nel-nostro-store-di-via-argine%2F’ salvato [3135]

--2026-09-01 15:14:50--  https://costruisciearreda.it/wp-json/oembed/1.0/embed?url=https%3A%2F%2Fcostruisciearreda.it%2Fgrande-novita-una-nuova-area-formativa-nel-nostro-store-di-via-argine%2F&format=xml
Riutilizzo della connessione esistente a costruisciearreda.it:443.
Richiesta HTTP inviata, in attesa di risposta... 200 OK
Lunghezza: non specificato [text/xml]
Salvataggio in: ‘costruisciearreda-static/costruisciearreda.it/wp-json/oembed/1.0/embed?url=https:%2F%2Fcostruisciearreda.it%2Fgrande-novita-una-nuova-area-formativa-nel-nostro-store-di-via-argine%2F&format=xml’

     0K ...                                                    2,06G=0s

Intestazione Last-modified mancante -- marche temporali disattivate.
2026-09-01 15:14:50 (2,06 GB/s) - ‘costruisciearreda-static/costruisciearreda.it/wp-json/oembed/1.0/embed?url=https:%2F%2Fcostruisciearreda.it%2Fgrande-novita-una-nuova-area-formativa-nel-nostro-store-di-via-argine%2F&format=xml’ salvato [3346]

--2026-09-01 15:14:50--  https://costruisciearreda.it/wp-json/wp/v2/posts/4065
Riutilizzo della connessione esistente a costruisciearreda.it:443.
Richiesta HTTP inviata, in attesa di risposta... 200 OK
Lunghezza: non specificato [application/json]
Salvataggio in: ‘costruisciearreda-static/costruisciearreda.it/wp-json/wp/v2/posts/4065’

     0K .......... .......                                      749K=0,02s

Intestazione Last-modified mancante -- marche temporali disattivate.
2026-09-01 15:14:51 (749 KB/s) - ‘costruisciearreda-static/costruisciearreda.it/wp-json/wp/v2/posts/4065’ salvato [17421]

--2026-09-01 15:14:51--  https://costruisciearreda.it/?p=4065
Riutilizzo della connessione esistente a costruisciearreda.it:443.
Richiesta HTTP inviata, in attesa di risposta... 301 Moved Permanently
Posizione: https://costruisciearreda.it/grande-novita-una-nuova-area-formativa-nel-nostro-store-di-via-argine/ [segue]
--2026-09-01 15:14:51--  https://costruisciearreda.it/grande-novita-una-nuova-area-formativa-nel-nostro-store-di-via-argine/
Riutilizzo della connessione esistente a costruisciearreda.it:443.
Richiesta HTTP inviata, in attesa di risposta... 200 OK
Lunghezza: non specificato [text/html]
Salvataggio in: ‘costruisciearreda-static/costruisciearreda.it/index.html?p=4065.html’

     0K .......... .......... .......... .......... .......... 1,31M
    50K .......... .......... ......                            681M=0,04s

2026-09-01 15:14:51 (2,00 MB/s) - ‘costruisciearreda-static/costruisciearreda.it/index.html?p=4065.html’ salvato [78314]

TERMINATO --2026-09-01 15:14:51--
Tempo totale: 2m 7s
Scaricati: 1012 file, 189M in 24s (7,89 MB/s)
Conversione collegamenti in costruisciearreda-static/costruisciearreda.it/services/consulenza-finiture/index.html... 151.
148-3
Conversione collegamenti in costruisciearreda-static/costruisciearreda.it/index.html?p=100.html... 191.
188-3
Conversione collegamenti in costruisciearreda-static/costruisciearreda.it/store/via-martiri-della-liberta-na/index.html... 290.
287-3
Conversione collegamenti in costruisciearreda-static/costruisciearreda.it/richiedi-preventivo/index.html... 168.
165-3
Conversione collegamenti in costruisciearreda-static/costruisciearreda.it/index.html?p=4618.html... 164.
161-3
Conversione collegamenti in costruisciearreda-static/costruisciearreda.it/index.html?p=1214.html... 287.
284-3
Conversione collegamenti in costruisciearreda-static/costruisciearreda.it/realizzazioni/wood-e-white/index.html... 162.
159-3
Conversione collegamenti in costruisciearreda-static/costruisciearreda.it/index.html?p=1213.html... 290.
287-3
Conversione collegamenti in costruisciearreda-static/costruisciearreda.it/services/rendering/index.html... 151.
148-3
Conversione collegamenti in costruisciearreda-static/costruisciearreda.it/store/via-martiri-della-liberta-nola-na/index.html... 260.
257-3
Conversione collegamenti in costruisciearreda-static/costruisciearreda.it/i-nostri-lavori/index.html... 156.
153-3
Conversione collegamenti in costruisciearreda-static/costruisciearreda.it/author/admin/index.html... 193.
190-3
Conversione collegamenti in costruisciearreda-static/costruisciearreda.it/category/ultime-news-e-articoli/index.html... 212.
209-3
Conversione collegamenti in costruisciearreda-static/costruisciearreda.it/index.html?p=4335.html... 162.
159-3
Conversione collegamenti in costruisciearreda-static/costruisciearreda.it/2024/11/17/index.html... 142.
139-3
Conversione collegamenti in costruisciearreda-static/costruisciearreda.it/type_stores/rivendita-edile/index.html... 232.
229-3
Conversione collegamenti in costruisciearreda-static/costruisciearreda.it/index.html?p=982.html... 151.
148-3
Conversione collegamenti in costruisciearreda-static/costruisciearreda.it/index.html?p=4615.html... 163.
160-3
Conversione collegamenti in costruisciearreda-static/costruisciearreda.it/2024/09/06/index.html... 143.
140-3
Conversione collegamenti in costruisciearreda-static/costruisciearreda.it/index.html?p=4078.html... 175.
172-3
Conversione collegamenti in costruisciearreda-static/costruisciearreda.it/dalla-progettazione-alla-realizzazione/index.html... 191.
188-3
Conversione collegamenti in costruisciearreda-static/costruisciearreda.it/index.html?p=981.html... 151.
148-3
Conversione collegamenti in costruisciearreda-static/costruisciearreda.it/corso-di-formazione-gestione-delle-grandi-lastre/index.html... 161.
158-3
Conversione collegamenti in costruisciearreda-static/costruisciearreda.it/index.html?p=4333.html... 162.
159-3
Conversione collegamenti in costruisciearreda-static/costruisciearreda.it/index.html?p=977.html... 151.
148-3
Conversione collegamenti in costruisciearreda-static/costruisciearreda.it/index.html?p=980.html... 151.
148-3
Conversione collegamenti in costruisciearreda-static/costruisciearreda.it/services/sopralluogo-e-rilievo/index.html... 151.
148-3
Conversione collegamenti in costruisciearreda-static/costruisciearreda.it/cookie-policy/index.html... 162.
159-3
Conversione collegamenti in costruisciearreda-static/costruisciearreda.it/index.html... 210.
207-3
Conversione collegamenti in costruisciearreda-static/costruisciearreda.it/contatti/index.html... 169.
166-3
Conversione collegamenti in costruisciearreda-static/costruisciearreda.it/privacy-policy/index.html... 162.
159-3
Conversione collegamenti in costruisciearreda-static/costruisciearreda.it/index.html?p=976.html... 151.
148-3
Conversione collegamenti in costruisciearreda-static/costruisciearreda.it/5-errori-da-evitare-nella-scelta-dei-materiali-per-ledilizia/index.html... 164.
161-3
Conversione collegamenti in costruisciearreda-static/costruisciearreda.it/index.html?p=979.html... 151.
148-3
Conversione collegamenti in costruisciearreda-static/costruisciearreda.it/index.html?p=1398.html... 156.
153-3
Conversione collegamenti in costruisciearreda-static/costruisciearreda.it/store/via-san-massimo-na/index.html... 287.
284-3
Conversione collegamenti in costruisciearreda-static/costruisciearreda.it/2024/12/04/index.html... 142.
139-3
Conversione collegamenti in costruisciearreda-static/costruisciearreda.it/il-nostro-team/index.html... 285.
282-3
Conversione collegamenti in costruisciearreda-static/costruisciearreda.it/index.html?p=975.html... 151.
148-3
Conversione collegamenti in costruisciearreda-static/costruisciearreda.it/index.html?p=978.html... 151.
148-3
Conversione collegamenti in costruisciearreda-static/costruisciearreda.it/come-scegliere-le-finiture-perfette-per-la-tua-casa/index.html... 165.
162-3
Conversione collegamenti in costruisciearreda-static/costruisciearreda.it/services/certificazioni/index.html... 151.
148-3
Conversione collegamenti in costruisciearreda-static/costruisciearreda.it/2024/10/06/index.html... 143.
140-3
Conversione collegamenti in costruisciearreda-static/costruisciearreda.it/2024/09/19/index.html... 140.
137-3
Conversione collegamenti in costruisciearreda-static/costruisciearreda.it/realizzazioni/soluzioni-per-la-famiglia/index.html... 177.
174-3
Conversione collegamenti in costruisciearreda-static/costruisciearreda.it/type_stores/progettazione-e-ristrutturazione-edile/index.html... 152.
149-3
Conversione collegamenti in costruisciearreda-static/costruisciearreda.it/index.html?p=4611.html... 164.
161-3
Conversione collegamenti in costruisciearreda-static/costruisciearreda.it/index.html?p=905.html... 191.
188-3
Conversione collegamenti in costruisciearreda-static/costruisciearreda.it/la-nostra-storia/index.html... 191.
188-3
Conversione collegamenti in costruisciearreda-static/costruisciearreda.it/grande-novita-una-nuova-area-formativa-nel-nostro-store-di-via-argine/index.html... 161.
158-3
Conversione collegamenti in costruisciearreda-static/costruisciearreda.it/realizzazioni/bar-tabacchi/index.html... 164.
161-3
Conversione collegamenti in costruisciearreda-static/costruisciearreda.it/index.html?p=4188.html... 164.
161-3
Conversione collegamenti in costruisciearreda-static/costruisciearreda.it/index.html?p=4073.html... 161.
158-3
Conversione collegamenti in costruisciearreda-static/costruisciearreda.it/wp-content/themes/costruisciarreda-child/images/favicon/site.webmanifest.html... niente da fare.
Conversione collegamenti in costruisciearreda-static/costruisciearreda.it/mobili-bagno-quale-scegliere-per-uno-spazio-funzionale-e-di-design/index.html... 164.
161-3
Conversione collegamenti in costruisciearreda-static/costruisciearreda.it/rivestimenti-con-pattern-stile-e-personalita-per-i-tuoi-spazi/index.html... 164.
161-3
Conversione collegamenti in costruisciearreda-static/costruisciearreda.it/category/ultime-news-e-articoli/index.html?e-page-089e813=2.html... 175.
172-3
Conversione collegamenti in costruisciearreda-static/costruisciearreda.it/lavora-con-noi/index.html... 173.
170-3
Conversione collegamenti in costruisciearreda-static/costruisciearreda.it/realizzazioni/appartamento-moderno-prima-e-dopo/index.html... 173.
170-3
Conversione collegamenti in costruisciearreda-static/costruisciearreda.it/2024/08/09/index.html... 140.
137-3
Conversione collegamenti in costruisciearreda-static/costruisciearreda.it/index.html?p=4208.html... 173.
170-3
Conversione collegamenti in costruisciearreda-static/costruisciearreda.it/index.html?p=4137.html... 166.
163-3
Conversione collegamenti in costruisciearreda-static/costruisciearreda.it/index.html?p=4605.html... 165.
162-3
Conversione collegamenti in costruisciearreda-static/costruisciearreda.it/cat_realizzazioni/render/index.html... 232.
229-3
Conversione collegamenti in costruisciearreda-static/costruisciearreda.it/services/direzione-lavori/index.html... 151.
148-3
Conversione collegamenti in costruisciearreda-static/costruisciearreda.it/index.html?p=107.html... 169.
166-3
Conversione collegamenti in costruisciearreda-static/costruisciearreda.it/index.html?p=4065.html... 161.
158-3
Conversione collegamenti in costruisciearreda-static/costruisciearreda.it/cat_realizzazioni/prima-dopo/index.html... 226.
223-3
Conversione collegamenti in costruisciearreda-static/costruisciearreda.it/index.html?p=106.html... 173.
170-3
Conversione collegamenti in costruisciearreda-static/costruisciearreda.it/perche-il-rendering-3d-e-essenziale-per-la-ristrutturazione-dei-tuoi-spazi/index.html... 163.
160-3
Conversione collegamenti in costruisciearreda-static/costruisciearreda.it/index.html?p=4603.html... 165.
162-3
Conversione collegamenti in costruisciearreda-static/costruisciearreda.it/realizzazioni/home-albe/index.html... 211.
208-3
Conversione collegamenti in costruisciearreda-static/costruisciearreda.it/index.html?p=4230.html... 177.
174-3
Conversione collegamenti in costruisciearreda-static/costruisciearreda.it/realizzazioni/green-house/index.html... 175.
172-3
Conversione collegamenti in costruisciearreda-static/costruisciearreda.it/gres-costruisciearreda-consigli/index.html... 165.
162-3
Conversione collegamenti in costruisciearreda-static/costruisciearreda.it/type_stores/ferramenta/index.html... 244.
241-3
Conversione collegamenti in costruisciearreda-static/costruisciearreda.it/cat_realizzazioni/progetti/index.html... 218.
215-3
Conversione collegamenti in costruisciearreda-static/costruisciearreda.it/realizzazioni/casa-prima-e-dopo/index.html... 166.
163-3
Conversione collegamenti in costruisciearreda-static/costruisciearreda.it/type_stores/showroom-cat/index.html... 301.
298-3
Conversione collegamenti in costruisciearreda-static/costruisciearreda.it/index.html?p=4599.html... 164.
161-3
Conversione collegamenti in costruisciearreda-static/costruisciearreda.it/index.html?p=1407.html... 211.
208-3
Conversione collegamenti in costruisciearreda-static/costruisciearreda.it/index.html?p=1524.html... 168.
165-3
Conversione collegamenti in costruisciearreda-static/costruisciearreda.it/index.html?p=3317.html... 260.
257-3
Conversione collegamenti in costruisciearreda-static/costruisciearreda.it/services/impianti/index.html... 151.
148-3
Conversione collegamenti in costruisciearreda-static/costruisciearreda.it/services/disbrigo-pratiche/index.html... 151.
148-3
Conversione collegamenti in costruisciearreda-static/costruisciearreda.it/index.html?p=102.html... 285.
282-3
Conversione collegamenti in costruisciearreda-static/costruisciearreda.it/2024/11/06/index.html... 143.
140-3
Conversione collegamenti in costruisciearreda-static/costruisciearreda.it/services/progetto/index.html... 151.
148-3
Conversione collegamenti in costruisciearreda-static/costruisciearreda.it/index.html?p=4155.html... 162.
159-3
Conversione collegamenti in costruisciearreda-static/costruisciearreda.it/type_stores/marchi/index.html... 562.
559-3
Conversione collegamenti in costruisciearreda-static/costruisciearreda.it/2024/12/23/index.html... 142.
139-3
Conversione collegamenti in costruisciearreda-static/costruisciearreda.it/wp-content/cache/wpo-minify/1788241814/assets/wpo-minify-header-14066b9f.min.css... 258.
258-0
Conversione collegamenti in costruisciearreda-static/costruisciearreda.it/wp-content/cache/wpo-minify/1788241814/assets/wpo-minify-header-123d6b9a.min.css... 258.
258-0
Conversione collegamenti in costruisciearreda-static/costruisciearreda.it/wp-content/cache/wpo-minify/1788241814/assets/wpo-minify-header-d86ab3a6.min.css... 354.
354-0
Conversione collegamenti in costruisciearreda-static/costruisciearreda.it/wp-content/cache/wpo-minify/1788241814/assets/wpo-minify-header-7c99876a.min.css... 349.
349-0
Conversione collegamenti in costruisciearreda-static/costruisciearreda.it/wp-content/cache/wpo-minify/1788241814/assets/wpo-minify-footer-c75e1950.min.css... niente da fare.
Conversione collegamenti in costruisciearreda-static/costruisciearreda.it/wp-content/cache/wpo-minify/1788241814/assets/wpo-minify-header-1c758f7a.min.css... 348.
348-0
Conversione collegamenti in costruisciearreda-static/costruisciearreda.it/wp-content/cache/wpo-minify/1788241814/assets/wpo-minify-header-024f8e79.min.css... 355.
355-0
Conversione collegamenti in costruisciearreda-static/costruisciearreda.it/wp-content/cache/wpo-minify/1788241814/assets/wpo-minify-header-0626a3db.min.css... 349.
349-0
Conversione collegamenti in costruisciearreda-static/costruisciearreda.it/wp-content/cache/wpo-minify/1788241814/assets/wpo-minify-header-af3dacce.min.css... 348.
348-0
Conversione collegamenti in costruisciearreda-static/costruisciearreda.it/wp-content/cache/wpo-minify/1788241814/assets/wpo-minify-header-871cb394.min.css... 348.
348-0
Conversione collegamenti in costruisciearreda-static/costruisciearreda.it/wp-content/cache/wpo-minify/1788241814/assets/wpo-minify-header-78db8761.min.css... 351.
351-0
Conversione collegamenti in costruisciearreda-static/costruisciearreda.it/wp-content/cache/wpo-minify/1788241814/assets/wpo-minify-header-a4a18fae.min.css... 352.
352-0
Conversione collegamenti in costruisciearreda-static/costruisciearreda.it/wp-content/cache/wpo-minify/1788241814/assets/wpo-minify-header-319fa386.min.css... 353.
353-0
Conversione collegamenti in costruisciearreda-static/costruisciearreda.it/wp-content/cache/wpo-minify/1788241814/assets/wpo-minify-header-7bfc876c.min.css... 351.
351-0
Conversione collegamenti in costruisciearreda-static/costruisciearreda.it/wp-content/cache/wpo-minify/1788241814/assets/wpo-minify-header-727e875f.min.css... 349.
349-0
Conversione collegamenti in costruisciearreda-static/costruisciearreda.it/wp-content/cache/wpo-minify/1788241814/assets/wpo-minify-header-5cbf98e8.min.css... 351.
351-0
Conversione collegamenti in costruisciearreda-static/costruisciearreda.it/wp-content/cache/wpo-minify/1788241814/assets/wpo-minify-header-91bd37d1.min.css... 33.
33-0
Conversione collegamenti in costruisciearreda-static/costruisciearreda.it/wp-content/cache/wpo-minify/1788241814/assets/wpo-minify-header-fd618733.min.css... 350.
350-0
Conversione collegamenti in costruisciearreda-static/costruisciearreda.it/wp-content/cache/wpo-minify/1788241814/assets/wpo-minify-header-72c29b87.min.css... 348.
348-0
Conversione collegamenti in costruisciearreda-static/costruisciearreda.it/wp-content/cache/wpo-minify/1788241814/assets/wpo-minify-header-e90db9a3.min.css... 348.
348-0
Conversione collegamenti in costruisciearreda-static/costruisciearreda.it/wp-content/cache/wpo-minify/1788241814/assets/wpo-minify-header-04afa94a.min.css... 348.
348-0
Conversione collegamenti in costruisciearreda-static/costruisciearreda.it/wp-content/cache/wpo-minify/1788241814/assets/wpo-minify-header-c52a98b7.min.css... 353.
353-0
Conversione collegamenti in costruisciearreda-static/costruisciearreda.it/wp-content/cache/wpo-minify/1788241814/assets/wpo-minify-header-fb2da3ce.min.css... 349.
349-0
Convertiti collegamenti in 114 file in 0,2 secondi.
